ISO-10303-21;
HEADER;
FILE_DESCRIPTION(('STEP AP242'),'1');
FILE_NAME('5055511020.stp','2025-01-27T19:44:08',('TraceParts'),('TraceParts S.A.'),'Spatial InterOp 3D',' ',' ');
FILE_SCHEMA(('AP242_MANAGED_MODEL_BASED_3D_ENGINEERING_MIM_LF  {1 0 10303 442 1 1 4}'));
ENDSEC;
DATA;
#1=PRODUCT_DEFINITION_CONTEXT('',#10,'design');
#2=APPLICATION_PROTOCOL_DEFINITION('INTERNATIONAL STANDARD','ap242_managed_model_based_3d_engineering',2014,#10);
#3=PRODUCT_CATEGORY_RELATIONSHIP('NONE','NONE',#11,#12);
#4=SHAPE_DEFINITION_REPRESENTATION(#13,#14);
#5=SHAPE_DEFINITION_REPRESENTATION(#13,#15);
#6= (GEOMETRIC_REPRESENTATION_CONTEXT(3)GLOBAL_UNCERTAINTY_ASSIGNED_CONTEXT((#18))GLOBAL_UNIT_ASSIGNED_CONTEXT((#20,#21,#22))REPRESENTATION_CONTEXT('NONE','WORKSPACE'));
#10=APPLICATION_CONTEXT('managed model based 3d engineering');
#11=PRODUCT_CATEGORY('part','NONE');
#12=PRODUCT_RELATED_PRODUCT_CATEGORY('detail',' ',(#24));
#13=PRODUCT_DEFINITION_SHAPE('NONE','NONE',#25);
#14=ADVANCED_BREP_SHAPE_REPRESENTATION('5055511020_1',(#26,#27),#6);
#15=GEOMETRICALLY_BOUNDED_SURFACE_SHAPE_REPRESENTATION('1',(#28,#29),#6);
#18=UNCERTAINTY_MEASURE_WITH_UNIT(LENGTH_MEASURE(1.0E-06),#20,'','');
#20= (CONVERSION_BASED_UNIT('MILLIMETRE',#32)LENGTH_UNIT()NAMED_UNIT(#35));
#21= (NAMED_UNIT(#37)PLANE_ANGLE_UNIT()SI_UNIT($,.RADIAN.));
#22= (NAMED_UNIT(#37)SOLID_ANGLE_UNIT()SI_UNIT($,.STERADIAN.));
#24=PRODUCT('5055511020_1','5055511020_1','PART-5055511020_1-DESC',(#43));
#25=PRODUCT_DEFINITION('','NONE',#44,#1);
#26=MANIFOLD_SOLID_BREP('5055511020_1',#45);
#27=AXIS2_PLACEMENT_3D('',#46,#47,#48);
#28=GEOMETRIC_SET('1',(#49,#50,#51,#52,#53,#54,#55,#56,#57,#58,#59,#60,#61,#62,#63,#64,#65,#66,#67,#68,#69,#70,#71,#72,#73,#74,#75,#76,#77,#78,#79,#80,#81,#82,#83,#84,#85,#86,#87,#88,#89,#90,#91,#92,#93,#94,#95,#96,#97,#98,#99,#100,#101,#102,#103,#104,#105));
#29=AXIS2_PLACEMENT_3D('',#106,#107,#108);
#32=LENGTH_MEASURE_WITH_UNIT(LENGTH_MEASURE(1.0),#109);
#35=DIMENSIONAL_EXPONENTS(1.0,0.0,0.0,0.0,0.0,0.0,0.0);
#37=DIMENSIONAL_EXPONENTS(0.0,0.0,0.0,0.0,0.0,0.0,0.0);
#43=PRODUCT_CONTEXT('',#10,'mechanical');
#44=PRODUCT_DEFINITION_FORMATION_WITH_SPECIFIED_SOURCE(' ','NONE',#24,.NOT_KNOWN.);
#45=CLOSED_SHELL('',(#110,#111,#112,#113,#114,#115,#116,#117,#118,#119,#120,#121,#122,#123,#124,#125,#126,#127,#128,#129,#130,#131,#132,#133,#134,#135,#136,#137,#138,#139,#140,#141,#142,#143,#144,#145,#146,#147,#148,#149,#150,#151,#152,#153,#154,#155,#156,#157,#158,#159,#160,#161,#162,#163,#164,#165,#166,#167,#168,#169,#170,#171,#172,#173,#174,#175,#176,#177,#178,#179,#180,#181,#182,#183,#184,#185,#186,#187,#188,#189,#190,#191,#192,#193,#194,#195,#196,#197,#198,#199,#200,#201,#202,#203,#204,#205,#206,#207,#208,#209,#210,#211,#212,#213,#214,#215,#216,#217,#218,#219,#220,#221,#222,#223,#224,#225,#226,#227,#228,#229,#230,#231,#232,#233,#234,#235,#236,#237,#238,#239,#240,#241,#242,#243,#244,#245,#246,#247,#248,#249,#250,#251,#252,#253,#254,#255,#256,#257,#258,#259,#260,#261,#262,#263,#264,#265,#266,#267,#268,#269,#270,#271,#272,#273,#274,#275,#276,#277,#278,#279,#280,#281,#282,#283,#284,#285,#286,#287,#288,#289,#290,#291,#292,#293,#294,#295,#296,#297,#298,#299,#300,#301,#302,#303,#304,#305,#306,#307,#308,#309,#310,#311,#312,#313,#314,#315));
#46=CARTESIAN_POINT('',(0.0,0.0,0.0));
#47=DIRECTION('',(0.0,0.0,1.0));
#48=DIRECTION('',(1.0,0.0,0.0));
#49=COMPOSITE_CURVE('5055511020_2',(#316),.U.);
#50=COMPOSITE_CURVE('5055511020_3',(#317),.U.);
#51=COMPOSITE_CURVE('5055511020_4',(#318),.U.);
#52=COMPOSITE_CURVE('5055511020_5',(#319),.U.);
#53=COMPOSITE_CURVE('5055511020_6',(#320),.U.);
#54=COMPOSITE_CURVE('5055511020_7',(#321),.U.);
#55=COMPOSITE_CURVE('5055511020_8',(#322),.U.);
#56=COMPOSITE_CURVE('5055511020_9',(#323),.U.);
#57=COMPOSITE_CURVE('5055511020_10',(#324),.U.);
#58=COMPOSITE_CURVE('5055511020_11',(#325),.U.);
#59=COMPOSITE_CURVE('5055511020_12',(#326),.U.);
#60=COMPOSITE_CURVE('5055511020_13',(#327),.U.);
#61=COMPOSITE_CURVE('5055511020_14',(#328),.U.);
#62=COMPOSITE_CURVE('5055511020_15',(#329),.U.);
#63=COMPOSITE_CURVE('5055511020_16',(#330),.U.);
#64=COMPOSITE_CURVE('5055511020_17',(#331),.U.);
#65=COMPOSITE_CURVE('5055511020_18',(#332),.U.);
#66=COMPOSITE_CURVE('5055511020_19',(#333),.U.);
#67=COMPOSITE_CURVE('5055511020_20',(#334),.U.);
#68=COMPOSITE_CURVE('5055511020_21',(#335),.U.);
#69=COMPOSITE_CURVE('5055511020_22',(#336),.U.);
#70=COMPOSITE_CURVE('5055511020_23',(#337),.U.);
#71=COMPOSITE_CURVE('5055511020_24',(#338),.U.);
#72=COMPOSITE_CURVE('5055511020_25',(#339),.U.);
#73=COMPOSITE_CURVE('5055511020_26',(#340),.U.);
#74=COMPOSITE_CURVE('5055511020_27',(#341),.U.);
#75=COMPOSITE_CURVE('5055511020_28',(#342),.U.);
#76=COMPOSITE_CURVE('5055511020_29',(#343),.U.);
#77=COMPOSITE_CURVE('5055511020_30',(#344),.U.);
#78=COMPOSITE_CURVE('5055511020_31',(#345),.U.);
#79=COMPOSITE_CURVE('5055511020_32',(#346),.U.);
#80=COMPOSITE_CURVE('5055511020_33',(#347),.U.);
#81=COMPOSITE_CURVE('5055511020_34',(#348),.U.);
#82=COMPOSITE_CURVE('5055511020_35',(#349),.U.);
#83=COMPOSITE_CURVE('5055511020_36',(#350),.U.);
#84=COMPOSITE_CURVE('5055511020_37',(#351),.U.);
#85=COMPOSITE_CURVE('5055511020_38',(#352),.U.);
#86=COMPOSITE_CURVE('5055511020_39',(#353),.U.);
#87=COMPOSITE_CURVE('5055511020_40',(#354),.U.);
#88=COMPOSITE_CURVE('5055511020_41',(#355),.U.);
#89=COMPOSITE_CURVE('5055511020_42',(#356),.U.);
#90=COMPOSITE_CURVE('5055511020_43',(#357),.U.);
#91=COMPOSITE_CURVE('5055511020_44',(#358),.U.);
#92=COMPOSITE_CURVE('5055511020_45',(#359),.U.);
#93=COMPOSITE_CURVE('5055511020_46',(#360),.U.);
#94=COMPOSITE_CURVE('5055511020_47',(#361),.U.);
#95=COMPOSITE_CURVE('5055511020_48',(#362),.U.);
#96=COMPOSITE_CURVE('5055511020_49',(#363),.U.);
#97=COMPOSITE_CURVE('5055511020_50',(#364),.U.);
#98=COMPOSITE_CURVE('5055511020_51',(#365),.U.);
#99=COMPOSITE_CURVE('5055511020_52',(#366),.U.);
#100=COMPOSITE_CURVE('5055511020_53',(#367),.U.);
#101=COMPOSITE_CURVE('5055511020_54',(#368),.U.);
#102=COMPOSITE_CURVE('5055511020_55',(#369),.U.);
#103=COMPOSITE_CURVE('5055511020_56',(#370),.U.);
#104=COMPOSITE_CURVE('5055511020_57',(#371),.U.);
#105=COMPOSITE_CURVE('5055511020_58',(#372),.U.);
#106=CARTESIAN_POINT('',(0.0,0.0,0.0));
#107=DIRECTION('',(0.0,0.0,1.0));
#108=DIRECTION('',(1.0,0.0,0.0));
#109= (NAMED_UNIT(#35)LENGTH_UNIT()SI_UNIT(.MILLI.,.METRE.));
#110=ADVANCED_FACE('',(#374),#375,.F.);
#111=ADVANCED_FACE('',(#376),#377,.F.);
#112=ADVANCED_FACE('',(#378),#379,.F.);
#113=ADVANCED_FACE('',(#380),#381,.F.);
#114=ADVANCED_FACE('',(#382),#383,.F.);
#115=ADVANCED_FACE('',(#384),#385,.F.);
#116=ADVANCED_FACE('',(#386),#387,.F.);
#117=ADVANCED_FACE('',(#388),#389,.T.);
#118=ADVANCED_FACE('',(#390),#391,.T.);
#119=ADVANCED_FACE('',(#392),#393,.F.);
#120=ADVANCED_FACE('',(#394),#395,.F.);
#121=ADVANCED_FACE('',(#396),#397,.F.);
#122=ADVANCED_FACE('',(#398),#399,.F.);
#123=ADVANCED_FACE('',(#400),#401,.F.);
#124=ADVANCED_FACE('',(#402),#403,.F.);
#125=ADVANCED_FACE('',(#404),#405,.F.);
#126=ADVANCED_FACE('',(#406,#407),#408,.F.);
#127=ADVANCED_FACE('',(#409,#410),#411,.F.);
#128=ADVANCED_FACE('',(#412,#413),#414,.F.);
#129=ADVANCED_FACE('',(#415,#416),#417,.F.);
#130=ADVANCED_FACE('',(#418),#419,.F.);
#131=ADVANCED_FACE('',(#420),#421,.T.);
#132=ADVANCED_FACE('',(#422),#423,.T.);
#133=ADVANCED_FACE('',(#424),#425,.T.);
#134=ADVANCED_FACE('',(#426),#427,.F.);
#135=ADVANCED_FACE('',(#428),#429,.F.);
#136=ADVANCED_FACE('',(#430),#431,.F.);
#137=ADVANCED_FACE('',(#432),#433,.F.);
#138=ADVANCED_FACE('',(#434),#435,.F.);
#139=ADVANCED_FACE('',(#436),#437,.F.);
#140=ADVANCED_FACE('',(#438),#439,.F.);
#141=ADVANCED_FACE('',(#440),#441,.T.);
#142=ADVANCED_FACE('',(#442),#443,.F.);
#143=ADVANCED_FACE('',(#444),#445,.F.);
#144=ADVANCED_FACE('',(#446),#447,.T.);
#145=ADVANCED_FACE('',(#448),#449,.T.);
#146=ADVANCED_FACE('',(#450),#451,.T.);
#147=ADVANCED_FACE('',(#452),#453,.T.);
#148=ADVANCED_FACE('',(#454),#455,.T.);
#149=ADVANCED_FACE('',(#456),#457,.F.);
#150=ADVANCED_FACE('',(#458),#459,.F.);
#151=ADVANCED_FACE('',(#460),#461,.F.);
#152=ADVANCED_FACE('',(#462),#463,.F.);
#153=ADVANCED_FACE('',(#464),#465,.F.);
#154=ADVANCED_FACE('',(#466),#467,.F.);
#155=ADVANCED_FACE('',(#468),#469,.T.);
#156=ADVANCED_FACE('',(#470),#471,.T.);
#157=ADVANCED_FACE('',(#472),#473,.T.);
#158=ADVANCED_FACE('',(#474),#475,.F.);
#159=ADVANCED_FACE('',(#476),#477,.F.);
#160=ADVANCED_FACE('',(#478),#479,.T.);
#161=ADVANCED_FACE('',(#480),#481,.T.);
#162=ADVANCED_FACE('',(#482),#483,.T.);
#163=ADVANCED_FACE('',(#484),#485,.T.);
#164=ADVANCED_FACE('',(#486),#487,.T.);
#165=ADVANCED_FACE('',(#488),#489,.T.);
#166=ADVANCED_FACE('',(#490),#491,.T.);
#167=ADVANCED_FACE('',(#492),#493,.T.);
#168=ADVANCED_FACE('',(#494),#495,.T.);
#169=ADVANCED_FACE('',(#496),#497,.T.);
#170=ADVANCED_FACE('',(#498),#499,.T.);
#171=ADVANCED_FACE('',(#500),#501,.F.);
#172=ADVANCED_FACE('',(#502),#503,.F.);
#173=ADVANCED_FACE('',(#504),#505,.T.);
#174=ADVANCED_FACE('',(#506),#507,.T.);
#175=ADVANCED_FACE('',(#508),#509,.T.);
#176=ADVANCED_FACE('',(#510),#511,.T.);
#177=ADVANCED_FACE('',(#512),#513,.T.);
#178=ADVANCED_FACE('',(#514),#515,.T.);
#179=ADVANCED_FACE('',(#516),#517,.T.);
#180=ADVANCED_FACE('',(#518),#519,.T.);
#181=ADVANCED_FACE('',(#520),#521,.T.);
#182=ADVANCED_FACE('',(#522),#523,.T.);
#183=ADVANCED_FACE('',(#524),#525,.T.);
#184=ADVANCED_FACE('',(#526),#527,.T.);
#185=ADVANCED_FACE('',(#528),#529,.T.);
#186=ADVANCED_FACE('',(#530),#531,.T.);
#187=ADVANCED_FACE('',(#532),#533,.T.);
#188=ADVANCED_FACE('',(#534),#535,.F.);
#189=ADVANCED_FACE('',(#536),#537,.F.);
#190=ADVANCED_FACE('',(#538),#539,.T.);
#191=ADVANCED_FACE('',(#540),#541,.T.);
#192=ADVANCED_FACE('',(#542),#543,.T.);
#193=ADVANCED_FACE('',(#544),#545,.T.);
#194=ADVANCED_FACE('',(#546),#547,.T.);
#195=ADVANCED_FACE('',(#548),#549,.T.);
#196=ADVANCED_FACE('',(#550),#551,.T.);
#197=ADVANCED_FACE('',(#552),#553,.T.);
#198=ADVANCED_FACE('',(#554),#555,.T.);
#199=ADVANCED_FACE('',(#556),#557,.T.);
#200=ADVANCED_FACE('',(#558),#559,.T.);
#201=ADVANCED_FACE('',(#560),#561,.T.);
#202=ADVANCED_FACE('',(#562),#563,.T.);
#203=ADVANCED_FACE('',(#564),#565,.T.);
#204=ADVANCED_FACE('',(#566),#567,.F.);
#205=ADVANCED_FACE('',(#568),#569,.F.);
#206=ADVANCED_FACE('',(#570),#571,.T.);
#207=ADVANCED_FACE('',(#572),#573,.T.);
#208=ADVANCED_FACE('',(#574),#575,.T.);
#209=ADVANCED_FACE('',(#576),#577,.T.);
#210=ADVANCED_FACE('',(#578),#579,.T.);
#211=ADVANCED_FACE('',(#580),#581,.T.);
#212=ADVANCED_FACE('',(#582),#583,.T.);
#213=ADVANCED_FACE('',(#584),#585,.T.);
#214=ADVANCED_FACE('',(#586),#587,.T.);
#215=ADVANCED_FACE('',(#588),#589,.T.);
#216=ADVANCED_FACE('',(#590),#591,.T.);
#217=ADVANCED_FACE('',(#592),#593,.F.);
#218=ADVANCED_FACE('',(#594),#595,.T.);
#219=ADVANCED_FACE('',(#596),#597,.T.);
#220=ADVANCED_FACE('',(#598),#599,.T.);
#221=ADVANCED_FACE('',(#600),#601,.T.);
#222=ADVANCED_FACE('',(#602),#603,.T.);
#223=ADVANCED_FACE('',(#604),#605,.F.);
#224=ADVANCED_FACE('',(#606,#607),#608,.T.);
#225=ADVANCED_FACE('',(#609),#610,.T.);
#226=ADVANCED_FACE('',(#611),#612,.T.);
#227=ADVANCED_FACE('',(#613),#614,.T.);
#228=ADVANCED_FACE('',(#615),#616,.T.);
#229=ADVANCED_FACE('',(#617),#618,.T.);
#230=ADVANCED_FACE('',(#619),#620,.T.);
#231=ADVANCED_FACE('',(#621),#622,.T.);
#232=ADVANCED_FACE('',(#623),#624,.T.);
#233=ADVANCED_FACE('',(#625),#626,.F.);
#234=ADVANCED_FACE('',(#627),#628,.F.);
#235=ADVANCED_FACE('',(#629),#630,.F.);
#236=ADVANCED_FACE('',(#631),#632,.F.);
#237=ADVANCED_FACE('',(#633),#634,.F.);
#238=ADVANCED_FACE('',(#635),#636,.F.);
#239=ADVANCED_FACE('',(#637),#638,.F.);
#240=ADVANCED_FACE('',(#639),#640,.F.);
#241=ADVANCED_FACE('',(#641),#642,.F.);
#242=ADVANCED_FACE('',(#643),#644,.T.);
#243=ADVANCED_FACE('',(#645),#646,.T.);
#244=ADVANCED_FACE('',(#647),#648,.F.);
#245=ADVANCED_FACE('',(#649),#650,.T.);
#246=ADVANCED_FACE('',(#651),#652,.F.);
#247=ADVANCED_FACE('',(#653),#654,.F.);
#248=ADVANCED_FACE('',(#655),#656,.F.);
#249=ADVANCED_FACE('',(#657),#658,.F.);
#250=ADVANCED_FACE('',(#659),#660,.T.);
#251=ADVANCED_FACE('',(#661),#662,.F.);
#252=ADVANCED_FACE('',(#663),#664,.T.);
#253=ADVANCED_FACE('',(#665),#666,.T.);
#254=ADVANCED_FACE('',(#667),#668,.T.);
#255=ADVANCED_FACE('',(#669),#670,.T.);
#256=ADVANCED_FACE('',(#671),#672,.F.);
#257=ADVANCED_FACE('',(#673),#674,.T.);
#258=ADVANCED_FACE('',(#675),#676,.F.);
#259=ADVANCED_FACE('',(#677),#678,.F.);
#260=ADVANCED_FACE('',(#679),#680,.T.);
#261=ADVANCED_FACE('',(#681),#682,.T.);
#262=ADVANCED_FACE('',(#683),#684,.T.);
#263=ADVANCED_FACE('',(#685),#686,.T.);
#264=ADVANCED_FACE('',(#687),#688,.T.);
#265=ADVANCED_FACE('',(#689),#690,.T.);
#266=ADVANCED_FACE('',(#691),#692,.F.);
#267=ADVANCED_FACE('',(#693),#694,.T.);
#268=ADVANCED_FACE('',(#695),#696,.F.);
#269=ADVANCED_FACE('',(#697),#698,.F.);
#270=ADVANCED_FACE('',(#699),#700,.T.);
#271=ADVANCED_FACE('',(#701),#702,.T.);
#272=ADVANCED_FACE('',(#703,#704),#705,.T.);
#273=ADVANCED_FACE('',(#706),#707,.T.);
#274=ADVANCED_FACE('',(#708),#709,.T.);
#275=ADVANCED_FACE('',(#710),#711,.T.);
#276=ADVANCED_FACE('',(#712),#713,.T.);
#277=ADVANCED_FACE('',(#714),#715,.T.);
#278=ADVANCED_FACE('',(#716),#717,.T.);
#279=ADVANCED_FACE('',(#718),#719,.T.);
#280=ADVANCED_FACE('',(#720),#721,.T.);
#281=ADVANCED_FACE('',(#722),#723,.T.);
#282=ADVANCED_FACE('',(#724),#725,.T.);
#283=ADVANCED_FACE('',(#726),#727,.T.);
#284=ADVANCED_FACE('',(#728),#729,.F.);
#285=ADVANCED_FACE('',(#730),#731,.F.);
#286=ADVANCED_FACE('',(#732),#733,.T.);
#287=ADVANCED_FACE('',(#734),#735,.T.);
#288=ADVANCED_FACE('',(#736),#737,.T.);
#289=ADVANCED_FACE('',(#738),#739,.T.);
#290=ADVANCED_FACE('',(#740),#741,.T.);
#291=ADVANCED_FACE('',(#742),#743,.T.);
#292=ADVANCED_FACE('',(#744),#745,.T.);
#293=ADVANCED_FACE('',(#746),#747,.T.);
#294=ADVANCED_FACE('',(#748),#749,.T.);
#295=ADVANCED_FACE('',(#750),#751,.T.);
#296=ADVANCED_FACE('',(#752),#753,.T.);
#297=ADVANCED_FACE('',(#754),#755,.T.);
#298=ADVANCED_FACE('',(#756),#757,.T.);
#299=ADVANCED_FACE('',(#758),#759,.T.);
#300=ADVANCED_FACE('',(#760),#761,.T.);
#301=ADVANCED_FACE('',(#762),#763,.T.);
#302=ADVANCED_FACE('',(#764),#765,.T.);
#303=ADVANCED_FACE('',(#766),#767,.F.);
#304=ADVANCED_FACE('',(#768),#769,.T.);
#305=ADVANCED_FACE('',(#770),#771,.F.);
#306=ADVANCED_FACE('',(#772),#773,.T.);
#307=ADVANCED_FACE('',(#774),#775,.F.);
#308=ADVANCED_FACE('',(#776),#777,.F.);
#309=ADVANCED_FACE('',(#778),#779,.F.);
#310=ADVANCED_FACE('',(#780),#781,.F.);
#311=ADVANCED_FACE('',(#782),#783,.T.);
#312=ADVANCED_FACE('',(#784),#785,.F.);
#313=ADVANCED_FACE('',(#786),#787,.T.);
#314=ADVANCED_FACE('',(#788),#789,.F.);
#315=ADVANCED_FACE('',(#790),#791,.T.);
#316=COMPOSITE_CURVE_SEGMENT(.CONTINUOUS.,.T.,#792);
#317=COMPOSITE_CURVE_SEGMENT(.CONTINUOUS.,.T.,#793);
#318=COMPOSITE_CURVE_SEGMENT(.CONTINUOUS.,.T.,#794);
#319=COMPOSITE_CURVE_SEGMENT(.CONTINUOUS.,.T.,#795);
#320=COMPOSITE_CURVE_SEGMENT(.CONTINUOUS.,.T.,#796);
#321=COMPOSITE_CURVE_SEGMENT(.CONTINUOUS.,.T.,#797);
#322=COMPOSITE_CURVE_SEGMENT(.CONTINUOUS.,.T.,#798);
#323=COMPOSITE_CURVE_SEGMENT(.CONTINUOUS.,.T.,#799);
#324=COMPOSITE_CURVE_SEGMENT(.CONTINUOUS.,.T.,#800);
#325=COMPOSITE_CURVE_SEGMENT(.CONTINUOUS.,.T.,#801);
#326=COMPOSITE_CURVE_SEGMENT(.CONTINUOUS.,.T.,#802);
#327=COMPOSITE_CURVE_SEGMENT(.CONTINUOUS.,.T.,#803);
#328=COMPOSITE_CURVE_SEGMENT(.CONTINUOUS.,.T.,#804);
#329=COMPOSITE_CURVE_SEGMENT(.CONTINUOUS.,.T.,#805);
#330=COMPOSITE_CURVE_SEGMENT(.CONTINUOUS.,.T.,#806);
#331=COMPOSITE_CURVE_SEGMENT(.CONTINUOUS.,.T.,#807);
#332=COMPOSITE_CURVE_SEGMENT(.CONTINUOUS.,.T.,#808);
#333=COMPOSITE_CURVE_SEGMENT(.CONTINUOUS.,.T.,#809);
#334=COMPOSITE_CURVE_SEGMENT(.CONTINUOUS.,.T.,#810);
#335=COMPOSITE_CURVE_SEGMENT(.CONTINUOUS.,.T.,#811);
#336=COMPOSITE_CURVE_SEGMENT(.CONTINUOUS.,.T.,#812);
#337=COMPOSITE_CURVE_SEGMENT(.CONTINUOUS.,.T.,#813);
#338=COMPOSITE_CURVE_SEGMENT(.CONTINUOUS.,.T.,#814);
#339=COMPOSITE_CURVE_SEGMENT(.CONTINUOUS.,.T.,#815);
#340=COMPOSITE_CURVE_SEGMENT(.CONTINUOUS.,.T.,#816);
#341=COMPOSITE_CURVE_SEGMENT(.CONTINUOUS.,.T.,#817);
#342=COMPOSITE_CURVE_SEGMENT(.CONTINUOUS.,.T.,#818);
#343=COMPOSITE_CURVE_SEGMENT(.CONTINUOUS.,.T.,#819);
#344=COMPOSITE_CURVE_SEGMENT(.CONTINUOUS.,.T.,#820);
#345=COMPOSITE_CURVE_SEGMENT(.CONTINUOUS.,.T.,#821);
#346=COMPOSITE_CURVE_SEGMENT(.CONTINUOUS.,.T.,#822);
#347=COMPOSITE_CURVE_SEGMENT(.CONTINUOUS.,.T.,#823);
#348=COMPOSITE_CURVE_SEGMENT(.CONTINUOUS.,.T.,#824);
#349=COMPOSITE_CURVE_SEGMENT(.CONTINUOUS.,.T.,#825);
#350=COMPOSITE_CURVE_SEGMENT(.CONTINUOUS.,.T.,#826);
#351=COMPOSITE_CURVE_SEGMENT(.CONTINUOUS.,.T.,#827);
#352=COMPOSITE_CURVE_SEGMENT(.CONTINUOUS.,.T.,#828);
#353=COMPOSITE_CURVE_SEGMENT(.CONTINUOUS.,.T.,#829);
#354=COMPOSITE_CURVE_SEGMENT(.CONTINUOUS.,.T.,#830);
#355=COMPOSITE_CURVE_SEGMENT(.CONTINUOUS.,.T.,#831);
#356=COMPOSITE_CURVE_SEGMENT(.CONTINUOUS.,.T.,#832);
#357=COMPOSITE_CURVE_SEGMENT(.CONTINUOUS.,.T.,#833);
#358=COMPOSITE_CURVE_SEGMENT(.CONTINUOUS.,.T.,#834);
#359=COMPOSITE_CURVE_SEGMENT(.CONTINUOUS.,.T.,#835);
#360=COMPOSITE_CURVE_SEGMENT(.CONTINUOUS.,.T.,#836);
#361=COMPOSITE_CURVE_SEGMENT(.CONTINUOUS.,.T.,#837);
#362=COMPOSITE_CURVE_SEGMENT(.CONTINUOUS.,.T.,#838);
#363=COMPOSITE_CURVE_SEGMENT(.CONTINUOUS.,.T.,#839);
#364=COMPOSITE_CURVE_SEGMENT(.CONTINUOUS.,.T.,#840);
#365=COMPOSITE_CURVE_SEGMENT(.CONTINUOUS.,.T.,#841);
#366=COMPOSITE_CURVE_SEGMENT(.CONTINUOUS.,.T.,#842);
#367=COMPOSITE_CURVE_SEGMENT(.CONTINUOUS.,.T.,#843);
#368=COMPOSITE_CURVE_SEGMENT(.CONTINUOUS.,.T.,#844);
#369=COMPOSITE_CURVE_SEGMENT(.CONTINUOUS.,.T.,#845);
#370=COMPOSITE_CURVE_SEGMENT(.CONTINUOUS.,.T.,#846);
#371=COMPOSITE_CURVE_SEGMENT(.CONTINUOUS.,.T.,#847);
#372=COMPOSITE_CURVE_SEGMENT(.CONTINUOUS.,.T.,#848);
#374=FACE_OUTER_BOUND('',#849,.T.);
#375=PLANE('',#850);
#376=FACE_OUTER_BOUND('',#851,.T.);
#377=PLANE('',#852);
#378=FACE_OUTER_BOUND('',#853,.T.);
#379=PLANE('',#854);
#380=FACE_OUTER_BOUND('',#855,.T.);
#381=PLANE('',#856);
#382=FACE_OUTER_BOUND('',#857,.T.);
#383=PLANE('',#858);
#384=FACE_OUTER_BOUND('',#859,.T.);
#385=PLANE('',#860);
#386=FACE_OUTER_BOUND('',#861,.T.);
#387=PLANE('',#862);
#388=FACE_OUTER_BOUND('',#863,.T.);
#389=PLANE('',#864);
#390=FACE_OUTER_BOUND('',#865,.T.);
#391=PLANE('',#866);
#392=FACE_OUTER_BOUND('',#867,.T.);
#393=PLANE('',#868);
#394=FACE_OUTER_BOUND('',#869,.T.);
#395=PLANE('',#870);
#396=FACE_OUTER_BOUND('',#871,.T.);
#397=PLANE('',#872);
#398=FACE_OUTER_BOUND('',#873,.T.);
#399=PLANE('',#874);
#400=FACE_OUTER_BOUND('',#875,.T.);
#401=PLANE('',#876);
#402=FACE_OUTER_BOUND('',#877,.T.);
#403=PLANE('',#878);
#404=FACE_OUTER_BOUND('',#879,.T.);
#405=PLANE('',#880);
#406=FACE_OUTER_BOUND('',#881,.T.);
#407=FACE_BOUND('',#882,.T.);
#408=PLANE('',#883);
#409=FACE_OUTER_BOUND('',#884,.T.);
#410=FACE_BOUND('',#885,.T.);
#411=PLANE('',#886);
#412=FACE_OUTER_BOUND('',#887,.T.);
#413=FACE_BOUND('',#888,.T.);
#414=PLANE('',#889);
#415=FACE_OUTER_BOUND('',#890,.T.);
#416=FACE_BOUND('',#891,.T.);
#417=PLANE('',#892);
#418=FACE_OUTER_BOUND('',#893,.T.);
#419=PLANE('',#894);
#420=FACE_OUTER_BOUND('',#895,.T.);
#421=PLANE('',#896);
#422=FACE_OUTER_BOUND('',#897,.T.);
#423=PLANE('',#898);
#424=FACE_OUTER_BOUND('',#899,.T.);
#425=PLANE('',#900);
#426=FACE_OUTER_BOUND('',#901,.T.);
#427=PLANE('',#902);
#428=FACE_OUTER_BOUND('',#903,.T.);
#429=PLANE('',#904);
#430=FACE_OUTER_BOUND('',#905,.T.);
#431=PLANE('',#906);
#432=FACE_OUTER_BOUND('',#907,.T.);
#433=PLANE('',#908);
#434=FACE_OUTER_BOUND('',#909,.T.);
#435=PLANE('',#910);
#436=FACE_OUTER_BOUND('',#911,.T.);
#437=PLANE('',#912);
#438=FACE_OUTER_BOUND('',#913,.T.);
#439=PLANE('',#914);
#440=FACE_OUTER_BOUND('',#915,.T.);
#441=PLANE('',#916);
#442=FACE_OUTER_BOUND('',#917,.T.);
#443=PLANE('',#918);
#444=FACE_OUTER_BOUND('',#919,.T.);
#445=PLANE('',#920);
#446=FACE_OUTER_BOUND('',#921,.T.);
#447=CYLINDRICAL_SURFACE('',#922,0.02);
#448=FACE_OUTER_BOUND('',#923,.T.);
#449=PLANE('',#924);
#450=FACE_OUTER_BOUND('',#925,.T.);
#451=PLANE('',#926);
#452=FACE_OUTER_BOUND('',#927,.T.);
#453=PLANE('',#928);
#454=FACE_OUTER_BOUND('',#929,.T.);
#455=CYLINDRICAL_SURFACE('',#930,0.02);
#456=FACE_OUTER_BOUND('',#931,.T.);
#457=PLANE('',#932);
#458=FACE_OUTER_BOUND('',#933,.T.);
#459=PLANE('',#934);
#460=FACE_OUTER_BOUND('',#935,.T.);
#461=PLANE('',#936);
#462=FACE_OUTER_BOUND('',#937,.T.);
#463=PLANE('',#938);
#464=FACE_OUTER_BOUND('',#939,.T.);
#465=PLANE('',#940);
#466=FACE_OUTER_BOUND('',#941,.T.);
#467=PLANE('',#942);
#468=FACE_OUTER_BOUND('',#943,.T.);
#469=PLANE('',#944);
#470=FACE_OUTER_BOUND('',#945,.T.);
#471=PLANE('',#946);
#472=FACE_OUTER_BOUND('',#947,.T.);
#473=PLANE('',#948);
#474=FACE_OUTER_BOUND('',#949,.T.);
#475=PLANE('',#950);
#476=FACE_OUTER_BOUND('',#951,.T.);
#477=PLANE('',#952);
#478=FACE_OUTER_BOUND('',#953,.T.);
#479=CYLINDRICAL_SURFACE('',#954,0.02);
#480=FACE_OUTER_BOUND('',#955,.T.);
#481=PLANE('',#956);
#482=FACE_OUTER_BOUND('',#957,.T.);
#483=PLANE('',#958);
#484=FACE_OUTER_BOUND('',#959,.T.);
#485=PLANE('',#960);
#486=FACE_OUTER_BOUND('',#961,.T.);
#487=CYLINDRICAL_SURFACE('',#962,0.02);
#488=FACE_OUTER_BOUND('',#963,.T.);
#489=PLANE('',#964);
#490=FACE_OUTER_BOUND('',#965,.T.);
#491=CYLINDRICAL_SURFACE('',#966,0.02);
#492=FACE_OUTER_BOUND('',#967,.T.);
#493=PLANE('',#968);
#494=FACE_OUTER_BOUND('',#969,.T.);
#495=PLANE('',#970);
#496=FACE_OUTER_BOUND('',#971,.T.);
#497=PLANE('',#972);
#498=FACE_OUTER_BOUND('',#973,.T.);
#499=CYLINDRICAL_SURFACE('',#974,0.02);
#500=FACE_OUTER_BOUND('',#975,.T.);
#501=PLANE('',#976);
#502=FACE_OUTER_BOUND('',#977,.T.);
#503=PLANE('',#978);
#504=FACE_OUTER_BOUND('',#979,.T.);
#505=CYLINDRICAL_SURFACE('',#980,0.02);
#506=FACE_OUTER_BOUND('',#981,.T.);
#507=PLANE('',#982);
#508=FACE_OUTER_BOUND('',#983,.T.);
#509=PLANE('',#984);
#510=FACE_OUTER_BOUND('',#985,.T.);
#511=PLANE('',#986);
#512=FACE_OUTER_BOUND('',#987,.T.);
#513=CYLINDRICAL_SURFACE('',#988,0.02);
#514=FACE_OUTER_BOUND('',#989,.T.);
#515=PLANE('',#990);
#516=FACE_OUTER_BOUND('',#991,.T.);
#517=PLANE('',#992);
#518=FACE_OUTER_BOUND('',#993,.T.);
#519=CYLINDRICAL_SURFACE('',#994,0.02);
#520=FACE_OUTER_BOUND('',#995,.T.);
#521=PLANE('',#996);
#522=FACE_OUTER_BOUND('',#997,.T.);
#523=PLANE('',#998);
#524=FACE_OUTER_BOUND('',#999,.T.);
#525=PLANE('',#1000);
#526=FACE_OUTER_BOUND('',#1001,.T.);
#527=CYLINDRICAL_SURFACE('',#1002,0.02);
#528=FACE_OUTER_BOUND('',#1003,.T.);
#529=PLANE('',#1004);
#530=FACE_OUTER_BOUND('',#1005,.T.);
#531=PLANE('',#1006);
#532=FACE_OUTER_BOUND('',#1007,.T.);
#533=PLANE('',#1008);
#534=FACE_OUTER_BOUND('',#1009,.T.);
#535=PLANE('',#1010);
#536=FACE_OUTER_BOUND('',#1011,.T.);
#537=PLANE('',#1012);
#538=FACE_OUTER_BOUND('',#1013,.T.);
#539=CYLINDRICAL_SURFACE('',#1014,0.02);
#540=FACE_OUTER_BOUND('',#1015,.T.);
#541=PLANE('',#1016);
#542=FACE_OUTER_BOUND('',#1017,.T.);
#543=PLANE('',#1018);
#544=FACE_OUTER_BOUND('',#1019,.T.);
#545=PLANE('',#1020);
#546=FACE_OUTER_BOUND('',#1021,.T.);
#547=CYLINDRICAL_SURFACE('',#1022,0.02);
#548=FACE_OUTER_BOUND('',#1023,.T.);
#549=PLANE('',#1024);
#550=FACE_OUTER_BOUND('',#1025,.T.);
#551=CYLINDRICAL_SURFACE('',#1026,0.02);
#552=FACE_OUTER_BOUND('',#1027,.T.);
#553=PLANE('',#1028);
#554=FACE_OUTER_BOUND('',#1029,.T.);
#555=PLANE('',#1030);
#556=FACE_OUTER_BOUND('',#1031,.T.);
#557=PLANE('',#1032);
#558=FACE_OUTER_BOUND('',#1033,.T.);
#559=CYLINDRICAL_SURFACE('',#1034,0.02);
#560=FACE_OUTER_BOUND('',#1035,.T.);
#561=PLANE('',#1036);
#562=FACE_OUTER_BOUND('',#1037,.T.);
#563=PLANE('',#1038);
#564=FACE_OUTER_BOUND('',#1039,.T.);
#565=PLANE('',#1040);
#566=FACE_OUTER_BOUND('',#1041,.T.);
#567=PLANE('',#1042);
#568=FACE_OUTER_BOUND('',#1043,.T.);
#569=PLANE('',#1044);
#570=FACE_OUTER_BOUND('',#1045,.T.);
#571=CYLINDRICAL_SURFACE('',#1046,0.02);
#572=FACE_OUTER_BOUND('',#1047,.T.);
#573=PLANE('',#1048);
#574=FACE_OUTER_BOUND('',#1049,.T.);
#575=PLANE('',#1050);
#576=FACE_OUTER_BOUND('',#1051,.T.);
#577=PLANE('',#1052);
#578=FACE_OUTER_BOUND('',#1053,.T.);
#579=CYLINDRICAL_SURFACE('',#1054,0.02);
#580=FACE_OUTER_BOUND('',#1055,.T.);
#581=PLANE('',#1056);
#582=FACE_OUTER_BOUND('',#1057,.T.);
#583=CYLINDRICAL_SURFACE('',#1058,0.02);
#584=FACE_OUTER_BOUND('',#1059,.T.);
#585=PLANE('',#1060);
#586=FACE_OUTER_BOUND('',#1061,.T.);
#587=PLANE('',#1062);
#588=FACE_OUTER_BOUND('',#1063,.T.);
#589=PLANE('',#1064);
#590=FACE_OUTER_BOUND('',#1065,.T.);
#591=CYLINDRICAL_SURFACE('',#1066,0.02);
#592=FACE_OUTER_BOUND('',#1067,.T.);
#593=PLANE('',#1068);
#594=FACE_OUTER_BOUND('',#1069,.T.);
#595=PLANE('',#1070);
#596=FACE_OUTER_BOUND('',#1071,.T.);
#597=PLANE('',#1072);
#598=FACE_OUTER_BOUND('',#1073,.T.);
#599=PLANE('',#1074);
#600=FACE_OUTER_BOUND('',#1075,.T.);
#601=CYLINDRICAL_SURFACE('',#1076,0.1);
#602=FACE_OUTER_BOUND('',#1077,.T.);
#603=PLANE('',#1078);
#604=FACE_OUTER_BOUND('',#1079,.T.);
#605=PLANE('',#1080);
#606=FACE_OUTER_BOUND('',#1081,.T.);
#607=FACE_BOUND('',#1082,.T.);
#608=PLANE('',#1083);
#609=FACE_OUTER_BOUND('',#1084,.T.);
#610=TOROIDAL_SURFACE('',#1085,0.24,0.12);
#611=FACE_OUTER_BOUND('',#1086,.T.);
#612=CYLINDRICAL_SURFACE('',#1087,0.12);
#613=FACE_OUTER_BOUND('',#1088,.T.);
#614=TOROIDAL_SURFACE('',#1089,0.24,0.12);
#615=FACE_OUTER_BOUND('',#1090,.T.);
#616=CYLINDRICAL_SURFACE('',#1091,0.12);
#617=FACE_OUTER_BOUND('',#1092,.T.);
#618=TOROIDAL_SURFACE('',#1093,0.24,0.12);
#619=FACE_OUTER_BOUND('',#1094,.T.);
#620=CYLINDRICAL_SURFACE('',#1095,0.12);
#621=FACE_OUTER_BOUND('',#1096,.T.);
#622=TOROIDAL_SURFACE('',#1097,0.24,0.12);
#623=FACE_OUTER_BOUND('',#1098,.T.);
#624=CYLINDRICAL_SURFACE('',#1099,0.12);
#625=FACE_OUTER_BOUND('',#1100,.T.);
#626=PLANE('',#1101);
#627=FACE_OUTER_BOUND('',#1102,.T.);
#628=CYLINDRICAL_SURFACE('',#1103,0.12);
#629=FACE_OUTER_BOUND('',#1104,.T.);
#630=PLANE('',#1105);
#631=FACE_OUTER_BOUND('',#1106,.T.);
#632=CYLINDRICAL_SURFACE('',#1107,0.12);
#633=FACE_OUTER_BOUND('',#1108,.T.);
#634=PLANE('',#1109);
#635=FACE_OUTER_BOUND('',#1110,.T.);
#636=CYLINDRICAL_SURFACE('',#1111,0.12);
#637=FACE_OUTER_BOUND('',#1112,.T.);
#638=PLANE('',#1113);
#639=FACE_OUTER_BOUND('',#1114,.T.);
#640=CYLINDRICAL_SURFACE('',#1115,0.12);
#641=FACE_OUTER_BOUND('',#1116,.T.);
#642=TOROIDAL_SURFACE('',#1117,0.09,0.03);
#643=FACE_OUTER_BOUND('',#1118,.T.);
#644=PLANE('',#1119);
#645=FACE_OUTER_BOUND('',#1120,.T.);
#646=PLANE('',#1121);
#647=FACE_OUTER_BOUND('',#1122,.T.);
#648=TOROIDAL_SURFACE('',#1123,0.09,0.03);
#649=FACE_OUTER_BOUND('',#1124,.T.);
#650=PLANE('',#1125);
#651=FACE_OUTER_BOUND('',#1126,.T.);
#652=TOROIDAL_SURFACE('',#1127,0.09,0.03);
#653=FACE_OUTER_BOUND('',#1128,.T.);
#654=CYLINDRICAL_SURFACE('',#1129,0.03);
#655=FACE_OUTER_BOUND('',#1130,.T.);
#656=TOROIDAL_SURFACE('',#1131,0.09,0.03);
#657=FACE_OUTER_BOUND('',#1132,.T.);
#658=CYLINDRICAL_SURFACE('',#1133,0.03);
#659=FACE_OUTER_BOUND('',#1134,.T.);
#660=PLANE('',#1135);
#661=FACE_OUTER_BOUND('',#1136,.T.);
#662=PLANE('',#1137);
#663=FACE_OUTER_BOUND('',#1138,.T.);
#664=PLANE('',#1139);
#665=FACE_OUTER_BOUND('',#1140,.T.);
#666=PLANE('',#1141);
#667=FACE_OUTER_BOUND('',#1142,.T.);
#668=CYLINDRICAL_SURFACE('',#1143,0.1);
#669=FACE_OUTER_BOUND('',#1144,.T.);
#670=PLANE('',#1145);
#671=FACE_OUTER_BOUND('',#1146,.T.);
#672=PLANE('',#1147);
#673=FACE_OUTER_BOUND('',#1148,.T.);
#674=CYLINDRICAL_SURFACE('',#1149,0.12);
#675=FACE_OUTER_BOUND('',#1150,.T.);
#676=PLANE('',#1151);
#677=FACE_OUTER_BOUND('',#1152,.T.);
#678=PLANE('',#1153);
#679=FACE_OUTER_BOUND('',#1154,.T.);
#680=CYLINDRICAL_SURFACE('',#1155,0.1);
#681=FACE_OUTER_BOUND('',#1156,.T.);
#682=PLANE('',#1157);
#683=FACE_OUTER_BOUND('',#1158,.T.);
#684=PLANE('',#1159);
#685=FACE_OUTER_BOUND('',#1160,.T.);
#686=CYLINDRICAL_SURFACE('',#1161,0.1);
#687=FACE_OUTER_BOUND('',#1162,.T.);
#688=PLANE('',#1163);
#689=FACE_OUTER_BOUND('',#1164,.T.);
#690=PLANE('',#1165);
#691=FACE_OUTER_BOUND('',#1166,.T.);
#692=PLANE('',#1167);
#693=FACE_OUTER_BOUND('',#1168,.T.);
#694=PLANE('',#1169);
#695=FACE_OUTER_BOUND('',#1170,.T.);
#696=PLANE('',#1171);
#697=FACE_OUTER_BOUND('',#1172,.T.);
#698=PLANE('',#1173);
#699=FACE_OUTER_BOUND('',#1174,.T.);
#700=CYLINDRICAL_SURFACE('',#1175,0.12);
#701=FACE_OUTER_BOUND('',#1176,.T.);
#702=PLANE('',#1177);
#703=FACE_OUTER_BOUND('',#1178,.T.);
#704=FACE_BOUND('',#1179,.T.);
#705=PLANE('',#1180);
#706=FACE_OUTER_BOUND('',#1181,.T.);
#707=PLANE('',#1182);
#708=FACE_OUTER_BOUND('',#1183,.T.);
#709=CYLINDRICAL_SURFACE('',#1184,0.15);
#710=FACE_OUTER_BOUND('',#1185,.T.);
#711=CYLINDRICAL_SURFACE('',#1186,0.15);
#712=FACE_OUTER_BOUND('',#1187,.T.);
#713=PLANE('',#1188);
#714=FACE_OUTER_BOUND('',#1189,.T.);
#715=PLANE('',#1190);
#716=FACE_OUTER_BOUND('',#1191,.T.);
#717=PLANE('',#1192);
#718=FACE_OUTER_BOUND('',#1193,.T.);
#719=CYLINDRICAL_SURFACE('',#1194,0.02);
#720=FACE_OUTER_BOUND('',#1195,.T.);
#721=PLANE('',#1196);
#722=FACE_OUTER_BOUND('',#1197,.T.);
#723=PLANE('',#1198);
#724=FACE_OUTER_BOUND('',#1199,.T.);
#725=PLANE('',#1200);
#726=FACE_OUTER_BOUND('',#1201,.T.);
#727=CYLINDRICAL_SURFACE('',#1202,0.02);
#728=FACE_OUTER_BOUND('',#1203,.T.);
#729=PLANE('',#1204);
#730=FACE_OUTER_BOUND('',#1205,.T.);
#731=PLANE('',#1206);
#732=FACE_OUTER_BOUND('',#1207,.T.);
#733=PLANE('',#1208);
#734=FACE_OUTER_BOUND('',#1209,.T.);
#735=PLANE('',#1210);
#736=FACE_OUTER_BOUND('',#1211,.T.);
#737=PLANE('',#1212);
#738=FACE_OUTER_BOUND('',#1213,.T.);
#739=CYLINDRICAL_SURFACE('',#1214,0.17);
#740=FACE_OUTER_BOUND('',#1215,.T.);
#741=PLANE('',#1216);
#742=FACE_OUTER_BOUND('',#1217,.T.);
#743=CYLINDRICAL_SURFACE('',#1218,0.05);
#744=FACE_OUTER_BOUND('',#1219,.T.);
#745=PLANE('',#1220);
#746=FACE_OUTER_BOUND('',#1221,.T.);
#747=CYLINDRICAL_SURFACE('',#1222,0.05);
#748=FACE_OUTER_BOUND('',#1223,.T.);
#749=CYLINDRICAL_SURFACE('',#1224,0.17);
#750=FACE_OUTER_BOUND('',#1225,.T.);
#751=PLANE('',#1226);
#752=FACE_OUTER_BOUND('',#1227,.T.);
#753=CYLINDRICAL_SURFACE('',#1228,0.05);
#754=FACE_OUTER_BOUND('',#1229,.T.);
#755=PLANE('',#1230);
#756=FACE_OUTER_BOUND('',#1231,.T.);
#757=CYLINDRICAL_SURFACE('',#1232,0.05);
#758=FACE_OUTER_BOUND('',#1233,.T.);
#759=PLANE('',#1234);
#760=FACE_OUTER_BOUND('',#1235,.T.);
#761=PLANE('',#1236);
#762=FACE_OUTER_BOUND('',#1237,.T.);
#763=PLANE('',#1238);
#764=FACE_OUTER_BOUND('',#1239,.T.);
#765=CYLINDRICAL_SURFACE('',#1240,0.17);
#766=FACE_OUTER_BOUND('',#1241,.T.);
#767=PLANE('',#1242);
#768=FACE_OUTER_BOUND('',#1243,.T.);
#769=CYLINDRICAL_SURFACE('',#1244,0.05);
#770=FACE_OUTER_BOUND('',#1245,.T.);
#771=PLANE('',#1246);
#772=FACE_OUTER_BOUND('',#1247,.T.);
#773=CYLINDRICAL_SURFACE('',#1248,0.05);
#774=FACE_OUTER_BOUND('',#1249,.T.);
#775=PLANE('',#1250);
#776=FACE_OUTER_BOUND('',#1251,.T.);
#777=PLANE('',#1252);
#778=FACE_OUTER_BOUND('',#1253,.T.);
#779=PLANE('',#1254);
#780=FACE_OUTER_BOUND('',#1255,.T.);
#781=PLANE('',#1256);
#782=FACE_OUTER_BOUND('',#1257,.T.);
#783=CYLINDRICAL_SURFACE('',#1258,0.05);
#784=FACE_OUTER_BOUND('',#1259,.T.);
#785=PLANE('',#1260);
#786=FACE_OUTER_BOUND('',#1261,.T.);
#787=CYLINDRICAL_SURFACE('',#1262,0.05);
#788=FACE_OUTER_BOUND('',#1263,.T.);
#789=PLANE('',#1264);
#790=FACE_OUTER_BOUND('',#1265,.T.);
#791=CYLINDRICAL_SURFACE('',#1266,0.17);
#792=TRIMMED_CURVE('',#1267,(PARAMETER_VALUE(0.0)),(PARAMETER_VALUE(1.0)),.T.,.UNSPECIFIED.);
#793=TRIMMED_CURVE('',#1268,(PARAMETER_VALUE(0.0)),(PARAMETER_VALUE(1.0)),.T.,.UNSPECIFIED.);
#794=TRIMMED_CURVE('',#1269,(PARAMETER_VALUE(0.0)),(PARAMETER_VALUE(1.0)),.T.,.UNSPECIFIED.);
#795=TRIMMED_CURVE('',#1270,(PARAMETER_VALUE(0.0)),(PARAMETER_VALUE(1.0)),.T.,.UNSPECIFIED.);
#796=TRIMMED_CURVE('',#1271,(PARAMETER_VALUE(0.0)),(PARAMETER_VALUE(1.0)),.T.,.UNSPECIFIED.);
#797=TRIMMED_CURVE('',#1272,(PARAMETER_VALUE(0.0)),(PARAMETER_VALUE(1.0)),.T.,.UNSPECIFIED.);
#798=TRIMMED_CURVE('',#1273,(PARAMETER_VALUE(0.0)),(PARAMETER_VALUE(1.0)),.T.,.UNSPECIFIED.);
#799=TRIMMED_CURVE('',#1274,(PARAMETER_VALUE(0.0)),(PARAMETER_VALUE(1.0)),.T.,.UNSPECIFIED.);
#800=TRIMMED_CURVE('',#1275,(PARAMETER_VALUE(0.0)),(PARAMETER_VALUE(1.0)),.T.,.UNSPECIFIED.);
#801=TRIMMED_CURVE('',#1276,(PARAMETER_VALUE(0.0)),(PARAMETER_VALUE(1.0)),.T.,.UNSPECIFIED.);
#802=TRIMMED_CURVE('',#1277,(PARAMETER_VALUE(0.0)),(PARAMETER_VALUE(1.0)),.T.,.UNSPECIFIED.);
#803=TRIMMED_CURVE('',#1278,(PARAMETER_VALUE(0.0)),(PARAMETER_VALUE(1.0)),.T.,.UNSPECIFIED.);
#804=TRIMMED_CURVE('',#1279,(PARAMETER_VALUE(0.0)),(PARAMETER_VALUE(1.0)),.T.,.UNSPECIFIED.);
#805=TRIMMED_CURVE('',#1280,(PARAMETER_VALUE(0.0)),(PARAMETER_VALUE(1.0)),.T.,.UNSPECIFIED.);
#806=TRIMMED_CURVE('',#1281,(PARAMETER_VALUE(0.0)),(PARAMETER_VALUE(1.0)),.T.,.UNSPECIFIED.);
#807=TRIMMED_CURVE('',#1282,(PARAMETER_VALUE(0.0)),(PARAMETER_VALUE(1.0)),.T.,.UNSPECIFIED.);
#808=TRIMMED_CURVE('',#1283,(PARAMETER_VALUE(0.0)),(PARAMETER_VALUE(1.0)),.T.,.UNSPECIFIED.);
#809=TRIMMED_CURVE('',#1284,(PARAMETER_VALUE(0.0)),(PARAMETER_VALUE(1.0)),.T.,.UNSPECIFIED.);
#810=TRIMMED_CURVE('',#1285,(PARAMETER_VALUE(0.0)),(PARAMETER_VALUE(1.0)),.T.,.UNSPECIFIED.);
#811=TRIMMED_CURVE('',#1286,(PARAMETER_VALUE(0.0)),(PARAMETER_VALUE(1.0)),.T.,.UNSPECIFIED.);
#812=TRIMMED_CURVE('',#1287,(PARAMETER_VALUE(0.0)),(PARAMETER_VALUE(1.0)),.T.,.UNSPECIFIED.);
#813=TRIMMED_CURVE('',#1288,(PARAMETER_VALUE(0.0)),(PARAMETER_VALUE(1.0)),.T.,.UNSPECIFIED.);
#814=TRIMMED_CURVE('',#1289,(PARAMETER_VALUE(0.0)),(PARAMETER_VALUE(1.0)),.T.,.UNSPECIFIED.);
#815=TRIMMED_CURVE('',#1290,(PARAMETER_VALUE(0.0)),(PARAMETER_VALUE(1.0)),.T.,.UNSPECIFIED.);
#816=TRIMMED_CURVE('',#1291,(PARAMETER_VALUE(0.0)),(PARAMETER_VALUE(1.0)),.T.,.UNSPECIFIED.);
#817=TRIMMED_CURVE('',#1292,(PARAMETER_VALUE(0.0)),(PARAMETER_VALUE(1.0)),.T.,.UNSPECIFIED.);
#818=TRIMMED_CURVE('',#1293,(PARAMETER_VALUE(0.0)),(PARAMETER_VALUE(1.0)),.T.,.UNSPECIFIED.);
#819=TRIMMED_CURVE('',#1294,(PARAMETER_VALUE(0.0)),(PARAMETER_VALUE(1.0)),.T.,.UNSPECIFIED.);
#820=TRIMMED_CURVE('',#1295,(PARAMETER_VALUE(0.0)),(PARAMETER_VALUE(1.0)),.T.,.UNSPECIFIED.);
#821=TRIMMED_CURVE('',#1296,(PARAMETER_VALUE(0.0)),(PARAMETER_VALUE(1.0)),.T.,.UNSPECIFIED.);
#822=TRIMMED_CURVE('',#1297,(PARAMETER_VALUE(0.0)),(PARAMETER_VALUE(1.0)),.T.,.UNSPECIFIED.);
#823=TRIMMED_CURVE('',#1298,(PARAMETER_VALUE(0.0)),(PARAMETER_VALUE(1.0)),.T.,.UNSPECIFIED.);
#824=TRIMMED_CURVE('',#1299,(PARAMETER_VALUE(0.0)),(PARAMETER_VALUE(1.0)),.T.,.UNSPECIFIED.);
#825=TRIMMED_CURVE('',#1300,(PARAMETER_VALUE(0.0)),(PARAMETER_VALUE(1.0)),.T.,.UNSPECIFIED.);
#826=TRIMMED_CURVE('',#1301,(PARAMETER_VALUE(0.0)),(PARAMETER_VALUE(1.0)),.T.,.UNSPECIFIED.);
#827=TRIMMED_CURVE('',#1302,(PARAMETER_VALUE(0.0)),(PARAMETER_VALUE(1.0)),.T.,.UNSPECIFIED.);
#828=TRIMMED_CURVE('',#1303,(PARAMETER_VALUE(0.0)),(PARAMETER_VALUE(1.0)),.T.,.UNSPECIFIED.);
#829=TRIMMED_CURVE('',#1304,(PARAMETER_VALUE(0.0)),(PARAMETER_VALUE(1.0)),.T.,.UNSPECIFIED.);
#830=TRIMMED_CURVE('',#1305,(PARAMETER_VALUE(0.0)),(PARAMETER_VALUE(1.0)),.T.,.UNSPECIFIED.);
#831=TRIMMED_CURVE('',#1306,(PARAMETER_VALUE(0.0)),(PARAMETER_VALUE(1.0)),.T.,.UNSPECIFIED.);
#832=TRIMMED_CURVE('',#1307,(PARAMETER_VALUE(0.0)),(PARAMETER_VALUE(1.0)),.T.,.UNSPECIFIED.);
#833=TRIMMED_CURVE('',#1308,(PARAMETER_VALUE(0.0)),(PARAMETER_VALUE(1.0)),.T.,.UNSPECIFIED.);
#834=TRIMMED_CURVE('',#1309,(PARAMETER_VALUE(0.0)),(PARAMETER_VALUE(1.0)),.T.,.UNSPECIFIED.);
#835=TRIMMED_CURVE('',#1310,(PARAMETER_VALUE(0.0)),(PARAMETER_VALUE(1.0)),.T.,.UNSPECIFIED.);
#836=TRIMMED_CURVE('',#1311,(PARAMETER_VALUE(0.0)),(PARAMETER_VALUE(1.0)),.T.,.UNSPECIFIED.);
#837=TRIMMED_CURVE('',#1312,(PARAMETER_VALUE(0.0)),(PARAMETER_VALUE(1.0)),.T.,.UNSPECIFIED.);
#838=TRIMMED_CURVE('',#1313,(PARAMETER_VALUE(0.0)),(PARAMETER_VALUE(1.0)),.T.,.UNSPECIFIED.);
#839=TRIMMED_CURVE('',#1314,(PARAMETER_VALUE(0.0)),(PARAMETER_VALUE(1.0)),.T.,.UNSPECIFIED.);
#840=TRIMMED_CURVE('',#1315,(PARAMETER_VALUE(0.0)),(PARAMETER_VALUE(1.0)),.T.,.UNSPECIFIED.);
#841=TRIMMED_CURVE('',#1316,(PARAMETER_VALUE(0.0)),(PARAMETER_VALUE(1.0)),.T.,.UNSPECIFIED.);
#842=TRIMMED_CURVE('',#1317,(PARAMETER_VALUE(0.0)),(PARAMETER_VALUE(1.0)),.T.,.UNSPECIFIED.);
#843=TRIMMED_CURVE('',#1318,(PARAMETER_VALUE(0.0)),(PARAMETER_VALUE(1.0)),.T.,.UNSPECIFIED.);
#844=TRIMMED_CURVE('',#1319,(PARAMETER_VALUE(0.0)),(PARAMETER_VALUE(1.0)),.T.,.UNSPECIFIED.);
#845=TRIMMED_CURVE('',#1320,(PARAMETER_VALUE(0.0)),(PARAMETER_VALUE(1.0)),.T.,.UNSPECIFIED.);
#846=TRIMMED_CURVE('',#1321,(PARAMETER_VALUE(0.0)),(PARAMETER_VALUE(1.0)),.T.,.UNSPECIFIED.);
#847=TRIMMED_CURVE('',#1322,(PARAMETER_VALUE(0.0)),(PARAMETER_VALUE(1.0)),.T.,.UNSPECIFIED.);
#848=TRIMMED_CURVE('A_2',#1323,(PARAMETER_VALUE(0.0)),(PARAMETER_VALUE(1.0)),.T.,.UNSPECIFIED.);
#849=EDGE_LOOP('',(#1324,#1325,#1326,#1327,#1328,#1329,#1330,#1331,#1332,#1333,#1334,#1335,#1336,#1337,#1338,#1339,#1340,#1341,#1342,#1343,#1344,#1345,#1346,#1347,#1348,#1349,#1350,#1351,#1352,#1353,#1354,#1355,#1356,#1357,#1358,#1359,#1360,#1361,#1362,#1363,#1364,#1365,#1366,#1367));
#850=AXIS2_PLACEMENT_3D('',#1368,#1369,#1370);
#851=EDGE_LOOP('',(#1371,#1372,#1373,#1374));
#852=AXIS2_PLACEMENT_3D('',#1375,#1376,#1377);
#853=EDGE_LOOP('',(#1378,#1379,#1380,#1381));
#854=AXIS2_PLACEMENT_3D('',#1382,#1383,#1384);
#855=EDGE_LOOP('',(#1385,#1386,#1387,#1388));
#856=AXIS2_PLACEMENT_3D('',#1389,#1390,#1391);
#857=EDGE_LOOP('',(#1392,#1393,#1394,#1395));
#858=AXIS2_PLACEMENT_3D('',#1396,#1397,#1398);
#859=EDGE_LOOP('',(#1399,#1400,#1401,#1402));
#860=AXIS2_PLACEMENT_3D('',#1403,#1404,#1405);
#861=EDGE_LOOP('',(#1406,#1407,#1408,#1409));
#862=AXIS2_PLACEMENT_3D('',#1410,#1411,#1412);
#863=EDGE_LOOP('',(#1413,#1414,#1415,#1416,#1417,#1418,#1419,#1420,#1421));
#864=AXIS2_PLACEMENT_3D('',#1422,#1423,#1424);
#865=EDGE_LOOP('',(#1425,#1426,#1427,#1428,#1429,#1430,#1431,#1432,#1433));
#866=AXIS2_PLACEMENT_3D('',#1434,#1435,#1436);
#867=EDGE_LOOP('',(#1437,#1438,#1439,#1440));
#868=AXIS2_PLACEMENT_3D('',#1441,#1442,#1443);
#869=EDGE_LOOP('',(#1444,#1445,#1446,#1447));
#870=AXIS2_PLACEMENT_3D('',#1448,#1449,#1450);
#871=EDGE_LOOP('',(#1451,#1452,#1453,#1454));
#872=AXIS2_PLACEMENT_3D('',#1455,#1456,#1457);
#873=EDGE_LOOP('',(#1458,#1459,#1460,#1461));
#874=AXIS2_PLACEMENT_3D('',#1462,#1463,#1464);
#875=EDGE_LOOP('',(#1465,#1466,#1467,#1468));
#876=AXIS2_PLACEMENT_3D('',#1469,#1470,#1471);
#877=EDGE_LOOP('',(#1472,#1473,#1474,#1475));
#878=AXIS2_PLACEMENT_3D('',#1476,#1477,#1478);
#879=EDGE_LOOP('',(#1479,#1480,#1481,#1482,#1483,#1484,#1485,#1486,#1487,#1488,#1489,#1490));
#880=AXIS2_PLACEMENT_3D('',#1491,#1492,#1493);
#881=EDGE_LOOP('',(#1494,#1495,#1496,#1497,#1498,#1499,#1500,#1501));
#882=EDGE_LOOP('',(#1502,#1503,#1504,#1505));
#883=AXIS2_PLACEMENT_3D('',#1506,#1507,#1508);
#884=EDGE_LOOP('',(#1509,#1510,#1511,#1512,#1513,#1514,#1515,#1516));
#885=EDGE_LOOP('',(#1517,#1518,#1519,#1520));
#886=AXIS2_PLACEMENT_3D('',#1521,#1522,#1523);
#887=EDGE_LOOP('',(#1524,#1525,#1526,#1527,#1528,#1529,#1530,#1531));
#888=EDGE_LOOP('',(#1532,#1533,#1534,#1535));
#889=AXIS2_PLACEMENT_3D('',#1536,#1537,#1538);
#890=EDGE_LOOP('',(#1539,#1540,#1541,#1542,#1543,#1544,#1545,#1546));
#891=EDGE_LOOP('',(#1547,#1548,#1549,#1550));
#892=AXIS2_PLACEMENT_3D('',#1551,#1552,#1553);
#893=EDGE_LOOP('',(#1554,#1555,#1556,#1557,#1558,#1559,#1560,#1561,#1562,#1563,#1564,#1565,#1566,#1567,#1568,#1569,#1570,#1571));
#894=AXIS2_PLACEMENT_3D('',#1572,#1573,#1574);
#895=EDGE_LOOP('',(#1575,#1576,#1577,#1578));
#896=AXIS2_PLACEMENT_3D('',#1579,#1580,#1581);
#897=EDGE_LOOP('',(#1582,#1583,#1584,#1585,#1586,#1587,#1588,#1589,#1590));
#898=AXIS2_PLACEMENT_3D('',#1591,#1592,#1593);
#899=EDGE_LOOP('',(#1594,#1595,#1596,#1597,#1598,#1599,#1600,#1601,#1602));
#900=AXIS2_PLACEMENT_3D('',#1603,#1604,#1605);
#901=EDGE_LOOP('',(#1606,#1607,#1608,#1609));
#902=AXIS2_PLACEMENT_3D('',#1610,#1611,#1612);
#903=EDGE_LOOP('',(#1613,#1614,#1615,#1616));
#904=AXIS2_PLACEMENT_3D('',#1617,#1618,#1619);
#905=EDGE_LOOP('',(#1620,#1621,#1622,#1623));
#906=AXIS2_PLACEMENT_3D('',#1624,#1625,#1626);
#907=EDGE_LOOP('',(#1627,#1628,#1629,#1630));
#908=AXIS2_PLACEMENT_3D('',#1631,#1632,#1633);
#909=EDGE_LOOP('',(#1634,#1635,#1636,#1637));
#910=AXIS2_PLACEMENT_3D('',#1638,#1639,#1640);
#911=EDGE_LOOP('',(#1641,#1642,#1643,#1644));
#912=AXIS2_PLACEMENT_3D('',#1645,#1646,#1647);
#913=EDGE_LOOP('',(#1648,#1649,#1650,#1651,#1652,#1653,#1654,#1655,#1656,#1657,#1658,#1659,#1660,#1661,#1662,#1663,#1664,#1665));
#914=AXIS2_PLACEMENT_3D('',#1666,#1667,#1668);
#915=EDGE_LOOP('',(#1669,#1670,#1671,#1672));
#916=AXIS2_PLACEMENT_3D('',#1673,#1674,#1675);
#917=EDGE_LOOP('',(#1676,#1677,#1678,#1679,#1680,#1681,#1682,#1683,#1684));
#918=AXIS2_PLACEMENT_3D('',#1685,#1686,#1687);
#919=EDGE_LOOP('',(#1688,#1689,#1690,#1691,#1692,#1693,#1694,#1695,#1696));
#920=AXIS2_PLACEMENT_3D('',#1697,#1698,#1699);
#921=EDGE_LOOP('',(#1700,#1701,#1702,#1703));
#922=AXIS2_PLACEMENT_3D('',#1704,#1705,#1706);
#923=EDGE_LOOP('',(#1707,#1708,#1709,#1710));
#924=AXIS2_PLACEMENT_3D('',#1711,#1712,#1713);
#925=EDGE_LOOP('',(#1714,#1715,#1716,#1717));
#926=AXIS2_PLACEMENT_3D('',#1718,#1719,#1720);
#927=EDGE_LOOP('',(#1721,#1722,#1723,#1724));
#928=AXIS2_PLACEMENT_3D('',#1725,#1726,#1727);
#929=EDGE_LOOP('',(#1728,#1729,#1730,#1731));
#930=AXIS2_PLACEMENT_3D('',#1732,#1733,#1734);
#931=EDGE_LOOP('',(#1735,#1736,#1737,#1738));
#932=AXIS2_PLACEMENT_3D('',#1739,#1740,#1741);
#933=EDGE_LOOP('',(#1742,#1743,#1744,#1745));
#934=AXIS2_PLACEMENT_3D('',#1746,#1747,#1748);
#935=EDGE_LOOP('',(#1749,#1750,#1751,#1752));
#936=AXIS2_PLACEMENT_3D('',#1753,#1754,#1755);
#937=EDGE_LOOP('',(#1756,#1757,#1758,#1759));
#938=AXIS2_PLACEMENT_3D('',#1760,#1761,#1762);
#939=EDGE_LOOP('',(#1763,#1764,#1765,#1766));
#940=AXIS2_PLACEMENT_3D('',#1767,#1768,#1769);
#941=EDGE_LOOP('',(#1770,#1771,#1772,#1773));
#942=AXIS2_PLACEMENT_3D('',#1774,#1775,#1776);
#943=EDGE_LOOP('',(#1777,#1778,#1779,#1780,#1781,#1782,#1783,#1784,#1785));
#944=AXIS2_PLACEMENT_3D('',#1786,#1787,#1788);
#945=EDGE_LOOP('',(#1789,#1790,#1791,#1792,#1793,#1794,#1795,#1796,#1797));
#946=AXIS2_PLACEMENT_3D('',#1798,#1799,#1800);
#947=EDGE_LOOP('',(#1801,#1802,#1803,#1804));
#948=AXIS2_PLACEMENT_3D('',#1805,#1806,#1807);
#949=EDGE_LOOP('',(#1808,#1809,#1810,#1811,#1812,#1813,#1814,#1815,#1816));
#950=AXIS2_PLACEMENT_3D('',#1817,#1818,#1819);
#951=EDGE_LOOP('',(#1820,#1821,#1822,#1823,#1824,#1825,#1826,#1827,#1828));
#952=AXIS2_PLACEMENT_3D('',#1829,#1830,#1831);
#953=EDGE_LOOP('',(#1832,#1833,#1834,#1835));
#954=AXIS2_PLACEMENT_3D('',#1836,#1837,#1838);
#955=EDGE_LOOP('',(#1839,#1840,#1841,#1842));
#956=AXIS2_PLACEMENT_3D('',#1843,#1844,#1845);
#957=EDGE_LOOP('',(#1846,#1847,#1848,#1849));
#958=AXIS2_PLACEMENT_3D('',#1850,#1851,#1852);
#959=EDGE_LOOP('',(#1853,#1854,#1855,#1856));
#960=AXIS2_PLACEMENT_3D('',#1857,#1858,#1859);
#961=EDGE_LOOP('',(#1860,#1861,#1862,#1863));
#962=AXIS2_PLACEMENT_3D('',#1864,#1865,#1866);
#963=EDGE_LOOP('',(#1867,#1868,#1869,#1870));
#964=AXIS2_PLACEMENT_3D('',#1871,#1872,#1873);
#965=EDGE_LOOP('',(#1874,#1875,#1876,#1877));
#966=AXIS2_PLACEMENT_3D('',#1878,#1879,#1880);
#967=EDGE_LOOP('',(#1881,#1882,#1883,#1884));
#968=AXIS2_PLACEMENT_3D('',#1885,#1886,#1887);
#969=EDGE_LOOP('',(#1888,#1889,#1890,#1891));
#970=AXIS2_PLACEMENT_3D('',#1892,#1893,#1894);
#971=EDGE_LOOP('',(#1895,#1896,#1897,#1898));
#972=AXIS2_PLACEMENT_3D('',#1899,#1900,#1901);
#973=EDGE_LOOP('',(#1902,#1903,#1904,#1905));
#974=AXIS2_PLACEMENT_3D('',#1906,#1907,#1908);
#975=EDGE_LOOP('',(#1909,#1910,#1911,#1912,#1913,#1914,#1915,#1916,#1917));
#976=AXIS2_PLACEMENT_3D('',#1918,#1919,#1920);
#977=EDGE_LOOP('',(#1921,#1922,#1923,#1924,#1925,#1926,#1927,#1928,#1929));
#978=AXIS2_PLACEMENT_3D('',#1930,#1931,#1932);
#979=EDGE_LOOP('',(#1933,#1934,#1935,#1936));
#980=AXIS2_PLACEMENT_3D('',#1937,#1938,#1939);
#981=EDGE_LOOP('',(#1940,#1941,#1942,#1943));
#982=AXIS2_PLACEMENT_3D('',#1944,#1945,#1946);
#983=EDGE_LOOP('',(#1947,#1948,#1949,#1950));
#984=AXIS2_PLACEMENT_3D('',#1951,#1952,#1953);
#985=EDGE_LOOP('',(#1954,#1955,#1956,#1957));
#986=AXIS2_PLACEMENT_3D('',#1958,#1959,#1960);
#987=EDGE_LOOP('',(#1961,#1962,#1963,#1964));
#988=AXIS2_PLACEMENT_3D('',#1965,#1966,#1967);
#989=EDGE_LOOP('',(#1968,#1969,#1970,#1971));
#990=AXIS2_PLACEMENT_3D('',#1972,#1973,#1974);
#991=EDGE_LOOP('',(#1975,#1976,#1977,#1978));
#992=AXIS2_PLACEMENT_3D('',#1979,#1980,#1981);
#993=EDGE_LOOP('',(#1982,#1983,#1984,#1985));
#994=AXIS2_PLACEMENT_3D('',#1986,#1987,#1988);
#995=EDGE_LOOP('',(#1989,#1990,#1991,#1992));
#996=AXIS2_PLACEMENT_3D('',#1993,#1994,#1995);
#997=EDGE_LOOP('',(#1996,#1997,#1998,#1999));
#998=AXIS2_PLACEMENT_3D('',#2000,#2001,#2002);
#999=EDGE_LOOP('',(#2003,#2004,#2005,#2006));
#1000=AXIS2_PLACEMENT_3D('',#2007,#2008,#2009);
#1001=EDGE_LOOP('',(#2010,#2011,#2012,#2013));
#1002=AXIS2_PLACEMENT_3D('',#2014,#2015,#2016);
#1003=EDGE_LOOP('',(#2017,#2018,#2019,#2020,#2021,#2022,#2023,#2024,#2025));
#1004=AXIS2_PLACEMENT_3D('',#2026,#2027,#2028);
#1005=EDGE_LOOP('',(#2029,#2030,#2031,#2032,#2033,#2034,#2035,#2036,#2037));
#1006=AXIS2_PLACEMENT_3D('',#2038,#2039,#2040);
#1007=EDGE_LOOP('',(#2041,#2042,#2043,#2044));
#1008=AXIS2_PLACEMENT_3D('',#2045,#2046,#2047);
#1009=EDGE_LOOP('',(#2048,#2049,#2050,#2051,#2052,#2053,#2054,#2055,#2056));
#1010=AXIS2_PLACEMENT_3D('',#2057,#2058,#2059);
#1011=EDGE_LOOP('',(#2060,#2061,#2062,#2063,#2064,#2065,#2066,#2067,#2068));
#1012=AXIS2_PLACEMENT_3D('',#2069,#2070,#2071);
#1013=EDGE_LOOP('',(#2072,#2073,#2074,#2075));
#1014=AXIS2_PLACEMENT_3D('',#2076,#2077,#2078);
#1015=EDGE_LOOP('',(#2079,#2080,#2081,#2082));
#1016=AXIS2_PLACEMENT_3D('',#2083,#2084,#2085);
#1017=EDGE_LOOP('',(#2086,#2087,#2088,#2089));
#1018=AXIS2_PLACEMENT_3D('',#2090,#2091,#2092);
#1019=EDGE_LOOP('',(#2093,#2094,#2095,#2096));
#1020=AXIS2_PLACEMENT_3D('',#2097,#2098,#2099);
#1021=EDGE_LOOP('',(#2100,#2101,#2102,#2103));
#1022=AXIS2_PLACEMENT_3D('',#2104,#2105,#2106);
#1023=EDGE_LOOP('',(#2107,#2108,#2109,#2110));
#1024=AXIS2_PLACEMENT_3D('',#2111,#2112,#2113);
#1025=EDGE_LOOP('',(#2114,#2115,#2116,#2117));
#1026=AXIS2_PLACEMENT_3D('',#2118,#2119,#2120);
#1027=EDGE_LOOP('',(#2121,#2122,#2123,#2124));
#1028=AXIS2_PLACEMENT_3D('',#2125,#2126,#2127);
#1029=EDGE_LOOP('',(#2128,#2129,#2130,#2131));
#1030=AXIS2_PLACEMENT_3D('',#2132,#2133,#2134);
#1031=EDGE_LOOP('',(#2135,#2136,#2137,#2138));
#1032=AXIS2_PLACEMENT_3D('',#2139,#2140,#2141);
#1033=EDGE_LOOP('',(#2142,#2143,#2144,#2145));
#1034=AXIS2_PLACEMENT_3D('',#2146,#2147,#2148);
#1035=EDGE_LOOP('',(#2149,#2150,#2151,#2152,#2153,#2154,#2155,#2156,#2157));
#1036=AXIS2_PLACEMENT_3D('',#2158,#2159,#2160);
#1037=EDGE_LOOP('',(#2161,#2162,#2163,#2164,#2165,#2166,#2167,#2168,#2169));
#1038=AXIS2_PLACEMENT_3D('',#2170,#2171,#2172);
#1039=EDGE_LOOP('',(#2173,#2174,#2175,#2176));
#1040=AXIS2_PLACEMENT_3D('',#2177,#2178,#2179);
#1041=EDGE_LOOP('',(#2180,#2181,#2182,#2183,#2184,#2185,#2186,#2187,#2188));
#1042=AXIS2_PLACEMENT_3D('',#2189,#2190,#2191);
#1043=EDGE_LOOP('',(#2192,#2193,#2194,#2195,#2196,#2197,#2198,#2199,#2200));
#1044=AXIS2_PLACEMENT_3D('',#2201,#2202,#2203);
#1045=EDGE_LOOP('',(#2204,#2205,#2206,#2207));
#1046=AXIS2_PLACEMENT_3D('',#2208,#2209,#2210);
#1047=EDGE_LOOP('',(#2211,#2212,#2213,#2214));
#1048=AXIS2_PLACEMENT_3D('',#2215,#2216,#2217);
#1049=EDGE_LOOP('',(#2218,#2219,#2220,#2221));
#1050=AXIS2_PLACEMENT_3D('',#2222,#2223,#2224);
#1051=EDGE_LOOP('',(#2225,#2226,#2227,#2228));
#1052=AXIS2_PLACEMENT_3D('',#2229,#2230,#2231);
#1053=EDGE_LOOP('',(#2232,#2233,#2234,#2235));
#1054=AXIS2_PLACEMENT_3D('',#2236,#2237,#2238);
#1055=EDGE_LOOP('',(#2239,#2240,#2241,#2242));
#1056=AXIS2_PLACEMENT_3D('',#2243,#2244,#2245);
#1057=EDGE_LOOP('',(#2246,#2247,#2248,#2249));
#1058=AXIS2_PLACEMENT_3D('',#2250,#2251,#2252);
#1059=EDGE_LOOP('',(#2253,#2254,#2255,#2256));
#1060=AXIS2_PLACEMENT_3D('',#2257,#2258,#2259);
#1061=EDGE_LOOP('',(#2260,#2261,#2262,#2263));
#1062=AXIS2_PLACEMENT_3D('',#2264,#2265,#2266);
#1063=EDGE_LOOP('',(#2267,#2268,#2269,#2270));
#1064=AXIS2_PLACEMENT_3D('',#2271,#2272,#2273);
#1065=EDGE_LOOP('',(#2274,#2275,#2276,#2277));
#1066=AXIS2_PLACEMENT_3D('',#2278,#2279,#2280);
#1067=EDGE_LOOP('',(#2281,#2282,#2283,#2284,#2285,#2286,#2287,#2288,#2289,#2290,#2291,#2292));
#1068=AXIS2_PLACEMENT_3D('',#2293,#2294,#2295);
#1069=EDGE_LOOP('',(#2296,#2297,#2298,#2299));
#1070=AXIS2_PLACEMENT_3D('',#2300,#2301,#2302);
#1071=EDGE_LOOP('',(#2303,#2304,#2305,#2306,#2307,#2308,#2309,#2310));
#1072=AXIS2_PLACEMENT_3D('',#2311,#2312,#2313);
#1073=EDGE_LOOP('',(#2314,#2315,#2316,#2317,#2318,#2319));
#1074=AXIS2_PLACEMENT_3D('',#2320,#2321,#2322);
#1075=EDGE_LOOP('',(#2323,#2324,#2325,#2326,#2327));
#1076=AXIS2_PLACEMENT_3D('',#2328,#2329,#2330);
#1077=EDGE_LOOP('',(#2331,#2332,#2333,#2334,#2335,#2336));
#1078=AXIS2_PLACEMENT_3D('',#2337,#2338,#2339);
#1079=EDGE_LOOP('',(#2340,#2341,#2342,#2343,#2344,#2345));
#1080=AXIS2_PLACEMENT_3D('',#2346,#2347,#2348);
#1081=EDGE_LOOP('',(#2349,#2350,#2351,#2352,#2353,#2354,#2355,#2356,#2357,#2358,#2359,#2360));
#1082=EDGE_LOOP('',(#2361,#2362,#2363,#2364,#2365,#2366,#2367,#2368));
#1083=AXIS2_PLACEMENT_3D('',#2369,#2370,#2371);
#1084=EDGE_LOOP('',(#2372,#2373,#2374,#2375));
#1085=AXIS2_PLACEMENT_3D('',#2376,#2377,#2378);
#1086=EDGE_LOOP('',(#2379,#2380,#2381,#2382));
#1087=AXIS2_PLACEMENT_3D('',#2383,#2384,#2385);
#1088=EDGE_LOOP('',(#2386,#2387,#2388,#2389));
#1089=AXIS2_PLACEMENT_3D('',#2390,#2391,#2392);
#1090=EDGE_LOOP('',(#2393,#2394,#2395,#2396));
#1091=AXIS2_PLACEMENT_3D('',#2397,#2398,#2399);
#1092=EDGE_LOOP('',(#2400,#2401,#2402,#2403));
#1093=AXIS2_PLACEMENT_3D('',#2404,#2405,#2406);
#1094=EDGE_LOOP('',(#2407,#2408,#2409,#2410));
#1095=AXIS2_PLACEMENT_3D('',#2411,#2412,#2413);
#1096=EDGE_LOOP('',(#2414,#2415,#2416,#2417));
#1097=AXIS2_PLACEMENT_3D('',#2418,#2419,#2420);
#1098=EDGE_LOOP('',(#2421,#2422,#2423,#2424));
#1099=AXIS2_PLACEMENT_3D('',#2425,#2426,#2427);
#1100=EDGE_LOOP('',(#2428,#2429,#2430,#2431));
#1101=AXIS2_PLACEMENT_3D('',#2432,#2433,#2434);
#1102=EDGE_LOOP('',(#2435,#2436,#2437,#2438,#2439));
#1103=AXIS2_PLACEMENT_3D('',#2440,#2441,#2442);
#1104=EDGE_LOOP('',(#2443,#2444,#2445,#2446));
#1105=AXIS2_PLACEMENT_3D('',#2447,#2448,#2449);
#1106=EDGE_LOOP('',(#2450,#2451,#2452,#2453,#2454));
#1107=AXIS2_PLACEMENT_3D('',#2455,#2456,#2457);
#1108=EDGE_LOOP('',(#2458,#2459,#2460,#2461));
#1109=AXIS2_PLACEMENT_3D('',#2462,#2463,#2464);
#1110=EDGE_LOOP('',(#2465,#2466,#2467,#2468,#2469));
#1111=AXIS2_PLACEMENT_3D('',#2470,#2471,#2472);
#1112=EDGE_LOOP('',(#2473,#2474,#2475,#2476));
#1113=AXIS2_PLACEMENT_3D('',#2477,#2478,#2479);
#1114=EDGE_LOOP('',(#2480,#2481,#2482,#2483,#2484));
#1115=AXIS2_PLACEMENT_3D('',#2485,#2486,#2487);
#1116=EDGE_LOOP('',(#2488,#2489,#2490,#2491));
#1117=AXIS2_PLACEMENT_3D('',#2492,#2493,#2494);
#1118=EDGE_LOOP('',(#2495,#2496,#2497,#2498,#2499,#2500));
#1119=AXIS2_PLACEMENT_3D('',#2501,#2502,#2503);
#1120=EDGE_LOOP('',(#2504,#2505,#2506,#2507,#2508,#2509,#2510,#2511));
#1121=AXIS2_PLACEMENT_3D('',#2512,#2513,#2514);
#1122=EDGE_LOOP('',(#2515,#2516,#2517,#2518));
#1123=AXIS2_PLACEMENT_3D('',#2519,#2520,#2521);
#1124=EDGE_LOOP('',(#2522,#2523,#2524,#2525,#2526,#2527));
#1125=AXIS2_PLACEMENT_3D('',#2528,#2529,#2530);
#1126=EDGE_LOOP('',(#2531,#2532,#2533,#2534));
#1127=AXIS2_PLACEMENT_3D('',#2535,#2536,#2537);
#1128=EDGE_LOOP('',(#2538,#2539,#2540,#2541));
#1129=AXIS2_PLACEMENT_3D('',#2542,#2543,#2544);
#1130=EDGE_LOOP('',(#2545,#2546,#2547,#2548));
#1131=AXIS2_PLACEMENT_3D('',#2549,#2550,#2551);
#1132=EDGE_LOOP('',(#2552,#2553,#2554,#2555));
#1133=AXIS2_PLACEMENT_3D('',#2556,#2557,#2558);
#1134=EDGE_LOOP('',(#2559,#2560,#2561,#2562,#2563,#2564));
#1135=AXIS2_PLACEMENT_3D('',#2565,#2566,#2567);
#1136=EDGE_LOOP('',(#2568,#2569,#2570,#2571));
#1137=AXIS2_PLACEMENT_3D('',#2572,#2573,#2574);
#1138=EDGE_LOOP('',(#2575,#2576,#2577,#2578));
#1139=AXIS2_PLACEMENT_3D('',#2579,#2580,#2581);
#1140=EDGE_LOOP('',(#2582,#2583,#2584,#2585));
#1141=AXIS2_PLACEMENT_3D('',#2586,#2587,#2588);
#1142=EDGE_LOOP('',(#2589,#2590,#2591,#2592,#2593));
#1143=AXIS2_PLACEMENT_3D('',#2594,#2595,#2596);
#1144=EDGE_LOOP('',(#2597,#2598,#2599,#2600,#2601,#2602));
#1145=AXIS2_PLACEMENT_3D('',#2603,#2604,#2605);
#1146=EDGE_LOOP('',(#2606,#2607,#2608,#2609,#2610,#2611));
#1147=AXIS2_PLACEMENT_3D('',#2612,#2613,#2614);
#1148=EDGE_LOOP('',(#2615,#2616,#2617,#2618));
#1149=AXIS2_PLACEMENT_3D('',#2619,#2620,#2621);
#1150=EDGE_LOOP('',(#2622,#2623,#2624,#2625,#2626,#2627));
#1151=AXIS2_PLACEMENT_3D('',#2628,#2629,#2630);
#1152=EDGE_LOOP('',(#2631,#2632,#2633,#2634));
#1153=AXIS2_PLACEMENT_3D('',#2635,#2636,#2637);
#1154=EDGE_LOOP('',(#2638,#2639,#2640,#2641,#2642));
#1155=AXIS2_PLACEMENT_3D('',#2643,#2644,#2645);
#1156=EDGE_LOOP('',(#2646,#2647,#2648,#2649,#2650,#2651,#2652,#2653));
#1157=AXIS2_PLACEMENT_3D('',#2654,#2655,#2656);
#1158=EDGE_LOOP('',(#2657,#2658,#2659,#2660,#2661,#2662));
#1159=AXIS2_PLACEMENT_3D('',#2663,#2664,#2665);
#1160=EDGE_LOOP('',(#2666,#2667,#2668,#2669,#2670));
#1161=AXIS2_PLACEMENT_3D('',#2671,#2672,#2673);
#1162=EDGE_LOOP('',(#2674,#2675,#2676,#2677));
#1163=AXIS2_PLACEMENT_3D('',#2678,#2679,#2680);
#1164=EDGE_LOOP('',(#2681,#2682,#2683,#2684));
#1165=AXIS2_PLACEMENT_3D('',#2685,#2686,#2687);
#1166=EDGE_LOOP('',(#2688,#2689,#2690,#2691));
#1167=AXIS2_PLACEMENT_3D('',#2692,#2693,#2694);
#1168=EDGE_LOOP('',(#2695,#2696,#2697,#2698,#2699,#2700));
#1169=AXIS2_PLACEMENT_3D('',#2701,#2702,#2703);
#1170=EDGE_LOOP('',(#2704,#2705,#2706,#2707));
#1171=AXIS2_PLACEMENT_3D('',#2708,#2709,#2710);
#1172=EDGE_LOOP('',(#2711,#2712,#2713,#2714,#2715,#2716));
#1173=AXIS2_PLACEMENT_3D('',#2717,#2718,#2719);
#1174=EDGE_LOOP('',(#2720,#2721,#2722,#2723));
#1175=AXIS2_PLACEMENT_3D('',#2724,#2725,#2726);
#1176=EDGE_LOOP('',(#2727,#2728,#2729,#2730));
#1177=AXIS2_PLACEMENT_3D('',#2731,#2732,#2733);
#1178=EDGE_LOOP('',(#2734,#2735,#2736,#2737));
#1179=EDGE_LOOP('',(#2738,#2739));
#1180=AXIS2_PLACEMENT_3D('',#2740,#2741,#2742);
#1181=EDGE_LOOP('',(#2743,#2744,#2745,#2746));
#1182=AXIS2_PLACEMENT_3D('',#2747,#2748,#2749);
#1183=EDGE_LOOP('',(#2750,#2751,#2752,#2753));
#1184=AXIS2_PLACEMENT_3D('',#2754,#2755,#2756);
#1185=EDGE_LOOP('',(#2757,#2758,#2759,#2760));
#1186=AXIS2_PLACEMENT_3D('',#2761,#2762,#2763);
#1187=EDGE_LOOP('',(#2764,#2765));
#1188=AXIS2_PLACEMENT_3D('',#2766,#2767,#2768);
#1189=EDGE_LOOP('',(#2769,#2770,#2771,#2772));
#1190=AXIS2_PLACEMENT_3D('',#2773,#2774,#2775);
#1191=EDGE_LOOP('',(#2776,#2777,#2778,#2779));
#1192=AXIS2_PLACEMENT_3D('',#2780,#2781,#2782);
#1193=EDGE_LOOP('',(#2783,#2784,#2785,#2786));
#1194=AXIS2_PLACEMENT_3D('',#2787,#2788,#2789);
#1195=EDGE_LOOP('',(#2790,#2791,#2792,#2793));
#1196=AXIS2_PLACEMENT_3D('',#2794,#2795,#2796);
#1197=EDGE_LOOP('',(#2797,#2798,#2799,#2800));
#1198=AXIS2_PLACEMENT_3D('',#2801,#2802,#2803);
#1199=EDGE_LOOP('',(#2804,#2805,#2806,#2807));
#1200=AXIS2_PLACEMENT_3D('',#2808,#2809,#2810);
#1201=EDGE_LOOP('',(#2811,#2812,#2813,#2814));
#1202=AXIS2_PLACEMENT_3D('',#2815,#2816,#2817);
#1203=EDGE_LOOP('',(#2818,#2819,#2820,#2821,#2822,#2823,#2824));
#1204=AXIS2_PLACEMENT_3D('',#2825,#2826,#2827);
#1205=EDGE_LOOP('',(#2828,#2829,#2830,#2831,#2832,#2833,#2834));
#1206=AXIS2_PLACEMENT_3D('',#2835,#2836,#2837);
#1207=EDGE_LOOP('',(#2838,#2839,#2840,#2841));
#1208=AXIS2_PLACEMENT_3D('',#2842,#2843,#2844);
#1209=EDGE_LOOP('',(#2845,#2846,#2847,#2848,#2849,#2850,#2851));
#1210=AXIS2_PLACEMENT_3D('',#2852,#2853,#2854);
#1211=EDGE_LOOP('',(#2855,#2856,#2857,#2858,#2859,#2860,#2861));
#1212=AXIS2_PLACEMENT_3D('',#2862,#2863,#2864);
#1213=EDGE_LOOP('',(#2865,#2866,#2867,#2868));
#1214=AXIS2_PLACEMENT_3D('',#2869,#2870,#2871);
#1215=EDGE_LOOP('',(#2872,#2873,#2874,#2875));
#1216=AXIS2_PLACEMENT_3D('',#2876,#2877,#2878);
#1217=EDGE_LOOP('',(#2879,#2880,#2881,#2882));
#1218=AXIS2_PLACEMENT_3D('',#2883,#2884,#2885);
#1219=EDGE_LOOP('',(#2886,#2887,#2888,#2889));
#1220=AXIS2_PLACEMENT_3D('',#2890,#2891,#2892);
#1221=EDGE_LOOP('',(#2893,#2894,#2895,#2896));
#1222=AXIS2_PLACEMENT_3D('',#2897,#2898,#2899);
#1223=EDGE_LOOP('',(#2900,#2901,#2902,#2903));
#1224=AXIS2_PLACEMENT_3D('',#2904,#2905,#2906);
#1225=EDGE_LOOP('',(#2907,#2908,#2909,#2910));
#1226=AXIS2_PLACEMENT_3D('',#2911,#2912,#2913);
#1227=EDGE_LOOP('',(#2914,#2915,#2916,#2917));
#1228=AXIS2_PLACEMENT_3D('',#2918,#2919,#2920);
#1229=EDGE_LOOP('',(#2921,#2922,#2923,#2924));
#1230=AXIS2_PLACEMENT_3D('',#2925,#2926,#2927);
#1231=EDGE_LOOP('',(#2928,#2929,#2930,#2931));
#1232=AXIS2_PLACEMENT_3D('',#2932,#2933,#2934);
#1233=EDGE_LOOP('',(#2935,#2936,#2937,#2938));
#1234=AXIS2_PLACEMENT_3D('',#2939,#2940,#2941);
#1235=EDGE_LOOP('',(#2942,#2943,#2944,#2945,#2946,#2947,#2948));
#1236=AXIS2_PLACEMENT_3D('',#2949,#2950,#2951);
#1237=EDGE_LOOP('',(#2952,#2953,#2954,#2955,#2956,#2957,#2958));
#1238=AXIS2_PLACEMENT_3D('',#2959,#2960,#2961);
#1239=EDGE_LOOP('',(#2962,#2963,#2964,#2965));
#1240=AXIS2_PLACEMENT_3D('',#2966,#2967,#2968);
#1241=EDGE_LOOP('',(#2969,#2970,#2971,#2972));
#1242=AXIS2_PLACEMENT_3D('',#2973,#2974,#2975);
#1243=EDGE_LOOP('',(#2976,#2977,#2978,#2979));
#1244=AXIS2_PLACEMENT_3D('',#2980,#2981,#2982);
#1245=EDGE_LOOP('',(#2983,#2984,#2985,#2986));
#1246=AXIS2_PLACEMENT_3D('',#2987,#2988,#2989);
#1247=EDGE_LOOP('',(#2990,#2991,#2992,#2993));
#1248=AXIS2_PLACEMENT_3D('',#2994,#2995,#2996);
#1249=EDGE_LOOP('',(#2997,#2998,#2999,#3000));
#1250=AXIS2_PLACEMENT_3D('',#3001,#3002,#3003);
#1251=EDGE_LOOP('',(#3004,#3005,#3006,#3007,#3008,#3009,#3010));
#1252=AXIS2_PLACEMENT_3D('',#3011,#3012,#3013);
#1253=EDGE_LOOP('',(#3014,#3015,#3016,#3017,#3018,#3019,#3020));
#1254=AXIS2_PLACEMENT_3D('',#3021,#3022,#3023);
#1255=EDGE_LOOP('',(#3024,#3025,#3026,#3027));
#1256=AXIS2_PLACEMENT_3D('',#3028,#3029,#3030);
#1257=EDGE_LOOP('',(#3031,#3032,#3033,#3034));
#1258=AXIS2_PLACEMENT_3D('',#3035,#3036,#3037);
#1259=EDGE_LOOP('',(#3038,#3039,#3040,#3041));
#1260=AXIS2_PLACEMENT_3D('',#3042,#3043,#3044);
#1261=EDGE_LOOP('',(#3045,#3046,#3047,#3048));
#1262=AXIS2_PLACEMENT_3D('',#3049,#3050,#3051);
#1263=EDGE_LOOP('',(#3052,#3053,#3054,#3055));
#1264=AXIS2_PLACEMENT_3D('',#3056,#3057,#3058);
#1265=EDGE_LOOP('',(#3059,#3060,#3061,#3062));
#1266=AXIS2_PLACEMENT_3D('',#3063,#3064,#3065);
#1267=LINE('',#3066,#3067);
#1268=LINE('',#3068,#3069);
#1269=LINE('',#3070,#3071);
#1270=LINE('',#3072,#3073);
#1271=LINE('',#3074,#3075);
#1272=LINE('',#3076,#3077);
#1273=LINE('',#3078,#3079);
#1274=LINE('',#3080,#3081);
#1275=LINE('',#3082,#3083);
#1276=LINE('',#3084,#3085);
#1277=LINE('',#3086,#3087);
#1278=LINE('',#3088,#3089);
#1279=LINE('',#3090,#3091);
#1280=LINE('',#3092,#3093);
#1281=LINE('',#3094,#3095);
#1282=LINE('',#3096,#3097);
#1283=LINE('',#3098,#3099);
#1284=LINE('',#3100,#3101);
#1285=LINE('',#3102,#3103);
#1286=LINE('',#3104,#3105);
#1287=LINE('',#3106,#3107);
#1288=LINE('',#3108,#3109);
#1289=LINE('',#3110,#3111);
#1290=LINE('',#3112,#3113);
#1291=LINE('',#3114,#3115);
#1292=LINE('',#3116,#3117);
#1293=LINE('',#3118,#3119);
#1294=LINE('',#3120,#3121);
#1295=LINE('',#3122,#3123);
#1296=LINE('',#3124,#3125);
#1297=LINE('',#3126,#3127);
#1298=LINE('',#3128,#3129);
#1299=LINE('',#3130,#3131);
#1300=LINE('',#3132,#3133);
#1301=LINE('',#3134,#3135);
#1302=LINE('',#3136,#3137);
#1303=LINE('',#3138,#3139);
#1304=LINE('',#3140,#3141);
#1305=LINE('',#3142,#3143);
#1306=LINE('',#3144,#3145);
#1307=LINE('',#3146,#3147);
#1308=LINE('',#3148,#3149);
#1309=LINE('',#3150,#3151);
#1310=LINE('',#3152,#3153);
#1311=LINE('',#3154,#3155);
#1312=LINE('',#3156,#3157);
#1313=LINE('',#3158,#3159);
#1314=LINE('',#3160,#3161);
#1315=LINE('',#3162,#3163);
#1316=LINE('',#3164,#3165);
#1317=LINE('',#3166,#3167);
#1318=LINE('',#3168,#3169);
#1319=LINE('',#3170,#3171);
#1320=LINE('',#3172,#3173);
#1321=LINE('',#3174,#3175);
#1322=LINE('',#3176,#3177);
#1323=LINE('',#3178,#3179);
#1324=ORIENTED_EDGE('',*,*,#3180,.T.);
#1325=ORIENTED_EDGE('',*,*,#3181,.T.);
#1326=ORIENTED_EDGE('',*,*,#3182,.T.);
#1327=ORIENTED_EDGE('',*,*,#3183,.T.);
#1328=ORIENTED_EDGE('',*,*,#3184,.F.);
#1329=ORIENTED_EDGE('',*,*,#3185,.T.);
#1330=ORIENTED_EDGE('',*,*,#3186,.T.);
#1331=ORIENTED_EDGE('',*,*,#3187,.T.);
#1332=ORIENTED_EDGE('',*,*,#3188,.F.);
#1333=ORIENTED_EDGE('',*,*,#3189,.T.);
#1334=ORIENTED_EDGE('',*,*,#3190,.T.);
#1335=ORIENTED_EDGE('',*,*,#3191,.T.);
#1336=ORIENTED_EDGE('',*,*,#3192,.F.);
#1337=ORIENTED_EDGE('',*,*,#3193,.T.);
#1338=ORIENTED_EDGE('',*,*,#3194,.T.);
#1339=ORIENTED_EDGE('',*,*,#3195,.T.);
#1340=ORIENTED_EDGE('',*,*,#3196,.F.);
#1341=ORIENTED_EDGE('',*,*,#3197,.T.);
#1342=ORIENTED_EDGE('',*,*,#3198,.T.);
#1343=ORIENTED_EDGE('',*,*,#3199,.T.);
#1344=ORIENTED_EDGE('',*,*,#3200,.F.);
#1345=ORIENTED_EDGE('',*,*,#3201,.T.);
#1346=ORIENTED_EDGE('',*,*,#3202,.F.);
#1347=ORIENTED_EDGE('',*,*,#3203,.F.);
#1348=ORIENTED_EDGE('',*,*,#3204,.F.);
#1349=ORIENTED_EDGE('',*,*,#3205,.F.);
#1350=ORIENTED_EDGE('',*,*,#3206,.T.);
#1351=ORIENTED_EDGE('',*,*,#3207,.F.);
#1352=ORIENTED_EDGE('',*,*,#3208,.F.);
#1353=ORIENTED_EDGE('',*,*,#3209,.F.);
#1354=ORIENTED_EDGE('',*,*,#3210,.T.);
#1355=ORIENTED_EDGE('',*,*,#3211,.F.);
#1356=ORIENTED_EDGE('',*,*,#3212,.F.);
#1357=ORIENTED_EDGE('',*,*,#3213,.F.);
#1358=ORIENTED_EDGE('',*,*,#3214,.T.);
#1359=ORIENTED_EDGE('',*,*,#3215,.F.);
#1360=ORIENTED_EDGE('',*,*,#3216,.F.);
#1361=ORIENTED_EDGE('',*,*,#3217,.F.);
#1362=ORIENTED_EDGE('',*,*,#3218,.T.);
#1363=ORIENTED_EDGE('',*,*,#3219,.F.);
#1364=ORIENTED_EDGE('',*,*,#3220,.F.);
#1365=ORIENTED_EDGE('',*,*,#3221,.F.);
#1366=ORIENTED_EDGE('',*,*,#3222,.T.);
#1367=ORIENTED_EDGE('',*,*,#3223,.F.);
#1368=CARTESIAN_POINT('',(0.0,0.0,0.0));
#1369=DIRECTION('',(-0.0,1.0,0.0));
#1370=DIRECTION('',(1.0,0.0,0.0));
#1371=ORIENTED_EDGE('',*,*,#3203,.T.);
#1372=ORIENTED_EDGE('',*,*,#3224,.F.);
#1373=ORIENTED_EDGE('',*,*,#3225,.T.);
#1374=ORIENTED_EDGE('',*,*,#3226,.F.);
#1375=CARTESIAN_POINT('',(1.735,0.0,0.67));
#1376=DIRECTION('',(0.0,0.0,-1.0));
#1377=DIRECTION('',(0.0,-1.0,0.0));
#1378=ORIENTED_EDGE('',*,*,#3207,.T.);
#1379=ORIENTED_EDGE('',*,*,#3227,.T.);
#1380=ORIENTED_EDGE('',*,*,#3228,.T.);
#1381=ORIENTED_EDGE('',*,*,#3229,.F.);
#1382=CARTESIAN_POINT('',(1.735,0.0,0.67));
#1383=DIRECTION('',(0.0,0.0,-1.0));
#1384=DIRECTION('',(0.0,-1.0,0.0));
#1385=ORIENTED_EDGE('',*,*,#3211,.T.);
#1386=ORIENTED_EDGE('',*,*,#3230,.T.);
#1387=ORIENTED_EDGE('',*,*,#3231,.T.);
#1388=ORIENTED_EDGE('',*,*,#3232,.F.);
#1389=CARTESIAN_POINT('',(1.735,0.0,0.67));
#1390=DIRECTION('',(0.0,0.0,-1.0));
#1391=DIRECTION('',(0.0,-1.0,0.0));
#1392=ORIENTED_EDGE('',*,*,#3215,.T.);
#1393=ORIENTED_EDGE('',*,*,#3233,.T.);
#1394=ORIENTED_EDGE('',*,*,#3234,.T.);
#1395=ORIENTED_EDGE('',*,*,#3235,.F.);
#1396=CARTESIAN_POINT('',(1.735,0.0,0.67));
#1397=DIRECTION('',(0.0,0.0,-1.0));
#1398=DIRECTION('',(0.0,-1.0,0.0));
#1399=ORIENTED_EDGE('',*,*,#3236,.T.);
#1400=ORIENTED_EDGE('',*,*,#3237,.T.);
#1401=ORIENTED_EDGE('',*,*,#3223,.T.);
#1402=ORIENTED_EDGE('',*,*,#3238,.T.);
#1403=CARTESIAN_POINT('',(1.735,0.0,0.67));
#1404=DIRECTION('',(0.0,0.0,-1.0));
#1405=DIRECTION('',(0.0,-1.0,0.0));
#1406=ORIENTED_EDGE('',*,*,#3219,.T.);
#1407=ORIENTED_EDGE('',*,*,#3239,.T.);
#1408=ORIENTED_EDGE('',*,*,#3240,.T.);
#1409=ORIENTED_EDGE('',*,*,#3241,.F.);
#1410=CARTESIAN_POINT('',(1.735,0.0,0.67));
#1411=DIRECTION('',(0.0,0.0,-1.0));
#1412=DIRECTION('',(0.0,-1.0,0.0));
#1413=ORIENTED_EDGE('',*,*,#3200,.T.);
#1414=ORIENTED_EDGE('',*,*,#3242,.T.);
#1415=ORIENTED_EDGE('',*,*,#3243,.T.);
#1416=ORIENTED_EDGE('',*,*,#3244,.T.);
#1417=ORIENTED_EDGE('',*,*,#3245,.T.);
#1418=ORIENTED_EDGE('',*,*,#3246,.T.);
#1419=ORIENTED_EDGE('',*,*,#3247,.T.);
#1420=ORIENTED_EDGE('',*,*,#3248,.T.);
#1421=ORIENTED_EDGE('',*,*,#3249,.T.);
#1422=CARTESIAN_POINT('',(0.87,0.0,0.0));
#1423=DIRECTION('',(1.0,0.0,0.0));
#1424=DIRECTION('',(0.0,1.0,0.0));
#1425=ORIENTED_EDGE('',*,*,#3250,.T.);
#1426=ORIENTED_EDGE('',*,*,#3251,.T.);
#1427=ORIENTED_EDGE('',*,*,#3252,.T.);
#1428=ORIENTED_EDGE('',*,*,#3253,.T.);
#1429=ORIENTED_EDGE('',*,*,#3254,.T.);
#1430=ORIENTED_EDGE('',*,*,#3255,.T.);
#1431=ORIENTED_EDGE('',*,*,#3204,.T.);
#1432=ORIENTED_EDGE('',*,*,#3226,.T.);
#1433=ORIENTED_EDGE('',*,*,#3256,.T.);
#1434=CARTESIAN_POINT('',(0.87,0.0,0.0));
#1435=DIRECTION('',(1.0,0.0,0.0));
#1436=DIRECTION('',(0.0,1.0,0.0));
#1437=ORIENTED_EDGE('',*,*,#3257,.F.);
#1438=ORIENTED_EDGE('',*,*,#3258,.T.);
#1439=ORIENTED_EDGE('',*,*,#3201,.F.);
#1440=ORIENTED_EDGE('',*,*,#3249,.F.);
#1441=CARTESIAN_POINT('',(1.735,0.05,-0.67));
#1442=DIRECTION('',(0.0,0.0,1.0));
#1443=DIRECTION('',(1.0,0.0,0.0));
#1444=ORIENTED_EDGE('',*,*,#3259,.F.);
#1445=ORIENTED_EDGE('',*,*,#3260,.T.);
#1446=ORIENTED_EDGE('',*,*,#3197,.F.);
#1447=ORIENTED_EDGE('',*,*,#3261,.F.);
#1448=CARTESIAN_POINT('',(1.735,0.05,-0.67));
#1449=DIRECTION('',(0.0,0.0,1.0));
#1450=DIRECTION('',(1.0,0.0,0.0));
#1451=ORIENTED_EDGE('',*,*,#3262,.F.);
#1452=ORIENTED_EDGE('',*,*,#3263,.T.);
#1453=ORIENTED_EDGE('',*,*,#3193,.F.);
#1454=ORIENTED_EDGE('',*,*,#3264,.F.);
#1455=CARTESIAN_POINT('',(1.735,0.05,-0.67));
#1456=DIRECTION('',(0.0,0.0,1.0));
#1457=DIRECTION('',(1.0,0.0,0.0));
#1458=ORIENTED_EDGE('',*,*,#3265,.F.);
#1459=ORIENTED_EDGE('',*,*,#3266,.T.);
#1460=ORIENTED_EDGE('',*,*,#3189,.F.);
#1461=ORIENTED_EDGE('',*,*,#3267,.F.);
#1462=CARTESIAN_POINT('',(1.735,0.05,-0.67));
#1463=DIRECTION('',(0.0,0.0,1.0));
#1464=DIRECTION('',(1.0,0.0,0.0));
#1465=ORIENTED_EDGE('',*,*,#3181,.F.);
#1466=ORIENTED_EDGE('',*,*,#3268,.F.);
#1467=ORIENTED_EDGE('',*,*,#3269,.F.);
#1468=ORIENTED_EDGE('',*,*,#3270,.T.);
#1469=CARTESIAN_POINT('',(1.735,0.05,-0.67));
#1470=DIRECTION('',(0.0,0.0,1.0));
#1471=DIRECTION('',(1.0,0.0,0.0));
#1472=ORIENTED_EDGE('',*,*,#3271,.F.);
#1473=ORIENTED_EDGE('',*,*,#3272,.T.);
#1474=ORIENTED_EDGE('',*,*,#3185,.F.);
#1475=ORIENTED_EDGE('',*,*,#3273,.F.);
#1476=CARTESIAN_POINT('',(1.735,0.05,-0.67));
#1477=DIRECTION('',(0.0,0.0,1.0));
#1478=DIRECTION('',(1.0,0.0,0.0));
#1479=ORIENTED_EDGE('',*,*,#3274,.F.);
#1480=ORIENTED_EDGE('',*,*,#3275,.F.);
#1481=ORIENTED_EDGE('',*,*,#3224,.T.);
#1482=ORIENTED_EDGE('',*,*,#3202,.T.);
#1483=ORIENTED_EDGE('',*,*,#3258,.F.);
#1484=ORIENTED_EDGE('',*,*,#3276,.F.);
#1485=ORIENTED_EDGE('',*,*,#3277,.T.);
#1486=ORIENTED_EDGE('',*,*,#3278,.F.);
#1487=ORIENTED_EDGE('',*,*,#3279,.T.);
#1488=ORIENTED_EDGE('',*,*,#3280,.T.);
#1489=ORIENTED_EDGE('',*,*,#3281,.T.);
#1490=ORIENTED_EDGE('',*,*,#3282,.F.);
#1491=CARTESIAN_POINT('',(1.265,0.12,0.82));
#1492=DIRECTION('',(-0.832050294337844,0.554700196225229,0.0));
#1493=DIRECTION('',(0.0,0.0,1.0));
#1494=ORIENTED_EDGE('',*,*,#3283,.F.);
#1495=ORIENTED_EDGE('',*,*,#3284,.F.);
#1496=ORIENTED_EDGE('',*,*,#3285,.T.);
#1497=ORIENTED_EDGE('',*,*,#3286,.F.);
#1498=ORIENTED_EDGE('',*,*,#3287,.T.);
#1499=ORIENTED_EDGE('',*,*,#3288,.T.);
#1500=ORIENTED_EDGE('',*,*,#3289,.F.);
#1501=ORIENTED_EDGE('',*,*,#3282,.T.);
#1502=ORIENTED_EDGE('',*,*,#3290,.T.);
#1503=ORIENTED_EDGE('',*,*,#3291,.T.);
#1504=ORIENTED_EDGE('',*,*,#3292,.F.);
#1505=ORIENTED_EDGE('',*,*,#3293,.F.);
#1506=CARTESIAN_POINT('',(1.735,0.12,-0.82));
#1507=DIRECTION('',(-0.0,1.0,0.0));
#1508=DIRECTION('',(1.0,0.0,0.0));
#1509=ORIENTED_EDGE('',*,*,#3294,.T.);
#1510=ORIENTED_EDGE('',*,*,#3295,.T.);
#1511=ORIENTED_EDGE('',*,*,#3296,.T.);
#1512=ORIENTED_EDGE('',*,*,#3297,.F.);
#1513=ORIENTED_EDGE('',*,*,#3298,.T.);
#1514=ORIENTED_EDGE('',*,*,#3299,.F.);
#1515=ORIENTED_EDGE('',*,*,#3300,.F.);
#1516=ORIENTED_EDGE('',*,*,#3278,.T.);
#1517=ORIENTED_EDGE('',*,*,#3301,.T.);
#1518=ORIENTED_EDGE('',*,*,#3302,.F.);
#1519=ORIENTED_EDGE('',*,*,#3303,.F.);
#1520=ORIENTED_EDGE('',*,*,#3304,.T.);
#1521=CARTESIAN_POINT('',(1.735,0.12,-0.82));
#1522=DIRECTION('',(-0.0,1.0,0.0));
#1523=DIRECTION('',(1.0,0.0,0.0));
#1524=ORIENTED_EDGE('',*,*,#3305,.F.);
#1525=ORIENTED_EDGE('',*,*,#3306,.T.);
#1526=ORIENTED_EDGE('',*,*,#3307,.T.);
#1527=ORIENTED_EDGE('',*,*,#3308,.F.);
#1528=ORIENTED_EDGE('',*,*,#3309,.T.);
#1529=ORIENTED_EDGE('',*,*,#3310,.F.);
#1530=ORIENTED_EDGE('',*,*,#3311,.F.);
#1531=ORIENTED_EDGE('',*,*,#3312,.F.);
#1532=ORIENTED_EDGE('',*,*,#3313,.F.);
#1533=ORIENTED_EDGE('',*,*,#3314,.F.);
#1534=ORIENTED_EDGE('',*,*,#3315,.F.);
#1535=ORIENTED_EDGE('',*,*,#3316,.T.);
#1536=CARTESIAN_POINT('',(1.735,0.12,-0.82));
#1537=DIRECTION('',(-0.0,1.0,0.0));
#1538=DIRECTION('',(1.0,0.0,0.0));
#1539=ORIENTED_EDGE('',*,*,#3317,.F.);
#1540=ORIENTED_EDGE('',*,*,#3318,.F.);
#1541=ORIENTED_EDGE('',*,*,#3319,.T.);
#1542=ORIENTED_EDGE('',*,*,#3320,.F.);
#1543=ORIENTED_EDGE('',*,*,#3321,.T.);
#1544=ORIENTED_EDGE('',*,*,#3322,.T.);
#1545=ORIENTED_EDGE('',*,*,#3323,.T.);
#1546=ORIENTED_EDGE('',*,*,#3324,.F.);
#1547=ORIENTED_EDGE('',*,*,#3325,.T.);
#1548=ORIENTED_EDGE('',*,*,#3326,.F.);
#1549=ORIENTED_EDGE('',*,*,#3327,.T.);
#1550=ORIENTED_EDGE('',*,*,#3328,.T.);
#1551=CARTESIAN_POINT('',(1.735,0.12,-0.82));
#1552=DIRECTION('',(-0.0,1.0,0.0));
#1553=DIRECTION('',(1.0,0.0,0.0));
#1554=ORIENTED_EDGE('',*,*,#3329,.F.);
#1555=ORIENTED_EDGE('',*,*,#3330,.T.);
#1556=ORIENTED_EDGE('',*,*,#3331,.F.);
#1557=ORIENTED_EDGE('',*,*,#3332,.T.);
#1558=ORIENTED_EDGE('',*,*,#3333,.F.);
#1559=ORIENTED_EDGE('',*,*,#3334,.T.);
#1560=ORIENTED_EDGE('',*,*,#3335,.F.);
#1561=ORIENTED_EDGE('',*,*,#3336,.T.);
#1562=ORIENTED_EDGE('',*,*,#3337,.F.);
#1563=ORIENTED_EDGE('',*,*,#3274,.T.);
#1564=ORIENTED_EDGE('',*,*,#3289,.T.);
#1565=ORIENTED_EDGE('',*,*,#3338,.F.);
#1566=ORIENTED_EDGE('',*,*,#3339,.F.);
#1567=ORIENTED_EDGE('',*,*,#3340,.T.);
#1568=ORIENTED_EDGE('',*,*,#3305,.T.);
#1569=ORIENTED_EDGE('',*,*,#3341,.F.);
#1570=ORIENTED_EDGE('',*,*,#3342,.F.);
#1571=ORIENTED_EDGE('',*,*,#3343,.T.);
#1572=CARTESIAN_POINT('',(1.735,0.08,0.71));
#1573=DIRECTION('',(0.0,0.0,-1.0));
#1574=DIRECTION('',(0.0,-1.0,0.0));
#1575=ORIENTED_EDGE('',*,*,#3344,.T.);
#1576=ORIENTED_EDGE('',*,*,#3345,.T.);
#1577=ORIENTED_EDGE('',*,*,#3346,.F.);
#1578=ORIENTED_EDGE('',*,*,#3343,.F.);
#1579=CARTESIAN_POINT('',(-0.87,0.08,0.52));
#1580=DIRECTION('',(-0.0,1.0,0.0));
#1581=DIRECTION('',(1.0,0.0,0.0));
#1582=ORIENTED_EDGE('',*,*,#3184,.T.);
#1583=ORIENTED_EDGE('',*,*,#3347,.T.);
#1584=ORIENTED_EDGE('',*,*,#3348,.T.);
#1585=ORIENTED_EDGE('',*,*,#3349,.T.);
#1586=ORIENTED_EDGE('',*,*,#3350,.T.);
#1587=ORIENTED_EDGE('',*,*,#3351,.T.);
#1588=ORIENTED_EDGE('',*,*,#3352,.T.);
#1589=ORIENTED_EDGE('',*,*,#3353,.T.);
#1590=ORIENTED_EDGE('',*,*,#3273,.T.);
#1591=CARTESIAN_POINT('',(-0.73,0.0,0.0));
#1592=DIRECTION('',(1.0,0.0,0.0));
#1593=DIRECTION('',(0.0,1.0,0.0));
#1594=ORIENTED_EDGE('',*,*,#3346,.T.);
#1595=ORIENTED_EDGE('',*,*,#3354,.T.);
#1596=ORIENTED_EDGE('',*,*,#3355,.T.);
#1597=ORIENTED_EDGE('',*,*,#3356,.T.);
#1598=ORIENTED_EDGE('',*,*,#3357,.T.);
#1599=ORIENTED_EDGE('',*,*,#3358,.T.);
#1600=ORIENTED_EDGE('',*,*,#3220,.T.);
#1601=ORIENTED_EDGE('',*,*,#3241,.T.);
#1602=ORIENTED_EDGE('',*,*,#3359,.T.);
#1603=CARTESIAN_POINT('',(-0.73,0.0,0.0));
#1604=DIRECTION('',(1.0,0.0,0.0));
#1605=DIRECTION('',(0.0,1.0,0.0));
#1606=ORIENTED_EDGE('',*,*,#3360,.F.);
#1607=ORIENTED_EDGE('',*,*,#3276,.T.);
#1608=ORIENTED_EDGE('',*,*,#3257,.T.);
#1609=ORIENTED_EDGE('',*,*,#3248,.F.);
#1610=CARTESIAN_POINT('',(1.735,0.08,-0.71));
#1611=DIRECTION('',(0.0,0.8,0.6));
#1612=DIRECTION('',(1.0,0.0,-0.0));
#1613=ORIENTED_EDGE('',*,*,#3361,.F.);
#1614=ORIENTED_EDGE('',*,*,#3362,.T.);
#1615=ORIENTED_EDGE('',*,*,#3259,.T.);
#1616=ORIENTED_EDGE('',*,*,#3363,.F.);
#1617=CARTESIAN_POINT('',(1.735,0.08,-0.71));
#1618=DIRECTION('',(0.0,0.8,0.6));
#1619=DIRECTION('',(1.0,0.0,-0.0));
#1620=ORIENTED_EDGE('',*,*,#3364,.F.);
#1621=ORIENTED_EDGE('',*,*,#3365,.T.);
#1622=ORIENTED_EDGE('',*,*,#3262,.T.);
#1623=ORIENTED_EDGE('',*,*,#3366,.F.);
#1624=CARTESIAN_POINT('',(1.735,0.08,-0.71));
#1625=DIRECTION('',(0.0,0.8,0.6));
#1626=DIRECTION('',(1.0,0.0,-0.0));
#1627=ORIENTED_EDGE('',*,*,#3367,.F.);
#1628=ORIENTED_EDGE('',*,*,#3368,.T.);
#1629=ORIENTED_EDGE('',*,*,#3265,.T.);
#1630=ORIENTED_EDGE('',*,*,#3369,.F.);
#1631=CARTESIAN_POINT('',(1.735,0.08,-0.71));
#1632=DIRECTION('',(0.0,0.8,0.6));
#1633=DIRECTION('',(1.0,0.0,-0.0));
#1634=ORIENTED_EDGE('',*,*,#3269,.T.);
#1635=ORIENTED_EDGE('',*,*,#3370,.F.);
#1636=ORIENTED_EDGE('',*,*,#3371,.F.);
#1637=ORIENTED_EDGE('',*,*,#3372,.T.);
#1638=CARTESIAN_POINT('',(1.735,0.08,-0.71));
#1639=DIRECTION('',(0.0,0.8,0.6));
#1640=DIRECTION('',(1.0,0.0,-0.0));
#1641=ORIENTED_EDGE('',*,*,#3373,.F.);
#1642=ORIENTED_EDGE('',*,*,#3374,.T.);
#1643=ORIENTED_EDGE('',*,*,#3271,.T.);
#1644=ORIENTED_EDGE('',*,*,#3353,.F.);
#1645=CARTESIAN_POINT('',(1.735,0.08,-0.71));
#1646=DIRECTION('',(0.0,0.8,0.6));
#1647=DIRECTION('',(1.0,0.0,-0.0));
#1648=ORIENTED_EDGE('',*,*,#3371,.T.);
#1649=ORIENTED_EDGE('',*,*,#3375,.T.);
#1650=ORIENTED_EDGE('',*,*,#3323,.F.);
#1651=ORIENTED_EDGE('',*,*,#3376,.F.);
#1652=ORIENTED_EDGE('',*,*,#3377,.F.);
#1653=ORIENTED_EDGE('',*,*,#3378,.T.);
#1654=ORIENTED_EDGE('',*,*,#3294,.F.);
#1655=ORIENTED_EDGE('',*,*,#3277,.F.);
#1656=ORIENTED_EDGE('',*,*,#3360,.T.);
#1657=ORIENTED_EDGE('',*,*,#3379,.F.);
#1658=ORIENTED_EDGE('',*,*,#3361,.T.);
#1659=ORIENTED_EDGE('',*,*,#3380,.F.);
#1660=ORIENTED_EDGE('',*,*,#3364,.T.);
#1661=ORIENTED_EDGE('',*,*,#3381,.F.);
#1662=ORIENTED_EDGE('',*,*,#3367,.T.);
#1663=ORIENTED_EDGE('',*,*,#3382,.F.);
#1664=ORIENTED_EDGE('',*,*,#3373,.T.);
#1665=ORIENTED_EDGE('',*,*,#3383,.F.);
#1666=CARTESIAN_POINT('',(1.735,0.12,-0.71));
#1667=DIRECTION('',(0.0,0.0,1.0));
#1668=DIRECTION('',(1.0,0.0,0.0));
#1669=ORIENTED_EDGE('',*,*,#3352,.F.);
#1670=ORIENTED_EDGE('',*,*,#3384,.F.);
#1671=ORIENTED_EDGE('',*,*,#3385,.T.);
#1672=ORIENTED_EDGE('',*,*,#3383,.T.);
#1673=CARTESIAN_POINT('',(-0.87,0.08,-0.91));
#1674=DIRECTION('',(-0.0,1.0,0.0));
#1675=DIRECTION('',(1.0,0.0,0.0));
#1676=ORIENTED_EDGE('',*,*,#3372,.F.);
#1677=ORIENTED_EDGE('',*,*,#3385,.F.);
#1678=ORIENTED_EDGE('',*,*,#3386,.F.);
#1679=ORIENTED_EDGE('',*,*,#3387,.F.);
#1680=ORIENTED_EDGE('',*,*,#3388,.F.);
#1681=ORIENTED_EDGE('',*,*,#3389,.F.);
#1682=ORIENTED_EDGE('',*,*,#3390,.F.);
#1683=ORIENTED_EDGE('',*,*,#3182,.F.);
#1684=ORIENTED_EDGE('',*,*,#3270,.F.);
#1685=CARTESIAN_POINT('',(-0.87,0.0,0.0));
#1686=DIRECTION('',(1.0,0.0,0.0));
#1687=DIRECTION('',(0.0,1.0,0.0));
#1688=ORIENTED_EDGE('',*,*,#3238,.F.);
#1689=ORIENTED_EDGE('',*,*,#3222,.F.);
#1690=ORIENTED_EDGE('',*,*,#3391,.F.);
#1691=ORIENTED_EDGE('',*,*,#3392,.F.);
#1692=ORIENTED_EDGE('',*,*,#3393,.F.);
#1693=ORIENTED_EDGE('',*,*,#3394,.F.);
#1694=ORIENTED_EDGE('',*,*,#3395,.F.);
#1695=ORIENTED_EDGE('',*,*,#3344,.F.);
#1696=ORIENTED_EDGE('',*,*,#3396,.F.);
#1697=CARTESIAN_POINT('',(-0.87,0.0,0.0));
#1698=DIRECTION('',(1.0,0.0,0.0));
#1699=DIRECTION('',(0.0,1.0,0.0));
#1700=ORIENTED_EDGE('',*,*,#3397,.T.);
#1701=ORIENTED_EDGE('',*,*,#3347,.F.);
#1702=ORIENTED_EDGE('',*,*,#3183,.F.);
#1703=ORIENTED_EDGE('',*,*,#3390,.T.);
#1704=CARTESIAN_POINT('',(-0.87,0.0,-0.87));
#1705=DIRECTION('',(-1.0,0.0,-0.0));
#1706=DIRECTION('',(0.0,0.0,-1.0));
#1707=ORIENTED_EDGE('',*,*,#3398,.T.);
#1708=ORIENTED_EDGE('',*,*,#3348,.F.);
#1709=ORIENTED_EDGE('',*,*,#3397,.F.);
#1710=ORIENTED_EDGE('',*,*,#3389,.T.);
#1711=CARTESIAN_POINT('',(-0.87,-0.02,-0.87));
#1712=DIRECTION('',(0.0,-1.0,0.0));
#1713=DIRECTION('',(0.0,0.0,-1.0));
#1714=ORIENTED_EDGE('',*,*,#3399,.T.);
#1715=ORIENTED_EDGE('',*,*,#3349,.F.);
#1716=ORIENTED_EDGE('',*,*,#3398,.F.);
#1717=ORIENTED_EDGE('',*,*,#3388,.T.);
#1718=CARTESIAN_POINT('',(-0.87,-0.02,-1.05));
#1719=DIRECTION('',(0.0,0.0,-1.0));
#1720=DIRECTION('',(0.0,-1.0,0.0));
#1721=ORIENTED_EDGE('',*,*,#3400,.T.);
#1722=ORIENTED_EDGE('',*,*,#3350,.F.);
#1723=ORIENTED_EDGE('',*,*,#3399,.F.);
#1724=ORIENTED_EDGE('',*,*,#3387,.T.);
#1725=CARTESIAN_POINT('',(-0.87,0.06,-1.05));
#1726=DIRECTION('',(-0.0,1.0,0.0));
#1727=DIRECTION('',(1.0,0.0,0.0));
#1728=ORIENTED_EDGE('',*,*,#3384,.T.);
#1729=ORIENTED_EDGE('',*,*,#3351,.F.);
#1730=ORIENTED_EDGE('',*,*,#3400,.F.);
#1731=ORIENTED_EDGE('',*,*,#3386,.T.);
#1732=CARTESIAN_POINT('',(-0.87,0.06,-0.91));
#1733=DIRECTION('',(-1.0,0.0,-0.0));
#1734=DIRECTION('',(0.0,0.0,-1.0));
#1735=ORIENTED_EDGE('',*,*,#3225,.F.);
#1736=ORIENTED_EDGE('',*,*,#3275,.T.);
#1737=ORIENTED_EDGE('',*,*,#3337,.T.);
#1738=ORIENTED_EDGE('',*,*,#3256,.F.);
#1739=CARTESIAN_POINT('',(1.735,0.05,0.67));
#1740=DIRECTION('',(0.0,0.8,-0.6));
#1741=DIRECTION('',(-1.0,0.0,0.0));
#1742=ORIENTED_EDGE('',*,*,#3228,.F.);
#1743=ORIENTED_EDGE('',*,*,#3401,.T.);
#1744=ORIENTED_EDGE('',*,*,#3335,.T.);
#1745=ORIENTED_EDGE('',*,*,#3402,.F.);
#1746=CARTESIAN_POINT('',(1.735,0.05,0.67));
#1747=DIRECTION('',(0.0,0.8,-0.6));
#1748=DIRECTION('',(-1.0,0.0,0.0));
#1749=ORIENTED_EDGE('',*,*,#3231,.F.);
#1750=ORIENTED_EDGE('',*,*,#3403,.T.);
#1751=ORIENTED_EDGE('',*,*,#3333,.T.);
#1752=ORIENTED_EDGE('',*,*,#3404,.F.);
#1753=CARTESIAN_POINT('',(1.735,0.05,0.67));
#1754=DIRECTION('',(0.0,0.8,-0.6));
#1755=DIRECTION('',(-1.0,0.0,0.0));
#1756=ORIENTED_EDGE('',*,*,#3234,.F.);
#1757=ORIENTED_EDGE('',*,*,#3405,.T.);
#1758=ORIENTED_EDGE('',*,*,#3331,.T.);
#1759=ORIENTED_EDGE('',*,*,#3406,.F.);
#1760=CARTESIAN_POINT('',(1.735,0.05,0.67));
#1761=DIRECTION('',(0.0,0.8,-0.6));
#1762=DIRECTION('',(-1.0,0.0,0.0));
#1763=ORIENTED_EDGE('',*,*,#3342,.T.);
#1764=ORIENTED_EDGE('',*,*,#3407,.F.);
#1765=ORIENTED_EDGE('',*,*,#3236,.F.);
#1766=ORIENTED_EDGE('',*,*,#3396,.T.);
#1767=CARTESIAN_POINT('',(1.735,0.05,0.67));
#1768=DIRECTION('',(0.0,0.8,-0.6));
#1769=DIRECTION('',(-1.0,0.0,0.0));
#1770=ORIENTED_EDGE('',*,*,#3240,.F.);
#1771=ORIENTED_EDGE('',*,*,#3408,.T.);
#1772=ORIENTED_EDGE('',*,*,#3329,.T.);
#1773=ORIENTED_EDGE('',*,*,#3359,.F.);
#1774=CARTESIAN_POINT('',(1.735,0.05,0.67));
#1775=DIRECTION('',(0.0,0.8,-0.6));
#1776=DIRECTION('',(-1.0,0.0,0.0));
#1777=ORIENTED_EDGE('',*,*,#3196,.T.);
#1778=ORIENTED_EDGE('',*,*,#3409,.T.);
#1779=ORIENTED_EDGE('',*,*,#3410,.T.);
#1780=ORIENTED_EDGE('',*,*,#3411,.T.);
#1781=ORIENTED_EDGE('',*,*,#3412,.T.);
#1782=ORIENTED_EDGE('',*,*,#3413,.T.);
#1783=ORIENTED_EDGE('',*,*,#3414,.T.);
#1784=ORIENTED_EDGE('',*,*,#3363,.T.);
#1785=ORIENTED_EDGE('',*,*,#3261,.T.);
#1786=CARTESIAN_POINT('',(0.47,0.0,0.0));
#1787=DIRECTION('',(1.0,0.0,0.0));
#1788=DIRECTION('',(0.0,1.0,0.0));
#1789=ORIENTED_EDGE('',*,*,#3415,.T.);
#1790=ORIENTED_EDGE('',*,*,#3416,.T.);
#1791=ORIENTED_EDGE('',*,*,#3417,.T.);
#1792=ORIENTED_EDGE('',*,*,#3418,.T.);
#1793=ORIENTED_EDGE('',*,*,#3419,.T.);
#1794=ORIENTED_EDGE('',*,*,#3420,.T.);
#1795=ORIENTED_EDGE('',*,*,#3208,.T.);
#1796=ORIENTED_EDGE('',*,*,#3229,.T.);
#1797=ORIENTED_EDGE('',*,*,#3402,.T.);
#1798=CARTESIAN_POINT('',(0.47,0.0,0.0));
#1799=DIRECTION('',(1.0,0.0,0.0));
#1800=DIRECTION('',(0.0,1.0,0.0));
#1801=ORIENTED_EDGE('',*,*,#3414,.F.);
#1802=ORIENTED_EDGE('',*,*,#3421,.F.);
#1803=ORIENTED_EDGE('',*,*,#3422,.T.);
#1804=ORIENTED_EDGE('',*,*,#3380,.T.);
#1805=CARTESIAN_POINT('',(0.33,0.08,-0.91));
#1806=DIRECTION('',(-0.0,1.0,0.0));
#1807=DIRECTION('',(1.0,0.0,0.0));
#1808=ORIENTED_EDGE('',*,*,#3365,.F.);
#1809=ORIENTED_EDGE('',*,*,#3422,.F.);
#1810=ORIENTED_EDGE('',*,*,#3423,.F.);
#1811=ORIENTED_EDGE('',*,*,#3424,.F.);
#1812=ORIENTED_EDGE('',*,*,#3425,.F.);
#1813=ORIENTED_EDGE('',*,*,#3426,.F.);
#1814=ORIENTED_EDGE('',*,*,#3427,.F.);
#1815=ORIENTED_EDGE('',*,*,#3194,.F.);
#1816=ORIENTED_EDGE('',*,*,#3263,.F.);
#1817=CARTESIAN_POINT('',(0.33,0.0,0.0));
#1818=DIRECTION('',(1.0,0.0,0.0));
#1819=DIRECTION('',(0.0,1.0,0.0));
#1820=ORIENTED_EDGE('',*,*,#3230,.F.);
#1821=ORIENTED_EDGE('',*,*,#3210,.F.);
#1822=ORIENTED_EDGE('',*,*,#3428,.F.);
#1823=ORIENTED_EDGE('',*,*,#3429,.F.);
#1824=ORIENTED_EDGE('',*,*,#3430,.F.);
#1825=ORIENTED_EDGE('',*,*,#3431,.F.);
#1826=ORIENTED_EDGE('',*,*,#3432,.F.);
#1827=ORIENTED_EDGE('',*,*,#3433,.F.);
#1828=ORIENTED_EDGE('',*,*,#3403,.F.);
#1829=CARTESIAN_POINT('',(0.33,0.0,0.0));
#1830=DIRECTION('',(1.0,0.0,0.0));
#1831=DIRECTION('',(0.0,1.0,0.0));
#1832=ORIENTED_EDGE('',*,*,#3434,.T.);
#1833=ORIENTED_EDGE('',*,*,#3409,.F.);
#1834=ORIENTED_EDGE('',*,*,#3195,.F.);
#1835=ORIENTED_EDGE('',*,*,#3427,.T.);
#1836=CARTESIAN_POINT('',(0.33,0.0,-0.87));
#1837=DIRECTION('',(-1.0,0.0,-0.0));
#1838=DIRECTION('',(0.0,0.0,-1.0));
#1839=ORIENTED_EDGE('',*,*,#3435,.T.);
#1840=ORIENTED_EDGE('',*,*,#3410,.F.);
#1841=ORIENTED_EDGE('',*,*,#3434,.F.);
#1842=ORIENTED_EDGE('',*,*,#3426,.T.);
#1843=CARTESIAN_POINT('',(0.33,-0.02,-0.87));
#1844=DIRECTION('',(0.0,-1.0,0.0));
#1845=DIRECTION('',(0.0,0.0,-1.0));
#1846=ORIENTED_EDGE('',*,*,#3436,.T.);
#1847=ORIENTED_EDGE('',*,*,#3411,.F.);
#1848=ORIENTED_EDGE('',*,*,#3435,.F.);
#1849=ORIENTED_EDGE('',*,*,#3425,.T.);
#1850=CARTESIAN_POINT('',(0.33,-0.02,-1.05));
#1851=DIRECTION('',(0.0,0.0,-1.0));
#1852=DIRECTION('',(0.0,-1.0,0.0));
#1853=ORIENTED_EDGE('',*,*,#3437,.T.);
#1854=ORIENTED_EDGE('',*,*,#3412,.F.);
#1855=ORIENTED_EDGE('',*,*,#3436,.F.);
#1856=ORIENTED_EDGE('',*,*,#3424,.T.);
#1857=CARTESIAN_POINT('',(0.33,0.06,-1.05));
#1858=DIRECTION('',(-0.0,1.0,0.0));
#1859=DIRECTION('',(1.0,0.0,0.0));
#1860=ORIENTED_EDGE('',*,*,#3421,.T.);
#1861=ORIENTED_EDGE('',*,*,#3413,.F.);
#1862=ORIENTED_EDGE('',*,*,#3437,.F.);
#1863=ORIENTED_EDGE('',*,*,#3423,.T.);
#1864=CARTESIAN_POINT('',(0.33,0.06,-0.91));
#1865=DIRECTION('',(-1.0,0.0,-0.0));
#1866=DIRECTION('',(0.0,0.0,-1.0));
#1867=ORIENTED_EDGE('',*,*,#3433,.T.);
#1868=ORIENTED_EDGE('',*,*,#3438,.T.);
#1869=ORIENTED_EDGE('',*,*,#3415,.F.);
#1870=ORIENTED_EDGE('',*,*,#3334,.F.);
#1871=CARTESIAN_POINT('',(0.33,0.08,0.52));
#1872=DIRECTION('',(-0.0,1.0,0.0));
#1873=DIRECTION('',(1.0,0.0,0.0));
#1874=ORIENTED_EDGE('',*,*,#3439,.T.);
#1875=ORIENTED_EDGE('',*,*,#3416,.F.);
#1876=ORIENTED_EDGE('',*,*,#3438,.F.);
#1877=ORIENTED_EDGE('',*,*,#3432,.T.);
#1878=CARTESIAN_POINT('',(0.33,0.06,0.91));
#1879=DIRECTION('',(-1.0,0.0,-0.0));
#1880=DIRECTION('',(0.0,0.0,-1.0));
#1881=ORIENTED_EDGE('',*,*,#3440,.T.);
#1882=ORIENTED_EDGE('',*,*,#3417,.F.);
#1883=ORIENTED_EDGE('',*,*,#3439,.F.);
#1884=ORIENTED_EDGE('',*,*,#3431,.T.);
#1885=CARTESIAN_POINT('',(0.33,0.06,0.93));
#1886=DIRECTION('',(-0.0,1.0,0.0));
#1887=DIRECTION('',(1.0,0.0,0.0));
#1888=ORIENTED_EDGE('',*,*,#3441,.T.);
#1889=ORIENTED_EDGE('',*,*,#3418,.F.);
#1890=ORIENTED_EDGE('',*,*,#3440,.F.);
#1891=ORIENTED_EDGE('',*,*,#3430,.T.);
#1892=CARTESIAN_POINT('',(0.33,0.06,1.05));
#1893=DIRECTION('',(0.0,0.0,1.0));
#1894=DIRECTION('',(1.0,0.0,0.0));
#1895=ORIENTED_EDGE('',*,*,#3442,.T.);
#1896=ORIENTED_EDGE('',*,*,#3419,.F.);
#1897=ORIENTED_EDGE('',*,*,#3441,.F.);
#1898=ORIENTED_EDGE('',*,*,#3429,.T.);
#1899=CARTESIAN_POINT('',(0.33,-0.02,1.05));
#1900=DIRECTION('',(0.0,-1.0,0.0));
#1901=DIRECTION('',(0.0,0.0,-1.0));
#1902=ORIENTED_EDGE('',*,*,#3209,.T.);
#1903=ORIENTED_EDGE('',*,*,#3420,.F.);
#1904=ORIENTED_EDGE('',*,*,#3442,.F.);
#1905=ORIENTED_EDGE('',*,*,#3428,.T.);
#1906=CARTESIAN_POINT('',(0.33,0.0,0.87));
#1907=DIRECTION('',(-1.0,0.0,-0.0));
#1908=DIRECTION('',(0.0,0.0,-1.0));
#1909=ORIENTED_EDGE('',*,*,#3362,.F.);
#1910=ORIENTED_EDGE('',*,*,#3443,.F.);
#1911=ORIENTED_EDGE('',*,*,#3444,.F.);
#1912=ORIENTED_EDGE('',*,*,#3445,.F.);
#1913=ORIENTED_EDGE('',*,*,#3446,.F.);
#1914=ORIENTED_EDGE('',*,*,#3447,.F.);
#1915=ORIENTED_EDGE('',*,*,#3448,.F.);
#1916=ORIENTED_EDGE('',*,*,#3198,.F.);
#1917=ORIENTED_EDGE('',*,*,#3260,.F.);
#1918=CARTESIAN_POINT('',(0.73,0.0,0.0));
#1919=DIRECTION('',(1.0,0.0,0.0));
#1920=DIRECTION('',(0.0,1.0,0.0));
#1921=ORIENTED_EDGE('',*,*,#3227,.F.);
#1922=ORIENTED_EDGE('',*,*,#3206,.F.);
#1923=ORIENTED_EDGE('',*,*,#3449,.F.);
#1924=ORIENTED_EDGE('',*,*,#3450,.F.);
#1925=ORIENTED_EDGE('',*,*,#3451,.F.);
#1926=ORIENTED_EDGE('',*,*,#3452,.F.);
#1927=ORIENTED_EDGE('',*,*,#3453,.F.);
#1928=ORIENTED_EDGE('',*,*,#3454,.F.);
#1929=ORIENTED_EDGE('',*,*,#3401,.F.);
#1930=CARTESIAN_POINT('',(0.73,0.0,0.0));
#1931=DIRECTION('',(1.0,0.0,0.0));
#1932=DIRECTION('',(0.0,1.0,0.0));
#1933=ORIENTED_EDGE('',*,*,#3455,.T.);
#1934=ORIENTED_EDGE('',*,*,#3242,.F.);
#1935=ORIENTED_EDGE('',*,*,#3199,.F.);
#1936=ORIENTED_EDGE('',*,*,#3448,.T.);
#1937=CARTESIAN_POINT('',(0.73,0.0,-0.87));
#1938=DIRECTION('',(-1.0,0.0,-0.0));
#1939=DIRECTION('',(0.0,0.0,-1.0));
#1940=ORIENTED_EDGE('',*,*,#3456,.T.);
#1941=ORIENTED_EDGE('',*,*,#3243,.F.);
#1942=ORIENTED_EDGE('',*,*,#3455,.F.);
#1943=ORIENTED_EDGE('',*,*,#3447,.T.);
#1944=CARTESIAN_POINT('',(0.73,-0.02,-0.87));
#1945=DIRECTION('',(0.0,-1.0,0.0));
#1946=DIRECTION('',(0.0,0.0,-1.0));
#1947=ORIENTED_EDGE('',*,*,#3457,.T.);
#1948=ORIENTED_EDGE('',*,*,#3244,.F.);
#1949=ORIENTED_EDGE('',*,*,#3456,.F.);
#1950=ORIENTED_EDGE('',*,*,#3446,.T.);
#1951=CARTESIAN_POINT('',(0.73,-0.02,-1.05));
#1952=DIRECTION('',(0.0,0.0,-1.0));
#1953=DIRECTION('',(0.0,-1.0,0.0));
#1954=ORIENTED_EDGE('',*,*,#3458,.T.);
#1955=ORIENTED_EDGE('',*,*,#3245,.F.);
#1956=ORIENTED_EDGE('',*,*,#3457,.F.);
#1957=ORIENTED_EDGE('',*,*,#3445,.T.);
#1958=CARTESIAN_POINT('',(0.73,0.06,-1.05));
#1959=DIRECTION('',(-0.0,1.0,0.0));
#1960=DIRECTION('',(1.0,0.0,0.0));
#1961=ORIENTED_EDGE('',*,*,#3459,.T.);
#1962=ORIENTED_EDGE('',*,*,#3246,.F.);
#1963=ORIENTED_EDGE('',*,*,#3458,.F.);
#1964=ORIENTED_EDGE('',*,*,#3444,.T.);
#1965=CARTESIAN_POINT('',(0.73,0.06,-0.91));
#1966=DIRECTION('',(-1.0,0.0,-0.0));
#1967=DIRECTION('',(0.0,0.0,-1.0));
#1968=ORIENTED_EDGE('',*,*,#3247,.F.);
#1969=ORIENTED_EDGE('',*,*,#3459,.F.);
#1970=ORIENTED_EDGE('',*,*,#3443,.T.);
#1971=ORIENTED_EDGE('',*,*,#3379,.T.);
#1972=CARTESIAN_POINT('',(0.73,0.08,-0.91));
#1973=DIRECTION('',(-0.0,1.0,0.0));
#1974=DIRECTION('',(1.0,0.0,0.0));
#1975=ORIENTED_EDGE('',*,*,#3454,.T.);
#1976=ORIENTED_EDGE('',*,*,#3460,.T.);
#1977=ORIENTED_EDGE('',*,*,#3250,.F.);
#1978=ORIENTED_EDGE('',*,*,#3336,.F.);
#1979=CARTESIAN_POINT('',(0.73,0.08,0.52));
#1980=DIRECTION('',(-0.0,1.0,0.0));
#1981=DIRECTION('',(1.0,0.0,0.0));
#1982=ORIENTED_EDGE('',*,*,#3461,.T.);
#1983=ORIENTED_EDGE('',*,*,#3251,.F.);
#1984=ORIENTED_EDGE('',*,*,#3460,.F.);
#1985=ORIENTED_EDGE('',*,*,#3453,.T.);
#1986=CARTESIAN_POINT('',(0.73,0.06,0.91));
#1987=DIRECTION('',(-1.0,0.0,-0.0));
#1988=DIRECTION('',(0.0,0.0,-1.0));
#1989=ORIENTED_EDGE('',*,*,#3462,.T.);
#1990=ORIENTED_EDGE('',*,*,#3252,.F.);
#1991=ORIENTED_EDGE('',*,*,#3461,.F.);
#1992=ORIENTED_EDGE('',*,*,#3452,.T.);
#1993=CARTESIAN_POINT('',(0.73,0.06,0.93));
#1994=DIRECTION('',(-0.0,1.0,0.0));
#1995=DIRECTION('',(1.0,0.0,0.0));
#1996=ORIENTED_EDGE('',*,*,#3463,.T.);
#1997=ORIENTED_EDGE('',*,*,#3253,.F.);
#1998=ORIENTED_EDGE('',*,*,#3462,.F.);
#1999=ORIENTED_EDGE('',*,*,#3451,.T.);
#2000=CARTESIAN_POINT('',(0.73,0.06,1.05));
#2001=DIRECTION('',(0.0,0.0,1.0));
#2002=DIRECTION('',(1.0,0.0,0.0));
#2003=ORIENTED_EDGE('',*,*,#3464,.T.);
#2004=ORIENTED_EDGE('',*,*,#3254,.F.);
#2005=ORIENTED_EDGE('',*,*,#3463,.F.);
#2006=ORIENTED_EDGE('',*,*,#3450,.T.);
#2007=CARTESIAN_POINT('',(0.73,-0.02,1.05));
#2008=DIRECTION('',(0.0,-1.0,0.0));
#2009=DIRECTION('',(0.0,0.0,-1.0));
#2010=ORIENTED_EDGE('',*,*,#3205,.T.);
#2011=ORIENTED_EDGE('',*,*,#3255,.F.);
#2012=ORIENTED_EDGE('',*,*,#3464,.F.);
#2013=ORIENTED_EDGE('',*,*,#3449,.T.);
#2014=CARTESIAN_POINT('',(0.73,0.0,0.87));
#2015=DIRECTION('',(-1.0,0.0,-0.0));
#2016=DIRECTION('',(0.0,0.0,-1.0));
#2017=ORIENTED_EDGE('',*,*,#3192,.T.);
#2018=ORIENTED_EDGE('',*,*,#3465,.T.);
#2019=ORIENTED_EDGE('',*,*,#3466,.T.);
#2020=ORIENTED_EDGE('',*,*,#3467,.T.);
#2021=ORIENTED_EDGE('',*,*,#3468,.T.);
#2022=ORIENTED_EDGE('',*,*,#3469,.T.);
#2023=ORIENTED_EDGE('',*,*,#3470,.T.);
#2024=ORIENTED_EDGE('',*,*,#3366,.T.);
#2025=ORIENTED_EDGE('',*,*,#3264,.T.);
#2026=CARTESIAN_POINT('',(0.07,0.0,0.0));
#2027=DIRECTION('',(1.0,0.0,0.0));
#2028=DIRECTION('',(0.0,1.0,0.0));
#2029=ORIENTED_EDGE('',*,*,#3471,.T.);
#2030=ORIENTED_EDGE('',*,*,#3472,.T.);
#2031=ORIENTED_EDGE('',*,*,#3473,.T.);
#2032=ORIENTED_EDGE('',*,*,#3474,.T.);
#2033=ORIENTED_EDGE('',*,*,#3475,.T.);
#2034=ORIENTED_EDGE('',*,*,#3476,.T.);
#2035=ORIENTED_EDGE('',*,*,#3212,.T.);
#2036=ORIENTED_EDGE('',*,*,#3232,.T.);
#2037=ORIENTED_EDGE('',*,*,#3404,.T.);
#2038=CARTESIAN_POINT('',(0.07,0.0,0.0));
#2039=DIRECTION('',(1.0,0.0,0.0));
#2040=DIRECTION('',(0.0,1.0,0.0));
#2041=ORIENTED_EDGE('',*,*,#3470,.F.);
#2042=ORIENTED_EDGE('',*,*,#3477,.F.);
#2043=ORIENTED_EDGE('',*,*,#3478,.T.);
#2044=ORIENTED_EDGE('',*,*,#3381,.T.);
#2045=CARTESIAN_POINT('',(-0.07,0.08,-0.91));
#2046=DIRECTION('',(-0.0,1.0,0.0));
#2047=DIRECTION('',(1.0,0.0,0.0));
#2048=ORIENTED_EDGE('',*,*,#3368,.F.);
#2049=ORIENTED_EDGE('',*,*,#3478,.F.);
#2050=ORIENTED_EDGE('',*,*,#3479,.F.);
#2051=ORIENTED_EDGE('',*,*,#3480,.F.);
#2052=ORIENTED_EDGE('',*,*,#3481,.F.);
#2053=ORIENTED_EDGE('',*,*,#3482,.F.);
#2054=ORIENTED_EDGE('',*,*,#3483,.F.);
#2055=ORIENTED_EDGE('',*,*,#3190,.F.);
#2056=ORIENTED_EDGE('',*,*,#3266,.F.);
#2057=CARTESIAN_POINT('',(-0.07,0.0,0.0));
#2058=DIRECTION('',(1.0,0.0,0.0));
#2059=DIRECTION('',(0.0,1.0,0.0));
#2060=ORIENTED_EDGE('',*,*,#3233,.F.);
#2061=ORIENTED_EDGE('',*,*,#3214,.F.);
#2062=ORIENTED_EDGE('',*,*,#3484,.F.);
#2063=ORIENTED_EDGE('',*,*,#3485,.F.);
#2064=ORIENTED_EDGE('',*,*,#3486,.F.);
#2065=ORIENTED_EDGE('',*,*,#3487,.F.);
#2066=ORIENTED_EDGE('',*,*,#3488,.F.);
#2067=ORIENTED_EDGE('',*,*,#3489,.F.);
#2068=ORIENTED_EDGE('',*,*,#3405,.F.);
#2069=CARTESIAN_POINT('',(-0.07,0.0,0.0));
#2070=DIRECTION('',(1.0,0.0,0.0));
#2071=DIRECTION('',(0.0,1.0,0.0));
#2072=ORIENTED_EDGE('',*,*,#3490,.T.);
#2073=ORIENTED_EDGE('',*,*,#3465,.F.);
#2074=ORIENTED_EDGE('',*,*,#3191,.F.);
#2075=ORIENTED_EDGE('',*,*,#3483,.T.);
#2076=CARTESIAN_POINT('',(-0.07,0.0,-0.87));
#2077=DIRECTION('',(-1.0,0.0,-0.0));
#2078=DIRECTION('',(0.0,0.0,-1.0));
#2079=ORIENTED_EDGE('',*,*,#3491,.T.);
#2080=ORIENTED_EDGE('',*,*,#3466,.F.);
#2081=ORIENTED_EDGE('',*,*,#3490,.F.);
#2082=ORIENTED_EDGE('',*,*,#3482,.T.);
#2083=CARTESIAN_POINT('',(-0.07,-0.02,-0.87));
#2084=DIRECTION('',(0.0,-1.0,0.0));
#2085=DIRECTION('',(0.0,0.0,-1.0));
#2086=ORIENTED_EDGE('',*,*,#3492,.T.);
#2087=ORIENTED_EDGE('',*,*,#3467,.F.);
#2088=ORIENTED_EDGE('',*,*,#3491,.F.);
#2089=ORIENTED_EDGE('',*,*,#3481,.T.);
#2090=CARTESIAN_POINT('',(-0.07,-0.02,-1.05));
#2091=DIRECTION('',(0.0,0.0,-1.0));
#2092=DIRECTION('',(0.0,-1.0,0.0));
#2093=ORIENTED_EDGE('',*,*,#3493,.T.);
#2094=ORIENTED_EDGE('',*,*,#3468,.F.);
#2095=ORIENTED_EDGE('',*,*,#3492,.F.);
#2096=ORIENTED_EDGE('',*,*,#3480,.T.);
#2097=CARTESIAN_POINT('',(-0.07,0.06,-1.05));
#2098=DIRECTION('',(-0.0,1.0,0.0));
#2099=DIRECTION('',(1.0,0.0,0.0));
#2100=ORIENTED_EDGE('',*,*,#3477,.T.);
#2101=ORIENTED_EDGE('',*,*,#3469,.F.);
#2102=ORIENTED_EDGE('',*,*,#3493,.F.);
#2103=ORIENTED_EDGE('',*,*,#3479,.T.);
#2104=CARTESIAN_POINT('',(-0.07,0.06,-0.91));
#2105=DIRECTION('',(-1.0,0.0,-0.0));
#2106=DIRECTION('',(0.0,0.0,-1.0));
#2107=ORIENTED_EDGE('',*,*,#3489,.T.);
#2108=ORIENTED_EDGE('',*,*,#3494,.T.);
#2109=ORIENTED_EDGE('',*,*,#3471,.F.);
#2110=ORIENTED_EDGE('',*,*,#3332,.F.);
#2111=CARTESIAN_POINT('',(-0.07,0.08,0.52));
#2112=DIRECTION('',(-0.0,1.0,0.0));
#2113=DIRECTION('',(1.0,0.0,0.0));
#2114=ORIENTED_EDGE('',*,*,#3495,.T.);
#2115=ORIENTED_EDGE('',*,*,#3472,.F.);
#2116=ORIENTED_EDGE('',*,*,#3494,.F.);
#2117=ORIENTED_EDGE('',*,*,#3488,.T.);
#2118=CARTESIAN_POINT('',(-0.07,0.06,0.91));
#2119=DIRECTION('',(-1.0,0.0,-0.0));
#2120=DIRECTION('',(0.0,0.0,-1.0));
#2121=ORIENTED_EDGE('',*,*,#3496,.T.);
#2122=ORIENTED_EDGE('',*,*,#3473,.F.);
#2123=ORIENTED_EDGE('',*,*,#3495,.F.);
#2124=ORIENTED_EDGE('',*,*,#3487,.T.);
#2125=CARTESIAN_POINT('',(-0.07,0.06,0.93));
#2126=DIRECTION('',(-0.0,1.0,0.0));
#2127=DIRECTION('',(1.0,0.0,0.0));
#2128=ORIENTED_EDGE('',*,*,#3497,.T.);
#2129=ORIENTED_EDGE('',*,*,#3474,.F.);
#2130=ORIENTED_EDGE('',*,*,#3496,.F.);
#2131=ORIENTED_EDGE('',*,*,#3486,.T.);
#2132=CARTESIAN_POINT('',(-0.07,0.06,1.05));
#2133=DIRECTION('',(0.0,0.0,1.0));
#2134=DIRECTION('',(1.0,0.0,0.0));
#2135=ORIENTED_EDGE('',*,*,#3498,.T.);
#2136=ORIENTED_EDGE('',*,*,#3475,.F.);
#2137=ORIENTED_EDGE('',*,*,#3497,.F.);
#2138=ORIENTED_EDGE('',*,*,#3485,.T.);
#2139=CARTESIAN_POINT('',(-0.07,-0.02,1.05));
#2140=DIRECTION('',(0.0,-1.0,0.0));
#2141=DIRECTION('',(0.0,0.0,-1.0));
#2142=ORIENTED_EDGE('',*,*,#3213,.T.);
#2143=ORIENTED_EDGE('',*,*,#3476,.F.);
#2144=ORIENTED_EDGE('',*,*,#3498,.F.);
#2145=ORIENTED_EDGE('',*,*,#3484,.T.);
#2146=CARTESIAN_POINT('',(-0.07,0.0,0.87));
#2147=DIRECTION('',(-1.0,0.0,-0.0));
#2148=DIRECTION('',(0.0,0.0,-1.0));
#2149=ORIENTED_EDGE('',*,*,#3188,.T.);
#2150=ORIENTED_EDGE('',*,*,#3499,.T.);
#2151=ORIENTED_EDGE('',*,*,#3500,.T.);
#2152=ORIENTED_EDGE('',*,*,#3501,.T.);
#2153=ORIENTED_EDGE('',*,*,#3502,.T.);
#2154=ORIENTED_EDGE('',*,*,#3503,.T.);
#2155=ORIENTED_EDGE('',*,*,#3504,.T.);
#2156=ORIENTED_EDGE('',*,*,#3369,.T.);
#2157=ORIENTED_EDGE('',*,*,#3267,.T.);
#2158=CARTESIAN_POINT('',(-0.33,0.0,0.0));
#2159=DIRECTION('',(1.0,0.0,0.0));
#2160=DIRECTION('',(0.0,1.0,0.0));
#2161=ORIENTED_EDGE('',*,*,#3505,.T.);
#2162=ORIENTED_EDGE('',*,*,#3506,.T.);
#2163=ORIENTED_EDGE('',*,*,#3507,.T.);
#2164=ORIENTED_EDGE('',*,*,#3508,.T.);
#2165=ORIENTED_EDGE('',*,*,#3509,.T.);
#2166=ORIENTED_EDGE('',*,*,#3510,.T.);
#2167=ORIENTED_EDGE('',*,*,#3216,.T.);
#2168=ORIENTED_EDGE('',*,*,#3235,.T.);
#2169=ORIENTED_EDGE('',*,*,#3406,.T.);
#2170=CARTESIAN_POINT('',(-0.33,0.0,0.0));
#2171=DIRECTION('',(1.0,0.0,0.0));
#2172=DIRECTION('',(0.0,1.0,0.0));
#2173=ORIENTED_EDGE('',*,*,#3504,.F.);
#2174=ORIENTED_EDGE('',*,*,#3511,.F.);
#2175=ORIENTED_EDGE('',*,*,#3512,.T.);
#2176=ORIENTED_EDGE('',*,*,#3382,.T.);
#2177=CARTESIAN_POINT('',(-0.47,0.08,-0.91));
#2178=DIRECTION('',(-0.0,1.0,0.0));
#2179=DIRECTION('',(1.0,0.0,0.0));
#2180=ORIENTED_EDGE('',*,*,#3374,.F.);
#2181=ORIENTED_EDGE('',*,*,#3512,.F.);
#2182=ORIENTED_EDGE('',*,*,#3513,.F.);
#2183=ORIENTED_EDGE('',*,*,#3514,.F.);
#2184=ORIENTED_EDGE('',*,*,#3515,.F.);
#2185=ORIENTED_EDGE('',*,*,#3516,.F.);
#2186=ORIENTED_EDGE('',*,*,#3517,.F.);
#2187=ORIENTED_EDGE('',*,*,#3186,.F.);
#2188=ORIENTED_EDGE('',*,*,#3272,.F.);
#2189=CARTESIAN_POINT('',(-0.47,0.0,0.0));
#2190=DIRECTION('',(1.0,0.0,0.0));
#2191=DIRECTION('',(0.0,1.0,0.0));
#2192=ORIENTED_EDGE('',*,*,#3239,.F.);
#2193=ORIENTED_EDGE('',*,*,#3218,.F.);
#2194=ORIENTED_EDGE('',*,*,#3518,.F.);
#2195=ORIENTED_EDGE('',*,*,#3519,.F.);
#2196=ORIENTED_EDGE('',*,*,#3520,.F.);
#2197=ORIENTED_EDGE('',*,*,#3521,.F.);
#2198=ORIENTED_EDGE('',*,*,#3522,.F.);
#2199=ORIENTED_EDGE('',*,*,#3523,.F.);
#2200=ORIENTED_EDGE('',*,*,#3408,.F.);
#2201=CARTESIAN_POINT('',(-0.47,0.0,0.0));
#2202=DIRECTION('',(1.0,0.0,0.0));
#2203=DIRECTION('',(0.0,1.0,0.0));
#2204=ORIENTED_EDGE('',*,*,#3524,.T.);
#2205=ORIENTED_EDGE('',*,*,#3499,.F.);
#2206=ORIENTED_EDGE('',*,*,#3187,.F.);
#2207=ORIENTED_EDGE('',*,*,#3517,.T.);
#2208=CARTESIAN_POINT('',(-0.47,0.0,-0.87));
#2209=DIRECTION('',(-1.0,0.0,-0.0));
#2210=DIRECTION('',(0.0,0.0,-1.0));
#2211=ORIENTED_EDGE('',*,*,#3525,.T.);
#2212=ORIENTED_EDGE('',*,*,#3500,.F.);
#2213=ORIENTED_EDGE('',*,*,#3524,.F.);
#2214=ORIENTED_EDGE('',*,*,#3516,.T.);
#2215=CARTESIAN_POINT('',(-0.47,-0.02,-0.87));
#2216=DIRECTION('',(0.0,-1.0,0.0));
#2217=DIRECTION('',(0.0,0.0,-1.0));
#2218=ORIENTED_EDGE('',*,*,#3526,.T.);
#2219=ORIENTED_EDGE('',*,*,#3501,.F.);
#2220=ORIENTED_EDGE('',*,*,#3525,.F.);
#2221=ORIENTED_EDGE('',*,*,#3515,.T.);
#2222=CARTESIAN_POINT('',(-0.47,-0.02,-1.05));
#2223=DIRECTION('',(0.0,0.0,-1.0));
#2224=DIRECTION('',(0.0,-1.0,0.0));
#2225=ORIENTED_EDGE('',*,*,#3527,.T.);
#2226=ORIENTED_EDGE('',*,*,#3502,.F.);
#2227=ORIENTED_EDGE('',*,*,#3526,.F.);
#2228=ORIENTED_EDGE('',*,*,#3514,.T.);
#2229=CARTESIAN_POINT('',(-0.47,0.06,-1.05));
#2230=DIRECTION('',(-0.0,1.0,0.0));
#2231=DIRECTION('',(1.0,0.0,0.0));
#2232=ORIENTED_EDGE('',*,*,#3511,.T.);
#2233=ORIENTED_EDGE('',*,*,#3503,.F.);
#2234=ORIENTED_EDGE('',*,*,#3527,.F.);
#2235=ORIENTED_EDGE('',*,*,#3513,.T.);
#2236=CARTESIAN_POINT('',(-0.47,0.06,-0.91));
#2237=DIRECTION('',(-1.0,0.0,-0.0));
#2238=DIRECTION('',(0.0,0.0,-1.0));
#2239=ORIENTED_EDGE('',*,*,#3523,.T.);
#2240=ORIENTED_EDGE('',*,*,#3528,.T.);
#2241=ORIENTED_EDGE('',*,*,#3505,.F.);
#2242=ORIENTED_EDGE('',*,*,#3330,.F.);
#2243=CARTESIAN_POINT('',(-0.47,0.08,0.52));
#2244=DIRECTION('',(-0.0,1.0,0.0));
#2245=DIRECTION('',(1.0,0.0,0.0));
#2246=ORIENTED_EDGE('',*,*,#3529,.T.);
#2247=ORIENTED_EDGE('',*,*,#3506,.F.);
#2248=ORIENTED_EDGE('',*,*,#3528,.F.);
#2249=ORIENTED_EDGE('',*,*,#3522,.T.);
#2250=CARTESIAN_POINT('',(-0.47,0.06,0.91));
#2251=DIRECTION('',(-1.0,0.0,-0.0));
#2252=DIRECTION('',(0.0,0.0,-1.0));
#2253=ORIENTED_EDGE('',*,*,#3530,.T.);
#2254=ORIENTED_EDGE('',*,*,#3507,.F.);
#2255=ORIENTED_EDGE('',*,*,#3529,.F.);
#2256=ORIENTED_EDGE('',*,*,#3521,.T.);
#2257=CARTESIAN_POINT('',(-0.47,0.06,0.93));
#2258=DIRECTION('',(-0.0,1.0,0.0));
#2259=DIRECTION('',(1.0,0.0,0.0));
#2260=ORIENTED_EDGE('',*,*,#3531,.T.);
#2261=ORIENTED_EDGE('',*,*,#3508,.F.);
#2262=ORIENTED_EDGE('',*,*,#3530,.F.);
#2263=ORIENTED_EDGE('',*,*,#3520,.T.);
#2264=CARTESIAN_POINT('',(-0.47,0.06,1.05));
#2265=DIRECTION('',(0.0,0.0,1.0));
#2266=DIRECTION('',(1.0,0.0,0.0));
#2267=ORIENTED_EDGE('',*,*,#3532,.T.);
#2268=ORIENTED_EDGE('',*,*,#3509,.F.);
#2269=ORIENTED_EDGE('',*,*,#3531,.F.);
#2270=ORIENTED_EDGE('',*,*,#3519,.T.);
#2271=CARTESIAN_POINT('',(-0.47,-0.02,1.05));
#2272=DIRECTION('',(0.0,-1.0,0.0));
#2273=DIRECTION('',(0.0,0.0,-1.0));
#2274=ORIENTED_EDGE('',*,*,#3217,.T.);
#2275=ORIENTED_EDGE('',*,*,#3510,.F.);
#2276=ORIENTED_EDGE('',*,*,#3532,.F.);
#2277=ORIENTED_EDGE('',*,*,#3518,.T.);
#2278=CARTESIAN_POINT('',(-0.47,0.0,0.87));
#2279=DIRECTION('',(-1.0,0.0,-0.0));
#2280=DIRECTION('',(0.0,0.0,-1.0));
#2281=ORIENTED_EDGE('',*,*,#3375,.F.);
#2282=ORIENTED_EDGE('',*,*,#3370,.T.);
#2283=ORIENTED_EDGE('',*,*,#3268,.T.);
#2284=ORIENTED_EDGE('',*,*,#3180,.F.);
#2285=ORIENTED_EDGE('',*,*,#3237,.F.);
#2286=ORIENTED_EDGE('',*,*,#3407,.T.);
#2287=ORIENTED_EDGE('',*,*,#3341,.T.);
#2288=ORIENTED_EDGE('',*,*,#3312,.T.);
#2289=ORIENTED_EDGE('',*,*,#3533,.T.);
#2290=ORIENTED_EDGE('',*,*,#3534,.F.);
#2291=ORIENTED_EDGE('',*,*,#3535,.T.);
#2292=ORIENTED_EDGE('',*,*,#3324,.T.);
#2293=CARTESIAN_POINT('',(-1.185,0.0,0.82));
#2294=DIRECTION('',(0.832050294337844,0.554700196225229,0.0));
#2295=DIRECTION('',(0.0,0.0,-1.0));
#2296=ORIENTED_EDGE('',*,*,#3535,.F.);
#2297=ORIENTED_EDGE('',*,*,#3536,.F.);
#2298=ORIENTED_EDGE('',*,*,#3537,.F.);
#2299=ORIENTED_EDGE('',*,*,#3317,.T.);
#2300=CARTESIAN_POINT('',(-1.5,0.1,-0.24));
#2301=DIRECTION('',(0.0,-0.707106781186548,-0.707106781186548));
#2302=DIRECTION('',(0.0,-0.707106781186548,0.707106781186548));
#2303=ORIENTED_EDGE('',*,*,#3538,.T.);
#2304=ORIENTED_EDGE('',*,*,#3318,.T.);
#2305=ORIENTED_EDGE('',*,*,#3537,.T.);
#2306=ORIENTED_EDGE('',*,*,#3539,.F.);
#2307=ORIENTED_EDGE('',*,*,#3540,.T.);
#2308=ORIENTED_EDGE('',*,*,#3310,.T.);
#2309=ORIENTED_EDGE('',*,*,#3541,.F.);
#2310=ORIENTED_EDGE('',*,*,#3542,.F.);
#2311=CARTESIAN_POINT('',(-1.735,0.0,-0.82));
#2312=DIRECTION('',(-1.0,0.0,0.0));
#2313=DIRECTION('',(0.0,0.0,1.0));
#2314=ORIENTED_EDGE('',*,*,#3543,.T.);
#2315=ORIENTED_EDGE('',*,*,#3544,.F.);
#2316=ORIENTED_EDGE('',*,*,#3545,.F.);
#2317=ORIENTED_EDGE('',*,*,#3546,.F.);
#2318=ORIENTED_EDGE('',*,*,#3542,.T.);
#2319=ORIENTED_EDGE('',*,*,#3547,.F.);
#2320=CARTESIAN_POINT('',(-1.665,0.59,0.0));
#2321=DIRECTION('',(-0.707106781186548,0.707106781186548,0.0));
#2322=DIRECTION('',(0.0,0.0,1.0));
#2323=ORIENTED_EDGE('',*,*,#3547,.T.);
#2324=ORIENTED_EDGE('',*,*,#3541,.T.);
#2325=ORIENTED_EDGE('',*,*,#3309,.F.);
#2326=ORIENTED_EDGE('',*,*,#3548,.F.);
#2327=ORIENTED_EDGE('',*,*,#3549,.T.);
#2328=CARTESIAN_POINT('',(-1.635,1.520376,0.72));
#2329=DIRECTION('',(0.0,1.0,-0.0));
#2330=DIRECTION('',(0.0,0.0,1.0));
#2331=ORIENTED_EDGE('',*,*,#3550,.F.);
#2332=ORIENTED_EDGE('',*,*,#3543,.F.);
#2333=ORIENTED_EDGE('',*,*,#3549,.F.);
#2334=ORIENTED_EDGE('',*,*,#3551,.T.);
#2335=ORIENTED_EDGE('',*,*,#3552,.F.);
#2336=ORIENTED_EDGE('',*,*,#3553,.F.);
#2337=CARTESIAN_POINT('',(-1.395,0.59,0.75));
#2338=DIRECTION('',(0.0,0.707106781186548,0.707106781186548));
#2339=DIRECTION('',(1.0,0.0,-0.0));
#2340=ORIENTED_EDGE('',*,*,#3554,.T.);
#2341=ORIENTED_EDGE('',*,*,#3306,.F.);
#2342=ORIENTED_EDGE('',*,*,#3340,.F.);
#2343=ORIENTED_EDGE('',*,*,#3555,.T.);
#2344=ORIENTED_EDGE('',*,*,#3556,.F.);
#2345=ORIENTED_EDGE('',*,*,#3553,.T.);
#2346=CARTESIAN_POINT('',(-1.07,0.66,0.71));
#2347=DIRECTION('',(-1.0,0.0,0.0));
#2348=DIRECTION('',(0.0,0.0,1.0));
#2349=ORIENTED_EDGE('',*,*,#3556,.T.);
#2350=ORIENTED_EDGE('',*,*,#3557,.T.);
#2351=ORIENTED_EDGE('',*,*,#3558,.T.);
#2352=ORIENTED_EDGE('',*,*,#3559,.T.);
#2353=ORIENTED_EDGE('',*,*,#3560,.T.);
#2354=ORIENTED_EDGE('',*,*,#3561,.T.);
#2355=ORIENTED_EDGE('',*,*,#3562,.T.);
#2356=ORIENTED_EDGE('',*,*,#3563,.T.);
#2357=ORIENTED_EDGE('',*,*,#3564,.T.);
#2358=ORIENTED_EDGE('',*,*,#3565,.T.);
#2359=ORIENTED_EDGE('',*,*,#3544,.T.);
#2360=ORIENTED_EDGE('',*,*,#3550,.T.);
#2361=ORIENTED_EDGE('',*,*,#3566,.T.);
#2362=ORIENTED_EDGE('',*,*,#3567,.T.);
#2363=ORIENTED_EDGE('',*,*,#3568,.T.);
#2364=ORIENTED_EDGE('',*,*,#3569,.T.);
#2365=ORIENTED_EDGE('',*,*,#3570,.T.);
#2366=ORIENTED_EDGE('',*,*,#3571,.T.);
#2367=ORIENTED_EDGE('',*,*,#3572,.T.);
#2368=ORIENTED_EDGE('',*,*,#3573,.T.);
#2369=CARTESIAN_POINT('',(0.0,0.66,0.0));
#2370=DIRECTION('',(-0.0,1.0,0.0));
#2371=DIRECTION('',(1.0,0.0,0.0));
#2372=ORIENTED_EDGE('',*,*,#3574,.T.);
#2373=ORIENTED_EDGE('',*,*,#3575,.T.);
#2374=ORIENTED_EDGE('',*,*,#3576,.F.);
#2375=ORIENTED_EDGE('',*,*,#3573,.F.);
#2376=CARTESIAN_POINT('',(1.02,0.54,-0.28));
#2377=DIRECTION('',(0.0,-1.0,-0.0));
#2378=DIRECTION('',(-0.05407007032787,0.0,-0.998537143773199));
#2379=ORIENTED_EDGE('',*,*,#3576,.T.);
#2380=ORIENTED_EDGE('',*,*,#3577,.T.);
#2381=ORIENTED_EDGE('',*,*,#3578,.F.);
#2382=ORIENTED_EDGE('',*,*,#3566,.F.);
#2383=CARTESIAN_POINT('',(1.26,0.54,-0.2892216423021));
#2384=DIRECTION('',(0.0,0.0,-1.0));
#2385=DIRECTION('',(0.0,1.0,0.0));
#2386=ORIENTED_EDGE('',*,*,#3578,.T.);
#2387=ORIENTED_EDGE('',*,*,#3579,.T.);
#2388=ORIENTED_EDGE('',*,*,#3580,.F.);
#2389=ORIENTED_EDGE('',*,*,#3567,.F.);
#2390=CARTESIAN_POINT('',(1.02,0.54,0.28));
#2391=DIRECTION('',(0.0,-1.0,0.0));
#2392=DIRECTION('',(0.9985371437732,0.0,-0.05407007032786));
#2393=ORIENTED_EDGE('',*,*,#3580,.T.);
#2394=ORIENTED_EDGE('',*,*,#3581,.T.);
#2395=ORIENTED_EDGE('',*,*,#3582,.F.);
#2396=ORIENTED_EDGE('',*,*,#3568,.F.);
#2397=CARTESIAN_POINT('',(1.029221642302,0.54,0.52));
#2398=DIRECTION('',(1.0,-0.0,0.0));
#2399=DIRECTION('',(0.0,1.0,0.0));
#2400=ORIENTED_EDGE('',*,*,#3582,.T.);
#2401=ORIENTED_EDGE('',*,*,#3583,.T.);
#2402=ORIENTED_EDGE('',*,*,#3584,.F.);
#2403=ORIENTED_EDGE('',*,*,#3569,.F.);
#2404=CARTESIAN_POINT('',(-1.02,0.54,0.28));
#2405=DIRECTION('',(0.0,-1.0,0.0));
#2406=DIRECTION('',(0.05407007032787,0.0,0.998537143773199));
#2407=ORIENTED_EDGE('',*,*,#3584,.T.);
#2408=ORIENTED_EDGE('',*,*,#3585,.T.);
#2409=ORIENTED_EDGE('',*,*,#3586,.F.);
#2410=ORIENTED_EDGE('',*,*,#3570,.F.);
#2411=CARTESIAN_POINT('',(-1.26,0.54,0.2892216423021));
#2412=DIRECTION('',(-0.0,0.0,1.0));
#2413=DIRECTION('',(0.0,1.0,0.0));
#2414=ORIENTED_EDGE('',*,*,#3586,.T.);
#2415=ORIENTED_EDGE('',*,*,#3587,.T.);
#2416=ORIENTED_EDGE('',*,*,#3588,.F.);
#2417=ORIENTED_EDGE('',*,*,#3571,.F.);
#2418=CARTESIAN_POINT('',(-1.02,0.54,-0.28));
#2419=DIRECTION('',(0.0,-1.0,0.0));
#2420=DIRECTION('',(-0.9985371437732,0.0,0.05407007032786));
#2421=ORIENTED_EDGE('',*,*,#3588,.T.);
#2422=ORIENTED_EDGE('',*,*,#3589,.T.);
#2423=ORIENTED_EDGE('',*,*,#3574,.F.);
#2424=ORIENTED_EDGE('',*,*,#3572,.F.);
#2425=CARTESIAN_POINT('',(-1.029221642302,0.54,-0.52));
#2426=DIRECTION('',(-1.0,0.0,0.0));
#2427=DIRECTION('',(0.0,1.0,0.0));
#2428=ORIENTED_EDGE('',*,*,#3590,.T.);
#2429=ORIENTED_EDGE('',*,*,#3591,.T.);
#2430=ORIENTED_EDGE('',*,*,#3592,.F.);
#2431=ORIENTED_EDGE('',*,*,#3589,.F.);
#2432=CARTESIAN_POINT('',(1.14,0.66,-0.4));
#2433=DIRECTION('',(0.0,0.0,-1.0));
#2434=DIRECTION('',(0.0,-1.0,0.0));
#2435=ORIENTED_EDGE('',*,*,#3592,.T.);
#2436=ORIENTED_EDGE('',*,*,#3593,.T.);
#2437=ORIENTED_EDGE('',*,*,#3594,.T.);
#2438=ORIENTED_EDGE('',*,*,#3595,.F.);
#2439=ORIENTED_EDGE('',*,*,#3575,.F.);
#2440=CARTESIAN_POINT('',(1.02,1.520376,-0.28));
#2441=DIRECTION('',(0.0,1.0,0.0));
#2442=DIRECTION('',(0.0,0.0,-1.0));
#2443=ORIENTED_EDGE('',*,*,#3595,.T.);
#2444=ORIENTED_EDGE('',*,*,#3596,.T.);
#2445=ORIENTED_EDGE('',*,*,#3597,.F.);
#2446=ORIENTED_EDGE('',*,*,#3577,.F.);
#2447=CARTESIAN_POINT('',(1.14,0.66,0.4));
#2448=DIRECTION('',(1.0,0.0,0.0));
#2449=DIRECTION('',(0.0,1.0,0.0));
#2450=ORIENTED_EDGE('',*,*,#3597,.T.);
#2451=ORIENTED_EDGE('',*,*,#3598,.T.);
#2452=ORIENTED_EDGE('',*,*,#3599,.T.);
#2453=ORIENTED_EDGE('',*,*,#3600,.F.);
#2454=ORIENTED_EDGE('',*,*,#3579,.F.);
#2455=CARTESIAN_POINT('',(1.02,1.520376,0.28));
#2456=DIRECTION('',(0.0,1.0,-0.0));
#2457=DIRECTION('',(1.0,0.0,0.0));
#2458=ORIENTED_EDGE('',*,*,#3600,.T.);
#2459=ORIENTED_EDGE('',*,*,#3601,.T.);
#2460=ORIENTED_EDGE('',*,*,#3602,.F.);
#2461=ORIENTED_EDGE('',*,*,#3581,.F.);
#2462=CARTESIAN_POINT('',(-1.14,0.66,0.4));
#2463=DIRECTION('',(0.0,0.0,1.0));
#2464=DIRECTION('',(1.0,0.0,0.0));
#2465=ORIENTED_EDGE('',*,*,#3602,.T.);
#2466=ORIENTED_EDGE('',*,*,#3603,.T.);
#2467=ORIENTED_EDGE('',*,*,#3604,.T.);
#2468=ORIENTED_EDGE('',*,*,#3605,.F.);
#2469=ORIENTED_EDGE('',*,*,#3583,.F.);
#2470=CARTESIAN_POINT('',(-1.02,1.520376,0.28));
#2471=DIRECTION('',(0.0,1.0,-0.0));
#2472=DIRECTION('',(0.0,0.0,1.0));
#2473=ORIENTED_EDGE('',*,*,#3605,.T.);
#2474=ORIENTED_EDGE('',*,*,#3606,.T.);
#2475=ORIENTED_EDGE('',*,*,#3607,.F.);
#2476=ORIENTED_EDGE('',*,*,#3585,.F.);
#2477=CARTESIAN_POINT('',(-1.14,0.66,-0.4));
#2478=DIRECTION('',(-1.0,0.0,0.0));
#2479=DIRECTION('',(0.0,0.0,1.0));
#2480=ORIENTED_EDGE('',*,*,#3607,.T.);
#2481=ORIENTED_EDGE('',*,*,#3608,.T.);
#2482=ORIENTED_EDGE('',*,*,#3609,.T.);
#2483=ORIENTED_EDGE('',*,*,#3590,.F.);
#2484=ORIENTED_EDGE('',*,*,#3587,.F.);
#2485=CARTESIAN_POINT('',(-1.02,1.520376,-0.28));
#2486=DIRECTION('',(0.0,1.0,-0.0));
#2487=DIRECTION('',(-1.0,0.0,0.0));
#2488=ORIENTED_EDGE('',*,*,#3610,.T.);
#2489=ORIENTED_EDGE('',*,*,#3611,.T.);
#2490=ORIENTED_EDGE('',*,*,#3609,.F.);
#2491=ORIENTED_EDGE('',*,*,#3612,.F.);
#2492=CARTESIAN_POINT('',(-1.02,0.15,-0.28));
#2493=DIRECTION('',(0.0,-1.0,0.0));
#2494=DIRECTION('',(0.706055268373289,0.0,0.708156732653389));
#2495=ORIENTED_EDGE('',*,*,#3608,.F.);
#2496=ORIENTED_EDGE('',*,*,#3606,.F.);
#2497=ORIENTED_EDGE('',*,*,#3604,.F.);
#2498=ORIENTED_EDGE('',*,*,#3613,.T.);
#2499=ORIENTED_EDGE('',*,*,#3614,.T.);
#2500=ORIENTED_EDGE('',*,*,#3612,.T.);
#2501=CARTESIAN_POINT('',(-1.09,0.17,0.0));
#2502=DIRECTION('',(0.707106781186548,0.707106781186548,0.0));
#2503=DIRECTION('',(0.0,0.0,-1.0));
#2504=ORIENTED_EDGE('',*,*,#3615,.F.);
#2505=ORIENTED_EDGE('',*,*,#3610,.F.);
#2506=ORIENTED_EDGE('',*,*,#3614,.F.);
#2507=ORIENTED_EDGE('',*,*,#3616,.F.);
#2508=ORIENTED_EDGE('',*,*,#3617,.F.);
#2509=ORIENTED_EDGE('',*,*,#3618,.F.);
#2510=ORIENTED_EDGE('',*,*,#3619,.F.);
#2511=ORIENTED_EDGE('',*,*,#3620,.F.);
#2512=CARTESIAN_POINT('',(0.0,0.12,0.0));
#2513=DIRECTION('',(-0.0,1.0,0.0));
#2514=DIRECTION('',(1.0,0.0,0.0));
#2515=ORIENTED_EDGE('',*,*,#3593,.F.);
#2516=ORIENTED_EDGE('',*,*,#3621,.F.);
#2517=ORIENTED_EDGE('',*,*,#3620,.T.);
#2518=ORIENTED_EDGE('',*,*,#3622,.F.);
#2519=CARTESIAN_POINT('',(1.02,0.15,-0.28));
#2520=DIRECTION('',(0.0,-1.0,-0.0));
#2521=DIRECTION('',(-0.05407007032787,0.0,-0.998537143773199));
#2522=ORIENTED_EDGE('',*,*,#3619,.T.);
#2523=ORIENTED_EDGE('',*,*,#3623,.T.);
#2524=ORIENTED_EDGE('',*,*,#3598,.F.);
#2525=ORIENTED_EDGE('',*,*,#3596,.F.);
#2526=ORIENTED_EDGE('',*,*,#3594,.F.);
#2527=ORIENTED_EDGE('',*,*,#3622,.T.);
#2528=CARTESIAN_POINT('',(1.09,0.17,0.0));
#2529=DIRECTION('',(-0.707106781186548,0.707106781186548,0.0));
#2530=DIRECTION('',(0.0,0.0,1.0));
#2531=ORIENTED_EDGE('',*,*,#3618,.T.);
#2532=ORIENTED_EDGE('',*,*,#3624,.T.);
#2533=ORIENTED_EDGE('',*,*,#3599,.F.);
#2534=ORIENTED_EDGE('',*,*,#3623,.F.);
#2535=CARTESIAN_POINT('',(1.02,0.15,0.28));
#2536=DIRECTION('',(0.0,-1.0,-0.0));
#2537=DIRECTION('',(-0.706055268373289,0.0,-0.708156732653389));
#2538=ORIENTED_EDGE('',*,*,#3625,.T.);
#2539=ORIENTED_EDGE('',*,*,#3601,.F.);
#2540=ORIENTED_EDGE('',*,*,#3624,.F.);
#2541=ORIENTED_EDGE('',*,*,#3617,.T.);
#2542=CARTESIAN_POINT('',(1.029221642302,0.15,0.37));
#2543=DIRECTION('',(1.0,0.0,0.0));
#2544=DIRECTION('',(0.0,-1.0,0.0));
#2545=ORIENTED_EDGE('',*,*,#3603,.F.);
#2546=ORIENTED_EDGE('',*,*,#3625,.F.);
#2547=ORIENTED_EDGE('',*,*,#3616,.T.);
#2548=ORIENTED_EDGE('',*,*,#3613,.F.);
#2549=CARTESIAN_POINT('',(-1.02,0.15,0.28));
#2550=DIRECTION('',(0.0,-1.0,0.0));
#2551=DIRECTION('',(0.05407007032787,0.0,0.998537143773199));
#2552=ORIENTED_EDGE('',*,*,#3621,.T.);
#2553=ORIENTED_EDGE('',*,*,#3591,.F.);
#2554=ORIENTED_EDGE('',*,*,#3611,.F.);
#2555=ORIENTED_EDGE('',*,*,#3615,.T.);
#2556=CARTESIAN_POINT('',(-1.029221642302,0.15,-0.37));
#2557=DIRECTION('',(-1.0,-0.0,0.0));
#2558=DIRECTION('',(0.0,-1.0,0.0));
#2559=ORIENTED_EDGE('',*,*,#3626,.T.);
#2560=ORIENTED_EDGE('',*,*,#3627,.F.);
#2561=ORIENTED_EDGE('',*,*,#3545,.T.);
#2562=ORIENTED_EDGE('',*,*,#3565,.F.);
#2563=ORIENTED_EDGE('',*,*,#3628,.F.);
#2564=ORIENTED_EDGE('',*,*,#3629,.F.);
#2565=CARTESIAN_POINT('',(-1.395,0.59,-0.75));
#2566=DIRECTION('',(0.0,0.707106781186548,-0.707106781186548));
#2567=DIRECTION('',(-1.0,0.0,0.0));
#2568=ORIENTED_EDGE('',*,*,#3630,.T.);
#2569=ORIENTED_EDGE('',*,*,#3321,.F.);
#2570=ORIENTED_EDGE('',*,*,#3631,.T.);
#2571=ORIENTED_EDGE('',*,*,#3629,.T.);
#2572=CARTESIAN_POINT('',(-1.155,0.66,-0.82));
#2573=DIRECTION('',(-0.707106781186548,0.0,0.707106781186548));
#2574=DIRECTION('',(0.0,1.0,0.0));
#2575=ORIENTED_EDGE('',*,*,#3631,.F.);
#2576=ORIENTED_EDGE('',*,*,#3320,.T.);
#2577=ORIENTED_EDGE('',*,*,#3632,.F.);
#2578=ORIENTED_EDGE('',*,*,#3626,.F.);
#2579=CARTESIAN_POINT('',(1.735,0.0,-0.82));
#2580=DIRECTION('',(0.0,0.0,-1.0));
#2581=DIRECTION('',(0.0,-1.0,0.0));
#2582=ORIENTED_EDGE('',*,*,#3633,.T.);
#2583=ORIENTED_EDGE('',*,*,#3297,.T.);
#2584=ORIENTED_EDGE('',*,*,#3634,.T.);
#2585=ORIENTED_EDGE('',*,*,#3635,.F.);
#2586=CARTESIAN_POINT('',(1.735,0.0,-0.82));
#2587=DIRECTION('',(0.0,0.0,-1.0));
#2588=DIRECTION('',(0.0,-1.0,0.0));
#2589=ORIENTED_EDGE('',*,*,#3627,.T.);
#2590=ORIENTED_EDGE('',*,*,#3632,.T.);
#2591=ORIENTED_EDGE('',*,*,#3319,.F.);
#2592=ORIENTED_EDGE('',*,*,#3538,.F.);
#2593=ORIENTED_EDGE('',*,*,#3546,.T.);
#2594=CARTESIAN_POINT('',(-1.635,1.520376,-0.72));
#2595=DIRECTION('',(0.0,1.0,-0.0));
#2596=DIRECTION('',(-1.0,0.0,0.0));
#2597=ORIENTED_EDGE('',*,*,#3561,.F.);
#2598=ORIENTED_EDGE('',*,*,#3636,.F.);
#2599=ORIENTED_EDGE('',*,*,#3637,.F.);
#2600=ORIENTED_EDGE('',*,*,#3635,.T.);
#2601=ORIENTED_EDGE('',*,*,#3638,.F.);
#2602=ORIENTED_EDGE('',*,*,#3639,.F.);
#2603=CARTESIAN_POINT('',(1.395,0.59,-0.75));
#2604=DIRECTION('',(0.0,0.707106781186548,-0.707106781186548));
#2605=DIRECTION('',(-1.0,0.0,0.0));
#2606=ORIENTED_EDGE('',*,*,#3640,.T.);
#2607=ORIENTED_EDGE('',*,*,#3295,.F.);
#2608=ORIENTED_EDGE('',*,*,#3378,.F.);
#2609=ORIENTED_EDGE('',*,*,#3641,.T.);
#2610=ORIENTED_EDGE('',*,*,#3562,.F.);
#2611=ORIENTED_EDGE('',*,*,#3639,.T.);
#2612=CARTESIAN_POINT('',(1.07,0.66,-0.71));
#2613=DIRECTION('',(1.0,0.0,0.0));
#2614=DIRECTION('',(0.0,1.0,0.0));
#2615=ORIENTED_EDGE('',*,*,#3642,.F.);
#2616=ORIENTED_EDGE('',*,*,#3563,.F.);
#2617=ORIENTED_EDGE('',*,*,#3641,.F.);
#2618=ORIENTED_EDGE('',*,*,#3377,.T.);
#2619=CARTESIAN_POINT('',(6.258492,0.54,-0.59));
#2620=DIRECTION('',(1.0,-0.0,0.0));
#2621=DIRECTION('',(0.0,1.0,0.0));
#2622=ORIENTED_EDGE('',*,*,#3564,.F.);
#2623=ORIENTED_EDGE('',*,*,#3642,.T.);
#2624=ORIENTED_EDGE('',*,*,#3376,.T.);
#2625=ORIENTED_EDGE('',*,*,#3322,.F.);
#2626=ORIENTED_EDGE('',*,*,#3630,.F.);
#2627=ORIENTED_EDGE('',*,*,#3628,.T.);
#2628=CARTESIAN_POINT('',(-1.07,0.66,-0.735));
#2629=DIRECTION('',(-1.0,0.0,0.0));
#2630=DIRECTION('',(0.0,0.0,1.0));
#2631=ORIENTED_EDGE('',*,*,#3634,.F.);
#2632=ORIENTED_EDGE('',*,*,#3296,.F.);
#2633=ORIENTED_EDGE('',*,*,#3640,.F.);
#2634=ORIENTED_EDGE('',*,*,#3638,.T.);
#2635=CARTESIAN_POINT('',(1.07,0.66,-0.735));
#2636=DIRECTION('',(0.707106781186548,0.0,0.707106781186548));
#2637=DIRECTION('',(0.0,-1.0,0.0));
#2638=ORIENTED_EDGE('',*,*,#3643,.T.);
#2639=ORIENTED_EDGE('',*,*,#3644,.T.);
#2640=ORIENTED_EDGE('',*,*,#3298,.F.);
#2641=ORIENTED_EDGE('',*,*,#3633,.F.);
#2642=ORIENTED_EDGE('',*,*,#3637,.T.);
#2643=CARTESIAN_POINT('',(1.635,1.520376,-0.72));
#2644=DIRECTION('',(0.0,1.0,0.0));
#2645=DIRECTION('',(0.0,0.0,-1.0));
#2646=ORIENTED_EDGE('',*,*,#3645,.T.);
#2647=ORIENTED_EDGE('',*,*,#3284,.T.);
#2648=ORIENTED_EDGE('',*,*,#3646,.T.);
#2649=ORIENTED_EDGE('',*,*,#3647,.F.);
#2650=ORIENTED_EDGE('',*,*,#3648,.T.);
#2651=ORIENTED_EDGE('',*,*,#3299,.T.);
#2652=ORIENTED_EDGE('',*,*,#3644,.F.);
#2653=ORIENTED_EDGE('',*,*,#3649,.F.);
#2654=CARTESIAN_POINT('',(1.735,0.0,0.82));
#2655=DIRECTION('',(1.0,0.0,0.0));
#2656=DIRECTION('',(0.0,1.0,0.0));
#2657=ORIENTED_EDGE('',*,*,#3636,.T.);
#2658=ORIENTED_EDGE('',*,*,#3560,.F.);
#2659=ORIENTED_EDGE('',*,*,#3650,.F.);
#2660=ORIENTED_EDGE('',*,*,#3651,.F.);
#2661=ORIENTED_EDGE('',*,*,#3649,.T.);
#2662=ORIENTED_EDGE('',*,*,#3643,.F.);
#2663=CARTESIAN_POINT('',(1.665,0.59,0.0));
#2664=DIRECTION('',(0.707106781186548,0.707106781186548,0.0));
#2665=DIRECTION('',(0.0,0.0,-1.0));
#2666=ORIENTED_EDGE('',*,*,#3652,.T.);
#2667=ORIENTED_EDGE('',*,*,#3653,.T.);
#2668=ORIENTED_EDGE('',*,*,#3285,.F.);
#2669=ORIENTED_EDGE('',*,*,#3645,.F.);
#2670=ORIENTED_EDGE('',*,*,#3651,.T.);
#2671=CARTESIAN_POINT('',(1.635,1.520376,0.72));
#2672=DIRECTION('',(0.0,1.0,-0.0));
#2673=DIRECTION('',(1.0,0.0,0.0));
#2674=ORIENTED_EDGE('',*,*,#3548,.T.);
#2675=ORIENTED_EDGE('',*,*,#3308,.T.);
#2676=ORIENTED_EDGE('',*,*,#3654,.T.);
#2677=ORIENTED_EDGE('',*,*,#3551,.F.);
#2678=CARTESIAN_POINT('',(-1.735,0.0,0.82));
#2679=DIRECTION('',(0.0,0.0,1.0));
#2680=DIRECTION('',(1.0,0.0,0.0));
#2681=ORIENTED_EDGE('',*,*,#3655,.F.);
#2682=ORIENTED_EDGE('',*,*,#3286,.T.);
#2683=ORIENTED_EDGE('',*,*,#3653,.F.);
#2684=ORIENTED_EDGE('',*,*,#3656,.F.);
#2685=CARTESIAN_POINT('',(-1.735,0.0,0.82));
#2686=DIRECTION('',(0.0,0.0,1.0));
#2687=DIRECTION('',(1.0,0.0,0.0));
#2688=ORIENTED_EDGE('',*,*,#3654,.F.);
#2689=ORIENTED_EDGE('',*,*,#3307,.F.);
#2690=ORIENTED_EDGE('',*,*,#3554,.F.);
#2691=ORIENTED_EDGE('',*,*,#3552,.T.);
#2692=CARTESIAN_POINT('',(-1.07,0.66,0.735));
#2693=DIRECTION('',(-0.707106781186548,0.0,-0.707106781186548));
#2694=DIRECTION('',(-0.707106781186548,0.0,0.707106781186548));
#2695=ORIENTED_EDGE('',*,*,#3656,.T.);
#2696=ORIENTED_EDGE('',*,*,#3652,.F.);
#2697=ORIENTED_EDGE('',*,*,#3650,.T.);
#2698=ORIENTED_EDGE('',*,*,#3559,.F.);
#2699=ORIENTED_EDGE('',*,*,#3657,.F.);
#2700=ORIENTED_EDGE('',*,*,#3658,.F.);
#2701=CARTESIAN_POINT('',(1.395,0.59,0.75));
#2702=DIRECTION('',(0.0,0.707106781186548,0.707106781186548));
#2703=DIRECTION('',(1.0,0.0,-0.0));
#2704=ORIENTED_EDGE('',*,*,#3659,.T.);
#2705=ORIENTED_EDGE('',*,*,#3287,.F.);
#2706=ORIENTED_EDGE('',*,*,#3655,.T.);
#2707=ORIENTED_EDGE('',*,*,#3658,.T.);
#2708=CARTESIAN_POINT('',(1.155,0.66,0.82));
#2709=DIRECTION('',(0.707106781186548,0.0,-0.707106781186548));
#2710=DIRECTION('',(0.0,-1.0,0.0));
#2711=ORIENTED_EDGE('',*,*,#3558,.F.);
#2712=ORIENTED_EDGE('',*,*,#3660,.T.);
#2713=ORIENTED_EDGE('',*,*,#3338,.T.);
#2714=ORIENTED_EDGE('',*,*,#3288,.F.);
#2715=ORIENTED_EDGE('',*,*,#3659,.F.);
#2716=ORIENTED_EDGE('',*,*,#3657,.T.);
#2717=CARTESIAN_POINT('',(1.07,0.66,0.735));
#2718=DIRECTION('',(1.0,0.0,0.0));
#2719=DIRECTION('',(0.0,1.0,0.0));
#2720=ORIENTED_EDGE('',*,*,#3660,.F.);
#2721=ORIENTED_EDGE('',*,*,#3557,.F.);
#2722=ORIENTED_EDGE('',*,*,#3555,.F.);
#2723=ORIENTED_EDGE('',*,*,#3339,.T.);
#2724=CARTESIAN_POINT('',(-6.258492,0.54,0.59));
#2725=DIRECTION('',(-1.0,0.0,0.0));
#2726=DIRECTION('',(0.0,1.0,0.0));
#2727=ORIENTED_EDGE('',*,*,#3661,.F.);
#2728=ORIENTED_EDGE('',*,*,#3279,.F.);
#2729=ORIENTED_EDGE('',*,*,#3300,.T.);
#2730=ORIENTED_EDGE('',*,*,#3648,.F.);
#2731=CARTESIAN_POINT('',(1.5,0.1,-0.24));
#2732=DIRECTION('',(0.0,-0.707106781186548,-0.707106781186548));
#2733=DIRECTION('',(0.0,-0.707106781186548,0.707106781186548));
#2734=ORIENTED_EDGE('',*,*,#3536,.T.);
#2735=ORIENTED_EDGE('',*,*,#3534,.T.);
#2736=ORIENTED_EDGE('',*,*,#3662,.T.);
#2737=ORIENTED_EDGE('',*,*,#3539,.T.);
#2738=ORIENTED_EDGE('',*,*,#3663,.F.);
#2739=ORIENTED_EDGE('',*,*,#3664,.F.);
#2740=CARTESIAN_POINT('',(1.735,0.08,0.0));
#2741=DIRECTION('',(0.0,-1.0,0.0));
#2742=DIRECTION('',(0.0,0.0,-1.0));
#2743=ORIENTED_EDGE('',*,*,#3665,.T.);
#2744=ORIENTED_EDGE('',*,*,#3280,.F.);
#2745=ORIENTED_EDGE('',*,*,#3661,.T.);
#2746=ORIENTED_EDGE('',*,*,#3647,.T.);
#2747=CARTESIAN_POINT('',(1.735,0.08,0.0));
#2748=DIRECTION('',(0.0,-1.0,0.0));
#2749=DIRECTION('',(0.0,0.0,-1.0));
#2750=ORIENTED_EDGE('',*,*,#3666,.T.);
#2751=ORIENTED_EDGE('',*,*,#3667,.F.);
#2752=ORIENTED_EDGE('',*,*,#3668,.F.);
#2753=ORIENTED_EDGE('',*,*,#3664,.T.);
#2754=CARTESIAN_POINT('',(-1.485,0.08,0.0));
#2755=DIRECTION('',(0.0,1.0,-0.0));
#2756=DIRECTION('',(1.0,0.0,0.0));
#2757=ORIENTED_EDGE('',*,*,#3668,.T.);
#2758=ORIENTED_EDGE('',*,*,#3669,.F.);
#2759=ORIENTED_EDGE('',*,*,#3666,.F.);
#2760=ORIENTED_EDGE('',*,*,#3663,.T.);
#2761=CARTESIAN_POINT('',(-1.485,0.08,0.0));
#2762=DIRECTION('',(0.0,1.0,-0.0));
#2763=DIRECTION('',(1.0,0.0,0.0));
#2764=ORIENTED_EDGE('',*,*,#3669,.T.);
#2765=ORIENTED_EDGE('',*,*,#3667,.T.);
#2766=CARTESIAN_POINT('',(1.735,0.075,0.0));
#2767=DIRECTION('',(0.0,-1.0,0.0));
#2768=DIRECTION('',(0.0,0.0,-1.0));
#2769=ORIENTED_EDGE('',*,*,#3662,.F.);
#2770=ORIENTED_EDGE('',*,*,#3533,.F.);
#2771=ORIENTED_EDGE('',*,*,#3311,.T.);
#2772=ORIENTED_EDGE('',*,*,#3540,.F.);
#2773=CARTESIAN_POINT('',(-1.5,0.1,0.24));
#2774=DIRECTION('',(0.0,-0.707106781186548,0.707106781186548));
#2775=DIRECTION('',(-1.0,0.0,0.0));
#2776=ORIENTED_EDGE('',*,*,#3281,.F.);
#2777=ORIENTED_EDGE('',*,*,#3665,.F.);
#2778=ORIENTED_EDGE('',*,*,#3646,.F.);
#2779=ORIENTED_EDGE('',*,*,#3283,.T.);
#2780=CARTESIAN_POINT('',(1.5,0.1,0.24));
#2781=DIRECTION('',(0.0,-0.707106781186548,0.707106781186548));
#2782=DIRECTION('',(-1.0,0.0,0.0));
#2783=ORIENTED_EDGE('',*,*,#3670,.T.);
#2784=ORIENTED_EDGE('',*,*,#3354,.F.);
#2785=ORIENTED_EDGE('',*,*,#3345,.F.);
#2786=ORIENTED_EDGE('',*,*,#3395,.T.);
#2787=CARTESIAN_POINT('',(-0.87,0.06,0.91));
#2788=DIRECTION('',(-1.0,0.0,-0.0));
#2789=DIRECTION('',(0.0,0.0,-1.0));
#2790=ORIENTED_EDGE('',*,*,#3671,.T.);
#2791=ORIENTED_EDGE('',*,*,#3355,.F.);
#2792=ORIENTED_EDGE('',*,*,#3670,.F.);
#2793=ORIENTED_EDGE('',*,*,#3394,.T.);
#2794=CARTESIAN_POINT('',(-0.87,0.06,0.93));
#2795=DIRECTION('',(-0.0,1.0,0.0));
#2796=DIRECTION('',(1.0,0.0,0.0));
#2797=ORIENTED_EDGE('',*,*,#3672,.T.);
#2798=ORIENTED_EDGE('',*,*,#3356,.F.);
#2799=ORIENTED_EDGE('',*,*,#3671,.F.);
#2800=ORIENTED_EDGE('',*,*,#3393,.T.);
#2801=CARTESIAN_POINT('',(-0.87,0.06,1.05));
#2802=DIRECTION('',(0.0,0.0,1.0));
#2803=DIRECTION('',(1.0,0.0,0.0));
#2804=ORIENTED_EDGE('',*,*,#3673,.T.);
#2805=ORIENTED_EDGE('',*,*,#3357,.F.);
#2806=ORIENTED_EDGE('',*,*,#3672,.F.);
#2807=ORIENTED_EDGE('',*,*,#3392,.T.);
#2808=CARTESIAN_POINT('',(-0.87,-0.02,1.05));
#2809=DIRECTION('',(0.0,-1.0,0.0));
#2810=DIRECTION('',(0.0,0.0,-1.0));
#2811=ORIENTED_EDGE('',*,*,#3221,.T.);
#2812=ORIENTED_EDGE('',*,*,#3358,.F.);
#2813=ORIENTED_EDGE('',*,*,#3673,.F.);
#2814=ORIENTED_EDGE('',*,*,#3391,.T.);
#2815=CARTESIAN_POINT('',(-0.87,0.0,0.87));
#2816=DIRECTION('',(-1.0,0.0,-0.0));
#2817=DIRECTION('',(0.0,0.0,-1.0));
#2818=ORIENTED_EDGE('',*,*,#3674,.F.);
#2819=ORIENTED_EDGE('',*,*,#3675,.F.);
#2820=ORIENTED_EDGE('',*,*,#3676,.F.);
#2821=ORIENTED_EDGE('',*,*,#3677,.F.);
#2822=ORIENTED_EDGE('',*,*,#3678,.F.);
#2823=ORIENTED_EDGE('',*,*,#3679,.F.);
#2824=ORIENTED_EDGE('',*,*,#3293,.T.);
#2825=CARTESIAN_POINT('',(1.375,0.0,0.0));
#2826=DIRECTION('',(1.0,0.0,0.0));
#2827=DIRECTION('',(0.0,1.0,0.0));
#2828=ORIENTED_EDGE('',*,*,#3303,.T.);
#2829=ORIENTED_EDGE('',*,*,#3680,.F.);
#2830=ORIENTED_EDGE('',*,*,#3681,.F.);
#2831=ORIENTED_EDGE('',*,*,#3682,.F.);
#2832=ORIENTED_EDGE('',*,*,#3683,.F.);
#2833=ORIENTED_EDGE('',*,*,#3684,.F.);
#2834=ORIENTED_EDGE('',*,*,#3685,.F.);
#2835=CARTESIAN_POINT('',(1.375,0.0,0.0));
#2836=DIRECTION('',(1.0,0.0,0.0));
#2837=DIRECTION('',(0.0,1.0,0.0));
#2838=ORIENTED_EDGE('',*,*,#3679,.T.);
#2839=ORIENTED_EDGE('',*,*,#3686,.T.);
#2840=ORIENTED_EDGE('',*,*,#3687,.F.);
#2841=ORIENTED_EDGE('',*,*,#3290,.F.);
#2842=CARTESIAN_POINT('',(1.375,0.16,0.615));
#2843=DIRECTION('',(0.0,0.0,1.0));
#2844=DIRECTION('',(1.0,0.0,0.0));
#2845=ORIENTED_EDGE('',*,*,#3687,.T.);
#2846=ORIENTED_EDGE('',*,*,#3688,.T.);
#2847=ORIENTED_EDGE('',*,*,#3689,.T.);
#2848=ORIENTED_EDGE('',*,*,#3690,.T.);
#2849=ORIENTED_EDGE('',*,*,#3691,.T.);
#2850=ORIENTED_EDGE('',*,*,#3692,.T.);
#2851=ORIENTED_EDGE('',*,*,#3291,.F.);
#2852=CARTESIAN_POINT('',(1.475,0.0,0.0));
#2853=DIRECTION('',(1.0,0.0,0.0));
#2854=DIRECTION('',(0.0,1.0,0.0));
#2855=ORIENTED_EDGE('',*,*,#3693,.T.);
#2856=ORIENTED_EDGE('',*,*,#3694,.T.);
#2857=ORIENTED_EDGE('',*,*,#3695,.T.);
#2858=ORIENTED_EDGE('',*,*,#3696,.T.);
#2859=ORIENTED_EDGE('',*,*,#3697,.T.);
#2860=ORIENTED_EDGE('',*,*,#3301,.F.);
#2861=ORIENTED_EDGE('',*,*,#3698,.T.);
#2862=CARTESIAN_POINT('',(1.475,0.0,0.0));
#2863=DIRECTION('',(1.0,0.0,0.0));
#2864=DIRECTION('',(0.0,1.0,0.0));
#2865=ORIENTED_EDGE('',*,*,#3692,.F.);
#2866=ORIENTED_EDGE('',*,*,#3699,.F.);
#2867=ORIENTED_EDGE('',*,*,#3674,.T.);
#2868=ORIENTED_EDGE('',*,*,#3292,.T.);
#2869=CARTESIAN_POINT('',(1.375,0.14,0.45));
#2870=DIRECTION('',(-1.0,0.0,-0.0));
#2871=DIRECTION('',(0.0,0.0,-1.0));
#2872=ORIENTED_EDGE('',*,*,#3699,.T.);
#2873=ORIENTED_EDGE('',*,*,#3691,.F.);
#2874=ORIENTED_EDGE('',*,*,#3700,.F.);
#2875=ORIENTED_EDGE('',*,*,#3675,.T.);
#2876=CARTESIAN_POINT('',(1.375,-0.005355339059327,0.3549390334559));
#2877=DIRECTION('',(0.0,-0.707106781186548,-0.707106781186548));
#2878=DIRECTION('',(0.0,-0.707106781186548,0.707106781186548));
#2879=ORIENTED_EDGE('',*,*,#3700,.T.);
#2880=ORIENTED_EDGE('',*,*,#3690,.F.);
#2881=ORIENTED_EDGE('',*,*,#3701,.F.);
#2882=ORIENTED_EDGE('',*,*,#3676,.T.);
#2883=CARTESIAN_POINT('',(1.375,0.03,0.3902943725152));
#2884=DIRECTION('',(-1.0,0.0,-0.0));
#2885=DIRECTION('',(0.0,0.0,-1.0));
#2886=ORIENTED_EDGE('',*,*,#3701,.T.);
#2887=ORIENTED_EDGE('',*,*,#3689,.F.);
#2888=ORIENTED_EDGE('',*,*,#3702,.F.);
#2889=ORIENTED_EDGE('',*,*,#3677,.T.);
#2890=CARTESIAN_POINT('',(1.375,-0.02,0.565));
#2891=DIRECTION('',(0.0,-1.0,0.0));
#2892=DIRECTION('',(0.0,0.0,-1.0));
#2893=ORIENTED_EDGE('',*,*,#3702,.T.);
#2894=ORIENTED_EDGE('',*,*,#3688,.F.);
#2895=ORIENTED_EDGE('',*,*,#3686,.F.);
#2896=ORIENTED_EDGE('',*,*,#3678,.T.);
#2897=CARTESIAN_POINT('',(1.375,0.03,0.565));
#2898=DIRECTION('',(-1.0,0.0,-0.0));
#2899=DIRECTION('',(0.0,0.0,-1.0));
#2900=ORIENTED_EDGE('',*,*,#3685,.T.);
#2901=ORIENTED_EDGE('',*,*,#3703,.T.);
#2902=ORIENTED_EDGE('',*,*,#3698,.F.);
#2903=ORIENTED_EDGE('',*,*,#3304,.F.);
#2904=CARTESIAN_POINT('',(1.375,0.14,-0.45));
#2905=DIRECTION('',(-1.0,0.0,-0.0));
#2906=DIRECTION('',(0.0,0.0,-1.0));
#2907=ORIENTED_EDGE('',*,*,#3704,.T.);
#2908=ORIENTED_EDGE('',*,*,#3693,.F.);
#2909=ORIENTED_EDGE('',*,*,#3703,.F.);
#2910=ORIENTED_EDGE('',*,*,#3684,.T.);
#2911=CARTESIAN_POINT('',(1.375,0.01979184719829,-0.3297918471983));
#2912=DIRECTION('',(0.0,-0.707106781186548,0.707106781186548));
#2913=DIRECTION('',(-1.0,0.0,0.0));
#2914=ORIENTED_EDGE('',*,*,#3705,.T.);
#2915=ORIENTED_EDGE('',*,*,#3694,.F.);
#2916=ORIENTED_EDGE('',*,*,#3704,.F.);
#2917=ORIENTED_EDGE('',*,*,#3683,.T.);
#2918=CARTESIAN_POINT('',(1.375,0.03,-0.3902943725152));
#2919=DIRECTION('',(-1.0,0.0,-0.0));
#2920=DIRECTION('',(0.0,0.0,-1.0));
#2921=ORIENTED_EDGE('',*,*,#3706,.T.);
#2922=ORIENTED_EDGE('',*,*,#3695,.F.);
#2923=ORIENTED_EDGE('',*,*,#3705,.F.);
#2924=ORIENTED_EDGE('',*,*,#3682,.T.);
#2925=CARTESIAN_POINT('',(1.375,-0.02,-0.3902943725152));
#2926=DIRECTION('',(0.0,-1.0,0.0));
#2927=DIRECTION('',(0.0,0.0,-1.0));
#2928=ORIENTED_EDGE('',*,*,#3707,.T.);
#2929=ORIENTED_EDGE('',*,*,#3696,.F.);
#2930=ORIENTED_EDGE('',*,*,#3706,.F.);
#2931=ORIENTED_EDGE('',*,*,#3681,.T.);
#2932=CARTESIAN_POINT('',(1.375,0.03,-0.565));
#2933=DIRECTION('',(-1.0,0.0,-0.0));
#2934=DIRECTION('',(0.0,0.0,-1.0));
#2935=ORIENTED_EDGE('',*,*,#3697,.F.);
#2936=ORIENTED_EDGE('',*,*,#3707,.F.);
#2937=ORIENTED_EDGE('',*,*,#3680,.T.);
#2938=ORIENTED_EDGE('',*,*,#3302,.T.);
#2939=CARTESIAN_POINT('',(1.375,0.03,-0.615));
#2940=DIRECTION('',(0.0,0.0,-1.0));
#2941=DIRECTION('',(0.0,-1.0,0.0));
#2942=ORIENTED_EDGE('',*,*,#3708,.T.);
#2943=ORIENTED_EDGE('',*,*,#3709,.T.);
#2944=ORIENTED_EDGE('',*,*,#3710,.T.);
#2945=ORIENTED_EDGE('',*,*,#3711,.T.);
#2946=ORIENTED_EDGE('',*,*,#3712,.T.);
#2947=ORIENTED_EDGE('',*,*,#3328,.F.);
#2948=ORIENTED_EDGE('',*,*,#3713,.T.);
#2949=CARTESIAN_POINT('',(-1.375,0.0,0.0));
#2950=DIRECTION('',(1.0,0.0,0.0));
#2951=DIRECTION('',(0.0,1.0,0.0));
#2952=ORIENTED_EDGE('',*,*,#3714,.T.);
#2953=ORIENTED_EDGE('',*,*,#3715,.T.);
#2954=ORIENTED_EDGE('',*,*,#3716,.T.);
#2955=ORIENTED_EDGE('',*,*,#3717,.T.);
#2956=ORIENTED_EDGE('',*,*,#3718,.T.);
#2957=ORIENTED_EDGE('',*,*,#3316,.F.);
#2958=ORIENTED_EDGE('',*,*,#3719,.T.);
#2959=CARTESIAN_POINT('',(-1.375,0.0,0.0));
#2960=DIRECTION('',(1.0,0.0,0.0));
#2961=DIRECTION('',(0.0,1.0,0.0));
#2962=ORIENTED_EDGE('',*,*,#3327,.F.);
#2963=ORIENTED_EDGE('',*,*,#3720,.T.);
#2964=ORIENTED_EDGE('',*,*,#3721,.F.);
#2965=ORIENTED_EDGE('',*,*,#3713,.F.);
#2966=CARTESIAN_POINT('',(-1.375,0.14,-0.45));
#2967=DIRECTION('',(-1.0,0.0,-0.0));
#2968=DIRECTION('',(0.0,0.0,-1.0));
#2969=ORIENTED_EDGE('',*,*,#3721,.T.);
#2970=ORIENTED_EDGE('',*,*,#3722,.T.);
#2971=ORIENTED_EDGE('',*,*,#3723,.F.);
#2972=ORIENTED_EDGE('',*,*,#3708,.F.);
#2973=CARTESIAN_POINT('',(-1.375,0.01979184719829,-0.3297918471983));
#2974=DIRECTION('',(0.0,0.707106781186548,-0.707106781186548));
#2975=DIRECTION('',(-1.0,0.0,0.0));
#2976=ORIENTED_EDGE('',*,*,#3723,.T.);
#2977=ORIENTED_EDGE('',*,*,#3724,.T.);
#2978=ORIENTED_EDGE('',*,*,#3725,.F.);
#2979=ORIENTED_EDGE('',*,*,#3709,.F.);
#2980=CARTESIAN_POINT('',(-1.375,0.03,-0.3902943725152));
#2981=DIRECTION('',(-1.0,0.0,-0.0));
#2982=DIRECTION('',(0.0,0.0,-1.0));
#2983=ORIENTED_EDGE('',*,*,#3725,.T.);
#2984=ORIENTED_EDGE('',*,*,#3726,.T.);
#2985=ORIENTED_EDGE('',*,*,#3727,.F.);
#2986=ORIENTED_EDGE('',*,*,#3710,.F.);
#2987=CARTESIAN_POINT('',(-1.375,-0.02,-0.3902943725152));
#2988=DIRECTION('',(-0.0,1.0,0.0));
#2989=DIRECTION('',(1.0,0.0,0.0));
#2990=ORIENTED_EDGE('',*,*,#3727,.T.);
#2991=ORIENTED_EDGE('',*,*,#3728,.T.);
#2992=ORIENTED_EDGE('',*,*,#3729,.F.);
#2993=ORIENTED_EDGE('',*,*,#3711,.F.);
#2994=CARTESIAN_POINT('',(-1.375,0.03,-0.565));
#2995=DIRECTION('',(-1.0,0.0,-0.0));
#2996=DIRECTION('',(0.0,0.0,-1.0));
#2997=ORIENTED_EDGE('',*,*,#3729,.T.);
#2998=ORIENTED_EDGE('',*,*,#3730,.T.);
#2999=ORIENTED_EDGE('',*,*,#3325,.F.);
#3000=ORIENTED_EDGE('',*,*,#3712,.F.);
#3001=CARTESIAN_POINT('',(-1.375,0.03,-0.615));
#3002=DIRECTION('',(0.0,0.0,1.0));
#3003=DIRECTION('',(1.0,0.0,0.0));
#3004=ORIENTED_EDGE('',*,*,#3326,.T.);
#3005=ORIENTED_EDGE('',*,*,#3730,.F.);
#3006=ORIENTED_EDGE('',*,*,#3728,.F.);
#3007=ORIENTED_EDGE('',*,*,#3726,.F.);
#3008=ORIENTED_EDGE('',*,*,#3724,.F.);
#3009=ORIENTED_EDGE('',*,*,#3722,.F.);
#3010=ORIENTED_EDGE('',*,*,#3720,.F.);
#3011=CARTESIAN_POINT('',(-1.475,0.0,0.0));
#3012=DIRECTION('',(1.0,0.0,0.0));
#3013=DIRECTION('',(0.0,1.0,0.0));
#3014=ORIENTED_EDGE('',*,*,#3314,.T.);
#3015=ORIENTED_EDGE('',*,*,#3731,.F.);
#3016=ORIENTED_EDGE('',*,*,#3732,.F.);
#3017=ORIENTED_EDGE('',*,*,#3733,.F.);
#3018=ORIENTED_EDGE('',*,*,#3734,.F.);
#3019=ORIENTED_EDGE('',*,*,#3735,.F.);
#3020=ORIENTED_EDGE('',*,*,#3736,.F.);
#3021=CARTESIAN_POINT('',(-1.475,0.0,0.0));
#3022=DIRECTION('',(1.0,0.0,0.0));
#3023=DIRECTION('',(0.0,1.0,0.0));
#3024=ORIENTED_EDGE('',*,*,#3315,.T.);
#3025=ORIENTED_EDGE('',*,*,#3736,.T.);
#3026=ORIENTED_EDGE('',*,*,#3737,.F.);
#3027=ORIENTED_EDGE('',*,*,#3719,.F.);
#3028=CARTESIAN_POINT('',(-1.375,0.16,0.615));
#3029=DIRECTION('',(0.0,0.0,-1.0));
#3030=DIRECTION('',(0.0,-1.0,0.0));
#3031=ORIENTED_EDGE('',*,*,#3737,.T.);
#3032=ORIENTED_EDGE('',*,*,#3735,.T.);
#3033=ORIENTED_EDGE('',*,*,#3738,.F.);
#3034=ORIENTED_EDGE('',*,*,#3714,.F.);
#3035=CARTESIAN_POINT('',(-1.375,0.03,0.565));
#3036=DIRECTION('',(-1.0,0.0,-0.0));
#3037=DIRECTION('',(0.0,0.0,-1.0));
#3038=ORIENTED_EDGE('',*,*,#3738,.T.);
#3039=ORIENTED_EDGE('',*,*,#3734,.T.);
#3040=ORIENTED_EDGE('',*,*,#3739,.F.);
#3041=ORIENTED_EDGE('',*,*,#3715,.F.);
#3042=CARTESIAN_POINT('',(-1.375,-0.02,0.565));
#3043=DIRECTION('',(-0.0,1.0,0.0));
#3044=DIRECTION('',(1.0,0.0,0.0));
#3045=ORIENTED_EDGE('',*,*,#3739,.T.);
#3046=ORIENTED_EDGE('',*,*,#3733,.T.);
#3047=ORIENTED_EDGE('',*,*,#3740,.F.);
#3048=ORIENTED_EDGE('',*,*,#3716,.F.);
#3049=CARTESIAN_POINT('',(-1.375,0.03,0.3902943725152));
#3050=DIRECTION('',(-1.0,0.0,-0.0));
#3051=DIRECTION('',(0.0,0.0,-1.0));
#3052=ORIENTED_EDGE('',*,*,#3740,.T.);
#3053=ORIENTED_EDGE('',*,*,#3732,.T.);
#3054=ORIENTED_EDGE('',*,*,#3741,.F.);
#3055=ORIENTED_EDGE('',*,*,#3717,.F.);
#3056=CARTESIAN_POINT('',(-1.375,-0.005355339059327,0.3549390334559));
#3057=DIRECTION('',(0.0,0.707106781186548,0.707106781186548));
#3058=DIRECTION('',(1.0,0.0,-0.0));
#3059=ORIENTED_EDGE('',*,*,#3741,.T.);
#3060=ORIENTED_EDGE('',*,*,#3731,.T.);
#3061=ORIENTED_EDGE('',*,*,#3313,.T.);
#3062=ORIENTED_EDGE('',*,*,#3718,.F.);
#3063=CARTESIAN_POINT('',(-1.375,0.14,0.45));
#3064=DIRECTION('',(-1.0,0.0,-0.0));
#3065=DIRECTION('',(0.0,0.0,-1.0));
#3066=CARTESIAN_POINT('',(0.68,0.0,-1.2));
#3067=VECTOR('',#3742,0.35);
#3068=CARTESIAN_POINT('',(0.68,0.0,-0.85));
#3069=VECTOR('',#3743,0.24);
#3070=CARTESIAN_POINT('',(0.92,0.0,-0.85));
#3071=VECTOR('',#3744,0.35);
#3072=CARTESIAN_POINT('',(0.92,0.0,-1.2));
#3073=VECTOR('',#3745,0.24);
#3074=CARTESIAN_POINT('',(0.68,0.0,1.2));
#3075=VECTOR('',#3746,0.24);
#3076=CARTESIAN_POINT('',(0.92,0.0,1.2));
#3077=VECTOR('',#3747,0.35);
#3078=CARTESIAN_POINT('',(0.92,0.0,0.85));
#3079=VECTOR('',#3748,0.24);
#3080=CARTESIAN_POINT('',(0.68,0.0,0.85));
#3081=VECTOR('',#3749,0.35);
#3082=CARTESIAN_POINT('',(0.28,0.0,-1.2));
#3083=VECTOR('',#3750,0.35);
#3084=CARTESIAN_POINT('',(0.28,0.0,-0.85));
#3085=VECTOR('',#3751,0.24);
#3086=CARTESIAN_POINT('',(0.52,0.0,-0.85));
#3087=VECTOR('',#3752,0.35);
#3088=CARTESIAN_POINT('',(0.52,0.0,-1.2));
#3089=VECTOR('',#3753,0.24);
#3090=CARTESIAN_POINT('',(0.28,0.0,1.2));
#3091=VECTOR('',#3754,0.24);
#3092=CARTESIAN_POINT('',(0.52,0.0,1.2));
#3093=VECTOR('',#3755,0.35);
#3094=CARTESIAN_POINT('',(0.52,0.0,0.85));
#3095=VECTOR('',#3756,0.24);
#3096=CARTESIAN_POINT('',(0.28,0.0,0.85));
#3097=VECTOR('',#3757,0.35);
#3098=CARTESIAN_POINT('',(-0.12,0.0,-1.2));
#3099=VECTOR('',#3758,0.35);
#3100=CARTESIAN_POINT('',(-0.12,0.0,-0.85));
#3101=VECTOR('',#3759,0.24);
#3102=CARTESIAN_POINT('',(0.12,0.0,-0.85));
#3103=VECTOR('',#3760,0.35);
#3104=CARTESIAN_POINT('',(0.12,0.0,-1.2));
#3105=VECTOR('',#3761,0.24);
#3106=CARTESIAN_POINT('',(-0.12,0.0,1.2));
#3107=VECTOR('',#3762,0.24);
#3108=CARTESIAN_POINT('',(0.12,0.0,1.2));
#3109=VECTOR('',#3763,0.35);
#3110=CARTESIAN_POINT('',(0.12,0.0,0.85));
#3111=VECTOR('',#3764,0.24);
#3112=CARTESIAN_POINT('',(-0.12,0.0,0.85));
#3113=VECTOR('',#3765,0.35);
#3114=CARTESIAN_POINT('',(-0.52,0.0,-1.2));
#3115=VECTOR('',#3766,0.35);
#3116=CARTESIAN_POINT('',(-0.52,0.0,-0.85));
#3117=VECTOR('',#3767,0.24);
#3118=CARTESIAN_POINT('',(-0.28,0.0,-0.85));
#3119=VECTOR('',#3768,0.35);
#3120=CARTESIAN_POINT('',(-0.28,0.0,-1.2));
#3121=VECTOR('',#3769,0.24);
#3122=CARTESIAN_POINT('',(-0.52,0.0,1.2));
#3123=VECTOR('',#3770,0.24);
#3124=CARTESIAN_POINT('',(-0.28,0.0,1.2));
#3125=VECTOR('',#3771,0.35);
#3126=CARTESIAN_POINT('',(-0.28,0.0,0.85));
#3127=VECTOR('',#3772,0.24);
#3128=CARTESIAN_POINT('',(-0.52,0.0,0.85));
#3129=VECTOR('',#3773,0.35);
#3130=CARTESIAN_POINT('',(-0.92,0.0,-1.2));
#3131=VECTOR('',#3774,0.35);
#3132=CARTESIAN_POINT('',(-0.92,0.0,-0.85));
#3133=VECTOR('',#3775,0.24);
#3134=CARTESIAN_POINT('',(-0.68,0.0,-0.85));
#3135=VECTOR('',#3776,0.35);
#3136=CARTESIAN_POINT('',(-0.68,0.0,-1.2));
#3137=VECTOR('',#3777,0.24);
#3138=CARTESIAN_POINT('',(-0.92,0.0,1.2));
#3139=VECTOR('',#3778,0.24);
#3140=CARTESIAN_POINT('',(-0.68,0.0,1.2));
#3141=VECTOR('',#3779,0.35);
#3142=CARTESIAN_POINT('',(-0.68,0.0,0.85));
#3143=VECTOR('',#3780,0.24);
#3144=CARTESIAN_POINT('',(-0.92,0.0,0.85));
#3145=VECTOR('',#3781,0.35);
#3146=CARTESIAN_POINT('',(1.275,0.0,-0.69));
#3147=VECTOR('',#3782,0.42);
#3148=CARTESIAN_POINT('',(1.275,0.0,-0.27));
#3149=VECTOR('',#3783,0.3);
#3150=CARTESIAN_POINT('',(1.575,0.0,-0.27));
#3151=VECTOR('',#3784,0.42);
#3152=CARTESIAN_POINT('',(1.575,0.0,-0.69));
#3153=VECTOR('',#3785,0.3);
#3154=CARTESIAN_POINT('',(1.275,0.0,0.69));
#3155=VECTOR('',#3786,0.3);
#3156=CARTESIAN_POINT('',(1.575,0.0,0.69));
#3157=VECTOR('',#3787,0.42);
#3158=CARTESIAN_POINT('',(1.575,0.0,0.27));
#3159=VECTOR('',#3788,0.3);
#3160=CARTESIAN_POINT('',(1.275,0.0,0.27));
#3161=VECTOR('',#3789,0.42);
#3162=CARTESIAN_POINT('',(-1.275,0.0,-0.69));
#3163=VECTOR('',#3790,0.3);
#3164=CARTESIAN_POINT('',(-1.575,0.0,-0.69));
#3165=VECTOR('',#3791,0.42);
#3166=CARTESIAN_POINT('',(-1.575,0.0,-0.27));
#3167=VECTOR('',#3792,0.3);
#3168=CARTESIAN_POINT('',(-1.275,0.0,-0.27));
#3169=VECTOR('',#3793,0.42);
#3170=CARTESIAN_POINT('',(-1.275,0.0,0.69));
#3171=VECTOR('',#3794,0.42);
#3172=CARTESIAN_POINT('',(-1.275,0.0,0.27));
#3173=VECTOR('',#3795,0.3);
#3174=CARTESIAN_POINT('',(-1.575,0.0,0.27));
#3175=VECTOR('',#3796,0.42);
#3176=CARTESIAN_POINT('',(-1.575,0.0,0.69));
#3177=VECTOR('',#3797,0.3);
#3178=CARTESIAN_POINT('',(-1.485,0.08,0.0));
#3179=VECTOR('',#3798,0.005);
#3180=EDGE_CURVE('',#3799,#3800,#3801,.T.);
#3181=EDGE_CURVE('',#3800,#3802,#3803,.T.);
#3182=EDGE_CURVE('',#3802,#3804,#3805,.T.);
#3183=EDGE_CURVE('',#3804,#3806,#3807,.T.);
#3184=EDGE_CURVE('',#3808,#3806,#3809,.T.);
#3185=EDGE_CURVE('',#3808,#3810,#3811,.T.);
#3186=EDGE_CURVE('',#3810,#3812,#3813,.T.);
#3187=EDGE_CURVE('',#3812,#3814,#3815,.T.);
#3188=EDGE_CURVE('',#3816,#3814,#3817,.T.);
#3189=EDGE_CURVE('',#3816,#3818,#3819,.T.);
#3190=EDGE_CURVE('',#3818,#3820,#3821,.T.);
#3191=EDGE_CURVE('',#3820,#3822,#3823,.T.);
#3192=EDGE_CURVE('',#3824,#3822,#3825,.T.);
#3193=EDGE_CURVE('',#3824,#3826,#3827,.T.);
#3194=EDGE_CURVE('',#3826,#3828,#3829,.T.);
#3195=EDGE_CURVE('',#3828,#3830,#3831,.T.);
#3196=EDGE_CURVE('',#3832,#3830,#3833,.T.);
#3197=EDGE_CURVE('',#3832,#3834,#3835,.T.);
#3198=EDGE_CURVE('',#3834,#3836,#3837,.T.);
#3199=EDGE_CURVE('',#3836,#3838,#3839,.T.);
#3200=EDGE_CURVE('',#3840,#3838,#3841,.T.);
#3201=EDGE_CURVE('',#3840,#3842,#3843,.T.);
#3202=EDGE_CURVE('',#3844,#3842,#3845,.T.);
#3203=EDGE_CURVE('',#3846,#3844,#3847,.T.);
#3204=EDGE_CURVE('',#3848,#3846,#3849,.T.);
#3205=EDGE_CURVE('',#3850,#3848,#3851,.T.);
#3206=EDGE_CURVE('',#3850,#3852,#3853,.T.);
#3207=EDGE_CURVE('',#3854,#3852,#3855,.T.);
#3208=EDGE_CURVE('',#3856,#3854,#3857,.T.);
#3209=EDGE_CURVE('',#3858,#3856,#3859,.T.);
#3210=EDGE_CURVE('',#3858,#3860,#3861,.T.);
#3211=EDGE_CURVE('',#3862,#3860,#3863,.T.);
#3212=EDGE_CURVE('',#3864,#3862,#3865,.T.);
#3213=EDGE_CURVE('',#3866,#3864,#3867,.T.);
#3214=EDGE_CURVE('',#3866,#3868,#3869,.T.);
#3215=EDGE_CURVE('',#3870,#3868,#3871,.T.);
#3216=EDGE_CURVE('',#3872,#3870,#3873,.T.);
#3217=EDGE_CURVE('',#3874,#3872,#3875,.T.);
#3218=EDGE_CURVE('',#3874,#3876,#3877,.T.);
#3219=EDGE_CURVE('',#3878,#3876,#3879,.T.);
#3220=EDGE_CURVE('',#3880,#3878,#3881,.T.);
#3221=EDGE_CURVE('',#3882,#3880,#3883,.T.);
#3222=EDGE_CURVE('',#3882,#3884,#3885,.T.);
#3223=EDGE_CURVE('',#3799,#3884,#3886,.T.);
#3224=EDGE_CURVE('',#3887,#3844,#3888,.T.);
#3225=EDGE_CURVE('',#3887,#3889,#3890,.T.);
#3226=EDGE_CURVE('',#3846,#3889,#3891,.T.);
#3227=EDGE_CURVE('',#3852,#3892,#3893,.T.);
#3228=EDGE_CURVE('',#3892,#3894,#3895,.T.);
#3229=EDGE_CURVE('',#3854,#3894,#3896,.T.);
#3230=EDGE_CURVE('',#3860,#3897,#3898,.T.);
#3231=EDGE_CURVE('',#3897,#3899,#3900,.T.);
#3232=EDGE_CURVE('',#3862,#3899,#3901,.T.);
#3233=EDGE_CURVE('',#3868,#3902,#3903,.T.);
#3234=EDGE_CURVE('',#3902,#3904,#3905,.T.);
#3235=EDGE_CURVE('',#3870,#3904,#3906,.T.);
#3236=EDGE_CURVE('',#3907,#3908,#3909,.T.);
#3237=EDGE_CURVE('',#3908,#3799,#3910,.T.);
#3238=EDGE_CURVE('',#3884,#3907,#3911,.T.);
#3239=EDGE_CURVE('',#3876,#3912,#3913,.T.);
#3240=EDGE_CURVE('',#3912,#3914,#3915,.T.);
#3241=EDGE_CURVE('',#3878,#3914,#3916,.T.);
#3242=EDGE_CURVE('',#3838,#3917,#3918,.T.);
#3243=EDGE_CURVE('',#3917,#3919,#3920,.T.);
#3244=EDGE_CURVE('',#3919,#3921,#3922,.T.);
#3245=EDGE_CURVE('',#3921,#3923,#3924,.T.);
#3246=EDGE_CURVE('',#3923,#3925,#3926,.T.);
#3247=EDGE_CURVE('',#3925,#3927,#3928,.T.);
#3248=EDGE_CURVE('',#3927,#3929,#3930,.T.);
#3249=EDGE_CURVE('',#3929,#3840,#3931,.T.);
#3250=EDGE_CURVE('',#3932,#3933,#3934,.T.);
#3251=EDGE_CURVE('',#3933,#3935,#3936,.T.);
#3252=EDGE_CURVE('',#3935,#3937,#3938,.T.);
#3253=EDGE_CURVE('',#3937,#3939,#3940,.T.);
#3254=EDGE_CURVE('',#3939,#3941,#3942,.T.);
#3255=EDGE_CURVE('',#3941,#3848,#3943,.T.);
#3256=EDGE_CURVE('',#3889,#3932,#3944,.T.);
#3257=EDGE_CURVE('',#3945,#3929,#3946,.T.);
#3258=EDGE_CURVE('',#3945,#3842,#3947,.T.);
#3259=EDGE_CURVE('',#3948,#3949,#3950,.T.);
#3260=EDGE_CURVE('',#3948,#3834,#3951,.T.);
#3261=EDGE_CURVE('',#3949,#3832,#3952,.T.);
#3262=EDGE_CURVE('',#3953,#3954,#3955,.T.);
#3263=EDGE_CURVE('',#3953,#3826,#3956,.T.);
#3264=EDGE_CURVE('',#3954,#3824,#3957,.T.);
#3265=EDGE_CURVE('',#3958,#3959,#3960,.T.);
#3266=EDGE_CURVE('',#3958,#3818,#3961,.T.);
#3267=EDGE_CURVE('',#3959,#3816,#3962,.T.);
#3268=EDGE_CURVE('',#3963,#3800,#3964,.T.);
#3269=EDGE_CURVE('',#3965,#3963,#3966,.T.);
#3270=EDGE_CURVE('',#3965,#3802,#3967,.T.);
#3271=EDGE_CURVE('',#3968,#3969,#3970,.T.);
#3272=EDGE_CURVE('',#3968,#3810,#3971,.T.);
#3273=EDGE_CURVE('',#3969,#3808,#3972,.T.);
#3274=EDGE_CURVE('',#3973,#3974,#3975,.T.);
#3275=EDGE_CURVE('',#3887,#3973,#3976,.T.);
#3276=EDGE_CURVE('',#3977,#3945,#3978,.T.);
#3277=EDGE_CURVE('',#3977,#3979,#3980,.T.);
#3278=EDGE_CURVE('',#3981,#3979,#3982,.T.);
#3279=EDGE_CURVE('',#3981,#3983,#3984,.T.);
#3280=EDGE_CURVE('',#3983,#3985,#3986,.T.);
#3281=EDGE_CURVE('',#3985,#3987,#3988,.T.);
#3282=EDGE_CURVE('',#3974,#3987,#3989,.T.);
#3283=EDGE_CURVE('',#3990,#3987,#3991,.T.);
#3284=EDGE_CURVE('',#3992,#3990,#3993,.T.);
#3285=EDGE_CURVE('',#3992,#3994,#3995,.T.);
#3286=EDGE_CURVE('',#3996,#3994,#3997,.T.);
#3287=EDGE_CURVE('',#3996,#3998,#3999,.T.);
#3288=EDGE_CURVE('',#3998,#4000,#4001,.T.);
#3289=EDGE_CURVE('',#3974,#4000,#4002,.T.);
#3290=EDGE_CURVE('',#4003,#4004,#4005,.T.);
#3291=EDGE_CURVE('',#4004,#4006,#4007,.T.);
#3292=EDGE_CURVE('',#4008,#4006,#4009,.T.);
#3293=EDGE_CURVE('',#4003,#4008,#4010,.T.);
#3294=EDGE_CURVE('',#3979,#4011,#4012,.T.);
#3295=EDGE_CURVE('',#4011,#4013,#4014,.T.);
#3296=EDGE_CURVE('',#4013,#4015,#4016,.T.);
#3297=EDGE_CURVE('',#4017,#4015,#4018,.T.);
#3298=EDGE_CURVE('',#4017,#4019,#4020,.T.);
#3299=EDGE_CURVE('',#4021,#4019,#4022,.T.);
#3300=EDGE_CURVE('',#3981,#4021,#4023,.T.);
#3301=EDGE_CURVE('',#4024,#4025,#4026,.T.);
#3302=EDGE_CURVE('',#4027,#4025,#4028,.T.);
#3303=EDGE_CURVE('',#4029,#4027,#4030,.T.);
#3304=EDGE_CURVE('',#4029,#4024,#4031,.T.);
#3305=EDGE_CURVE('',#4032,#4033,#4034,.T.);
#3306=EDGE_CURVE('',#4032,#4035,#4036,.T.);
#3307=EDGE_CURVE('',#4035,#4037,#4038,.T.);
#3308=EDGE_CURVE('',#4039,#4037,#4040,.T.);
#3309=EDGE_CURVE('',#4039,#4041,#4042,.T.);
#3310=EDGE_CURVE('',#4043,#4041,#4044,.T.);
#3311=EDGE_CURVE('',#4045,#4043,#4046,.T.);
#3312=EDGE_CURVE('',#4033,#4045,#4047,.T.);
#3313=EDGE_CURVE('',#4048,#4049,#4050,.T.);
#3314=EDGE_CURVE('',#4051,#4048,#4052,.T.);
#3315=EDGE_CURVE('',#4053,#4051,#4054,.T.);
#3316=EDGE_CURVE('',#4053,#4049,#4055,.T.);
#3317=EDGE_CURVE('',#4056,#4057,#4058,.T.);
#3318=EDGE_CURVE('',#4059,#4056,#4060,.T.);
#3319=EDGE_CURVE('',#4059,#4061,#4062,.T.);
#3320=EDGE_CURVE('',#4063,#4061,#4064,.T.);
#3321=EDGE_CURVE('',#4063,#4065,#4066,.T.);
#3322=EDGE_CURVE('',#4065,#4067,#4068,.T.);
#3323=EDGE_CURVE('',#4067,#4069,#4070,.T.);
#3324=EDGE_CURVE('',#4057,#4069,#4071,.T.);
#3325=EDGE_CURVE('',#4072,#4073,#4074,.T.);
#3326=EDGE_CURVE('',#4075,#4073,#4076,.T.);
#3327=EDGE_CURVE('',#4075,#4077,#4078,.T.);
#3328=EDGE_CURVE('',#4077,#4072,#4079,.T.);
#3329=EDGE_CURVE('',#4080,#4081,#4082,.T.);
#3330=EDGE_CURVE('',#4080,#4083,#4084,.T.);
#3331=EDGE_CURVE('',#4085,#4083,#4086,.T.);
#3332=EDGE_CURVE('',#4085,#4087,#4088,.T.);
#3333=EDGE_CURVE('',#4089,#4087,#4090,.T.);
#3334=EDGE_CURVE('',#4089,#4091,#4092,.T.);
#3335=EDGE_CURVE('',#4093,#4091,#4094,.T.);
#3336=EDGE_CURVE('',#4093,#3932,#4095,.T.);
#3337=EDGE_CURVE('',#3973,#3932,#4096,.T.);
#3338=EDGE_CURVE('',#4097,#4000,#4098,.T.);
#3339=EDGE_CURVE('',#4099,#4097,#4100,.T.);
#3340=EDGE_CURVE('',#4099,#4032,#4101,.T.);
#3341=EDGE_CURVE('',#4102,#4033,#4103,.T.);
#3342=EDGE_CURVE('',#4104,#4102,#4105,.T.);
#3343=EDGE_CURVE('',#4104,#4081,#4106,.T.);
#3344=EDGE_CURVE('',#4104,#4107,#4108,.T.);
#3345=EDGE_CURVE('',#4107,#4109,#4110,.T.);
#3346=EDGE_CURVE('',#4081,#4109,#4111,.T.);
#3347=EDGE_CURVE('',#3806,#4112,#4113,.T.);
#3348=EDGE_CURVE('',#4112,#4114,#4115,.T.);
#3349=EDGE_CURVE('',#4114,#4116,#4117,.T.);
#3350=EDGE_CURVE('',#4116,#4118,#4119,.T.);
#3351=EDGE_CURVE('',#4118,#4120,#4121,.T.);
#3352=EDGE_CURVE('',#4120,#4122,#4123,.T.);
#3353=EDGE_CURVE('',#4122,#3969,#4124,.T.);
#3354=EDGE_CURVE('',#4109,#4125,#4126,.T.);
#3355=EDGE_CURVE('',#4125,#4127,#4128,.T.);
#3356=EDGE_CURVE('',#4127,#4129,#4130,.T.);
#3357=EDGE_CURVE('',#4129,#4131,#4132,.T.);
#3358=EDGE_CURVE('',#4131,#3880,#4133,.T.);
#3359=EDGE_CURVE('',#3914,#4081,#4134,.T.);
#3360=EDGE_CURVE('',#3977,#3927,#4135,.T.);
#3361=EDGE_CURVE('',#4136,#4137,#4138,.T.);
#3362=EDGE_CURVE('',#4136,#3948,#4139,.T.);
#3363=EDGE_CURVE('',#4137,#3949,#4140,.T.);
#3364=EDGE_CURVE('',#4141,#4142,#4143,.T.);
#3365=EDGE_CURVE('',#4141,#3953,#4144,.T.);
#3366=EDGE_CURVE('',#4142,#3954,#4145,.T.);
#3367=EDGE_CURVE('',#4146,#4147,#4148,.T.);
#3368=EDGE_CURVE('',#4146,#3958,#4149,.T.);
#3369=EDGE_CURVE('',#4147,#3959,#4150,.T.);
#3370=EDGE_CURVE('',#4151,#3963,#4152,.T.);
#3371=EDGE_CURVE('',#4153,#4151,#4154,.T.);
#3372=EDGE_CURVE('',#4153,#3965,#4155,.T.);
#3373=EDGE_CURVE('',#4156,#4122,#4157,.T.);
#3374=EDGE_CURVE('',#4156,#3968,#4158,.T.);
#3375=EDGE_CURVE('',#4151,#4069,#4159,.T.);
#3376=EDGE_CURVE('',#4160,#4067,#4161,.T.);
#3377=EDGE_CURVE('',#4162,#4160,#4163,.T.);
#3378=EDGE_CURVE('',#4162,#4011,#4164,.T.);
#3379=EDGE_CURVE('',#4136,#3927,#4165,.T.);
#3380=EDGE_CURVE('',#4141,#4137,#4166,.T.);
#3381=EDGE_CURVE('',#4146,#4142,#4167,.T.);
#3382=EDGE_CURVE('',#4156,#4147,#4168,.T.);
#3383=EDGE_CURVE('',#4153,#4122,#4169,.T.);
#3384=EDGE_CURVE('',#4170,#4120,#4171,.T.);
#3385=EDGE_CURVE('',#4170,#4153,#4172,.T.);
#3386=EDGE_CURVE('',#4173,#4170,#4174,.T.);
#3387=EDGE_CURVE('',#4175,#4173,#4176,.T.);
#3388=EDGE_CURVE('',#4177,#4175,#4178,.T.);
#3389=EDGE_CURVE('',#4179,#4177,#4180,.T.);
#3390=EDGE_CURVE('',#3804,#4179,#4181,.T.);
#3391=EDGE_CURVE('',#4182,#3882,#4183,.T.);
#3392=EDGE_CURVE('',#4184,#4182,#4185,.T.);
#3393=EDGE_CURVE('',#4186,#4184,#4187,.T.);
#3394=EDGE_CURVE('',#4188,#4186,#4189,.T.);
#3395=EDGE_CURVE('',#4107,#4188,#4190,.T.);
#3396=EDGE_CURVE('',#3907,#4104,#4191,.T.);
#3397=EDGE_CURVE('',#4179,#4112,#4192,.T.);
#3398=EDGE_CURVE('',#4177,#4114,#4193,.T.);
#3399=EDGE_CURVE('',#4175,#4116,#4194,.T.);
#3400=EDGE_CURVE('',#4173,#4118,#4195,.T.);
#3401=EDGE_CURVE('',#3892,#4093,#4196,.T.);
#3402=EDGE_CURVE('',#3894,#4091,#4197,.T.);
#3403=EDGE_CURVE('',#3897,#4089,#4198,.T.);
#3404=EDGE_CURVE('',#3899,#4087,#4199,.T.);
#3405=EDGE_CURVE('',#3902,#4085,#4200,.T.);
#3406=EDGE_CURVE('',#3904,#4083,#4201,.T.);
#3407=EDGE_CURVE('',#3908,#4102,#4202,.T.);
#3408=EDGE_CURVE('',#3912,#4080,#4203,.T.);
#3409=EDGE_CURVE('',#3830,#4204,#4205,.T.);
#3410=EDGE_CURVE('',#4204,#4206,#4207,.T.);
#3411=EDGE_CURVE('',#4206,#4208,#4209,.T.);
#3412=EDGE_CURVE('',#4208,#4210,#4211,.T.);
#3413=EDGE_CURVE('',#4210,#4212,#4213,.T.);
#3414=EDGE_CURVE('',#4212,#4137,#4214,.T.);
#3415=EDGE_CURVE('',#4091,#4215,#4216,.T.);
#3416=EDGE_CURVE('',#4215,#4217,#4218,.T.);
#3417=EDGE_CURVE('',#4217,#4219,#4220,.T.);
#3418=EDGE_CURVE('',#4219,#4221,#4222,.T.);
#3419=EDGE_CURVE('',#4221,#4223,#4224,.T.);
#3420=EDGE_CURVE('',#4223,#3856,#4225,.T.);
#3421=EDGE_CURVE('',#4226,#4212,#4227,.T.);
#3422=EDGE_CURVE('',#4226,#4141,#4228,.T.);
#3423=EDGE_CURVE('',#4229,#4226,#4230,.T.);
#3424=EDGE_CURVE('',#4231,#4229,#4232,.T.);
#3425=EDGE_CURVE('',#4233,#4231,#4234,.T.);
#3426=EDGE_CURVE('',#4235,#4233,#4236,.T.);
#3427=EDGE_CURVE('',#3828,#4235,#4237,.T.);
#3428=EDGE_CURVE('',#4238,#3858,#4239,.T.);
#3429=EDGE_CURVE('',#4240,#4238,#4241,.T.);
#3430=EDGE_CURVE('',#4242,#4240,#4243,.T.);
#3431=EDGE_CURVE('',#4244,#4242,#4245,.T.);
#3432=EDGE_CURVE('',#4246,#4244,#4247,.T.);
#3433=EDGE_CURVE('',#4089,#4246,#4248,.T.);
#3434=EDGE_CURVE('',#4235,#4204,#4249,.T.);
#3435=EDGE_CURVE('',#4233,#4206,#4250,.T.);
#3436=EDGE_CURVE('',#4231,#4208,#4251,.T.);
#3437=EDGE_CURVE('',#4229,#4210,#4252,.T.);
#3438=EDGE_CURVE('',#4246,#4215,#4253,.T.);
#3439=EDGE_CURVE('',#4244,#4217,#4254,.T.);
#3440=EDGE_CURVE('',#4242,#4219,#4255,.T.);
#3441=EDGE_CURVE('',#4240,#4221,#4256,.T.);
#3442=EDGE_CURVE('',#4238,#4223,#4257,.T.);
#3443=EDGE_CURVE('',#4258,#4136,#4259,.T.);
#3444=EDGE_CURVE('',#4260,#4258,#4261,.T.);
#3445=EDGE_CURVE('',#4262,#4260,#4263,.T.);
#3446=EDGE_CURVE('',#4264,#4262,#4265,.T.);
#3447=EDGE_CURVE('',#4266,#4264,#4267,.T.);
#3448=EDGE_CURVE('',#3836,#4266,#4268,.T.);
#3449=EDGE_CURVE('',#4269,#3850,#4270,.T.);
#3450=EDGE_CURVE('',#4271,#4269,#4272,.T.);
#3451=EDGE_CURVE('',#4273,#4271,#4274,.T.);
#3452=EDGE_CURVE('',#4275,#4273,#4276,.T.);
#3453=EDGE_CURVE('',#4277,#4275,#4278,.T.);
#3454=EDGE_CURVE('',#4093,#4277,#4279,.T.);
#3455=EDGE_CURVE('',#4266,#3917,#4280,.T.);
#3456=EDGE_CURVE('',#4264,#3919,#4281,.T.);
#3457=EDGE_CURVE('',#4262,#3921,#4282,.T.);
#3458=EDGE_CURVE('',#4260,#3923,#4283,.T.);
#3459=EDGE_CURVE('',#4258,#3925,#4284,.T.);
#3460=EDGE_CURVE('',#4277,#3933,#4285,.T.);
#3461=EDGE_CURVE('',#4275,#3935,#4286,.T.);
#3462=EDGE_CURVE('',#4273,#3937,#4287,.T.);
#3463=EDGE_CURVE('',#4271,#3939,#4288,.T.);
#3464=EDGE_CURVE('',#4269,#3941,#4289,.T.);
#3465=EDGE_CURVE('',#3822,#4290,#4291,.T.);
#3466=EDGE_CURVE('',#4290,#4292,#4293,.T.);
#3467=EDGE_CURVE('',#4292,#4294,#4295,.T.);
#3468=EDGE_CURVE('',#4294,#4296,#4297,.T.);
#3469=EDGE_CURVE('',#4296,#4298,#4299,.T.);
#3470=EDGE_CURVE('',#4298,#4142,#4300,.T.);
#3471=EDGE_CURVE('',#4087,#4301,#4302,.T.);
#3472=EDGE_CURVE('',#4301,#4303,#4304,.T.);
#3473=EDGE_CURVE('',#4303,#4305,#4306,.T.);
#3474=EDGE_CURVE('',#4305,#4307,#4308,.T.);
#3475=EDGE_CURVE('',#4307,#4309,#4310,.T.);
#3476=EDGE_CURVE('',#4309,#3864,#4311,.T.);
#3477=EDGE_CURVE('',#4312,#4298,#4313,.T.);
#3478=EDGE_CURVE('',#4312,#4146,#4314,.T.);
#3479=EDGE_CURVE('',#4315,#4312,#4316,.T.);
#3480=EDGE_CURVE('',#4317,#4315,#4318,.T.);
#3481=EDGE_CURVE('',#4319,#4317,#4320,.T.);
#3482=EDGE_CURVE('',#4321,#4319,#4322,.T.);
#3483=EDGE_CURVE('',#3820,#4321,#4323,.T.);
#3484=EDGE_CURVE('',#4324,#3866,#4325,.T.);
#3485=EDGE_CURVE('',#4326,#4324,#4327,.T.);
#3486=EDGE_CURVE('',#4328,#4326,#4329,.T.);
#3487=EDGE_CURVE('',#4330,#4328,#4331,.T.);
#3488=EDGE_CURVE('',#4332,#4330,#4333,.T.);
#3489=EDGE_CURVE('',#4085,#4332,#4334,.T.);
#3490=EDGE_CURVE('',#4321,#4290,#4335,.T.);
#3491=EDGE_CURVE('',#4319,#4292,#4336,.T.);
#3492=EDGE_CURVE('',#4317,#4294,#4337,.T.);
#3493=EDGE_CURVE('',#4315,#4296,#4338,.T.);
#3494=EDGE_CURVE('',#4332,#4301,#4339,.T.);
#3495=EDGE_CURVE('',#4330,#4303,#4340,.T.);
#3496=EDGE_CURVE('',#4328,#4305,#4341,.T.);
#3497=EDGE_CURVE('',#4326,#4307,#4342,.T.);
#3498=EDGE_CURVE('',#4324,#4309,#4343,.T.);
#3499=EDGE_CURVE('',#3814,#4344,#4345,.T.);
#3500=EDGE_CURVE('',#4344,#4346,#4347,.T.);
#3501=EDGE_CURVE('',#4346,#4348,#4349,.T.);
#3502=EDGE_CURVE('',#4348,#4350,#4351,.T.);
#3503=EDGE_CURVE('',#4350,#4352,#4353,.T.);
#3504=EDGE_CURVE('',#4352,#4147,#4354,.T.);
#3505=EDGE_CURVE('',#4083,#4355,#4356,.T.);
#3506=EDGE_CURVE('',#4355,#4357,#4358,.T.);
#3507=EDGE_CURVE('',#4357,#4359,#4360,.T.);
#3508=EDGE_CURVE('',#4359,#4361,#4362,.T.);
#3509=EDGE_CURVE('',#4361,#4363,#4364,.T.);
#3510=EDGE_CURVE('',#4363,#3872,#4365,.T.);
#3511=EDGE_CURVE('',#4366,#4352,#4367,.T.);
#3512=EDGE_CURVE('',#4366,#4156,#4368,.T.);
#3513=EDGE_CURVE('',#4369,#4366,#4370,.T.);
#3514=EDGE_CURVE('',#4371,#4369,#4372,.T.);
#3515=EDGE_CURVE('',#4373,#4371,#4374,.T.);
#3516=EDGE_CURVE('',#4375,#4373,#4376,.T.);
#3517=EDGE_CURVE('',#3812,#4375,#4377,.T.);
#3518=EDGE_CURVE('',#4378,#3874,#4379,.T.);
#3519=EDGE_CURVE('',#4380,#4378,#4381,.T.);
#3520=EDGE_CURVE('',#4382,#4380,#4383,.T.);
#3521=EDGE_CURVE('',#4384,#4382,#4385,.T.);
#3522=EDGE_CURVE('',#4386,#4384,#4387,.T.);
#3523=EDGE_CURVE('',#4080,#4386,#4388,.T.);
#3524=EDGE_CURVE('',#4375,#4344,#4389,.T.);
#3525=EDGE_CURVE('',#4373,#4346,#4390,.T.);
#3526=EDGE_CURVE('',#4371,#4348,#4391,.T.);
#3527=EDGE_CURVE('',#4369,#4350,#4392,.T.);
#3528=EDGE_CURVE('',#4386,#4355,#4393,.T.);
#3529=EDGE_CURVE('',#4384,#4357,#4394,.T.);
#3530=EDGE_CURVE('',#4382,#4359,#4395,.T.);
#3531=EDGE_CURVE('',#4380,#4361,#4396,.T.);
#3532=EDGE_CURVE('',#4378,#4363,#4397,.T.);
#3533=EDGE_CURVE('',#4045,#4398,#4399,.T.);
#3534=EDGE_CURVE('',#4400,#4398,#4401,.T.);
#3535=EDGE_CURVE('',#4400,#4057,#4402,.T.);
#3536=EDGE_CURVE('',#4403,#4400,#4404,.T.);
#3537=EDGE_CURVE('',#4056,#4403,#4405,.T.);
#3538=EDGE_CURVE('',#4406,#4059,#4407,.T.);
#3539=EDGE_CURVE('',#4408,#4403,#4409,.T.);
#3540=EDGE_CURVE('',#4408,#4043,#4410,.T.);
#3541=EDGE_CURVE('',#4411,#4041,#4412,.T.);
#3542=EDGE_CURVE('',#4406,#4411,#4413,.T.);
#3543=EDGE_CURVE('',#4414,#4415,#4416,.T.);
#3544=EDGE_CURVE('',#4417,#4415,#4418,.T.);
#3545=EDGE_CURVE('',#4419,#4417,#4420,.T.);
#3546=EDGE_CURVE('',#4406,#4419,#4421,.T.);
#3547=EDGE_CURVE('',#4414,#4411,#4422,.T.);
#3548=EDGE_CURVE('',#4423,#4039,#4424,.T.);
#3549=EDGE_CURVE('',#4423,#4414,#4425,.T.);
#3550=EDGE_CURVE('',#4415,#4426,#4427,.T.);
#3551=EDGE_CURVE('',#4423,#4428,#4429,.T.);
#3552=EDGE_CURVE('',#4430,#4428,#4431,.T.);
#3553=EDGE_CURVE('',#4426,#4430,#4432,.T.);
#3554=EDGE_CURVE('',#4430,#4035,#4433,.T.);
#3555=EDGE_CURVE('',#4099,#4434,#4435,.T.);
#3556=EDGE_CURVE('',#4426,#4434,#4436,.T.);
#3557=EDGE_CURVE('',#4434,#4437,#4438,.T.);
#3558=EDGE_CURVE('',#4437,#4439,#4440,.T.);
#3559=EDGE_CURVE('',#4439,#4441,#4442,.T.);
#3560=EDGE_CURVE('',#4441,#4443,#4444,.T.);
#3561=EDGE_CURVE('',#4443,#4445,#4446,.T.);
#3562=EDGE_CURVE('',#4445,#4447,#4448,.T.);
#3563=EDGE_CURVE('',#4447,#4449,#4450,.T.);
#3564=EDGE_CURVE('',#4449,#4451,#4452,.T.);
#3565=EDGE_CURVE('',#4451,#4417,#4453,.T.);
#3566=EDGE_CURVE('',#4454,#4455,#4456,.T.);
#3567=EDGE_CURVE('',#4455,#4457,#4458,.T.);
#3568=EDGE_CURVE('',#4457,#4459,#4460,.T.);
#3569=EDGE_CURVE('',#4459,#4461,#4462,.T.);
#3570=EDGE_CURVE('',#4461,#4463,#4464,.T.);
#3571=EDGE_CURVE('',#4463,#4465,#4466,.T.);
#3572=EDGE_CURVE('',#4465,#4467,#4468,.T.);
#3573=EDGE_CURVE('',#4467,#4454,#4469,.T.);
#3574=EDGE_CURVE('',#4467,#4470,#4471,.T.);
#3575=EDGE_CURVE('',#4470,#4472,#4473,.T.);
#3576=EDGE_CURVE('',#4454,#4472,#4474,.T.);
#3577=EDGE_CURVE('',#4472,#4475,#4476,.T.);
#3578=EDGE_CURVE('',#4455,#4475,#4477,.T.);
#3579=EDGE_CURVE('',#4475,#4478,#4479,.T.);
#3580=EDGE_CURVE('',#4457,#4478,#4480,.T.);
#3581=EDGE_CURVE('',#4478,#4481,#4482,.T.);
#3582=EDGE_CURVE('',#4459,#4481,#4483,.T.);
#3583=EDGE_CURVE('',#4481,#4484,#4485,.T.);
#3584=EDGE_CURVE('',#4461,#4484,#4486,.T.);
#3585=EDGE_CURVE('',#4484,#4487,#4488,.T.);
#3586=EDGE_CURVE('',#4463,#4487,#4489,.T.);
#3587=EDGE_CURVE('',#4487,#4490,#4491,.T.);
#3588=EDGE_CURVE('',#4465,#4490,#4492,.T.);
#3589=EDGE_CURVE('',#4490,#4470,#4493,.T.);
#3590=EDGE_CURVE('',#4490,#4494,#4495,.T.);
#3591=EDGE_CURVE('',#4494,#4496,#4497,.T.);
#3592=EDGE_CURVE('',#4470,#4496,#4498,.T.);
#3593=EDGE_CURVE('',#4496,#4499,#4500,.T.);
#3594=EDGE_CURVE('',#4499,#4501,#4502,.T.);
#3595=EDGE_CURVE('',#4472,#4501,#4503,.T.);
#3596=EDGE_CURVE('',#4501,#4504,#4505,.T.);
#3597=EDGE_CURVE('',#4475,#4504,#4506,.T.);
#3598=EDGE_CURVE('',#4504,#4507,#4508,.T.);
#3599=EDGE_CURVE('',#4507,#4509,#4510,.T.);
#3600=EDGE_CURVE('',#4478,#4509,#4511,.T.);
#3601=EDGE_CURVE('',#4509,#4512,#4513,.T.);
#3602=EDGE_CURVE('',#4481,#4512,#4514,.T.);
#3603=EDGE_CURVE('',#4512,#4515,#4516,.T.);
#3604=EDGE_CURVE('',#4515,#4517,#4518,.T.);
#3605=EDGE_CURVE('',#4484,#4517,#4519,.T.);
#3606=EDGE_CURVE('',#4517,#4520,#4521,.T.);
#3607=EDGE_CURVE('',#4487,#4520,#4522,.T.);
#3608=EDGE_CURVE('',#4520,#4523,#4524,.T.);
#3609=EDGE_CURVE('',#4523,#4494,#4525,.T.);
#3610=EDGE_CURVE('',#4526,#4527,#4528,.T.);
#3611=EDGE_CURVE('',#4527,#4494,#4529,.T.);
#3612=EDGE_CURVE('',#4526,#4523,#4530,.T.);
#3613=EDGE_CURVE('',#4515,#4531,#4532,.T.);
#3614=EDGE_CURVE('',#4531,#4526,#4533,.T.);
#3615=EDGE_CURVE('',#4527,#4534,#4535,.T.);
#3616=EDGE_CURVE('',#4536,#4531,#4537,.T.);
#3617=EDGE_CURVE('',#4538,#4536,#4539,.T.);
#3618=EDGE_CURVE('',#4540,#4538,#4541,.T.);
#3619=EDGE_CURVE('',#4542,#4540,#4543,.T.);
#3620=EDGE_CURVE('',#4534,#4542,#4544,.T.);
#3621=EDGE_CURVE('',#4534,#4496,#4545,.T.);
#3622=EDGE_CURVE('',#4499,#4542,#4546,.T.);
#3623=EDGE_CURVE('',#4540,#4507,#4547,.T.);
#3624=EDGE_CURVE('',#4538,#4509,#4548,.T.);
#3625=EDGE_CURVE('',#4536,#4512,#4549,.T.);
#3626=EDGE_CURVE('',#4550,#4551,#4552,.T.);
#3627=EDGE_CURVE('',#4419,#4551,#4553,.T.);
#3628=EDGE_CURVE('',#4554,#4451,#4555,.T.);
#3629=EDGE_CURVE('',#4550,#4554,#4556,.T.);
#3630=EDGE_CURVE('',#4554,#4065,#4557,.T.);
#3631=EDGE_CURVE('',#4063,#4550,#4558,.T.);
#3632=EDGE_CURVE('',#4551,#4061,#4559,.T.);
#3633=EDGE_CURVE('',#4560,#4017,#4561,.T.);
#3634=EDGE_CURVE('',#4015,#4562,#4563,.T.);
#3635=EDGE_CURVE('',#4560,#4562,#4564,.T.);
#3636=EDGE_CURVE('',#4565,#4443,#4566,.T.);
#3637=EDGE_CURVE('',#4560,#4565,#4567,.T.);
#3638=EDGE_CURVE('',#4568,#4562,#4569,.T.);
#3639=EDGE_CURVE('',#4445,#4568,#4570,.T.);
#3640=EDGE_CURVE('',#4568,#4013,#4571,.T.);
#3641=EDGE_CURVE('',#4162,#4447,#4572,.T.);
#3642=EDGE_CURVE('',#4449,#4160,#4573,.T.);
#3643=EDGE_CURVE('',#4565,#4574,#4575,.T.);
#3644=EDGE_CURVE('',#4574,#4019,#4576,.T.);
#3645=EDGE_CURVE('',#4577,#3992,#4578,.T.);
#3646=EDGE_CURVE('',#3990,#4579,#4580,.T.);
#3647=EDGE_CURVE('',#4581,#4579,#4582,.T.);
#3648=EDGE_CURVE('',#4581,#4021,#4583,.T.);
#3649=EDGE_CURVE('',#4577,#4574,#4584,.T.);
#3650=EDGE_CURVE('',#4585,#4441,#4586,.T.);
#3651=EDGE_CURVE('',#4577,#4585,#4587,.T.);
#3652=EDGE_CURVE('',#4585,#4588,#4589,.T.);
#3653=EDGE_CURVE('',#4588,#3994,#4590,.T.);
#3654=EDGE_CURVE('',#4037,#4428,#4591,.T.);
#3655=EDGE_CURVE('',#3996,#4592,#4593,.T.);
#3656=EDGE_CURVE('',#4592,#4588,#4594,.T.);
#3657=EDGE_CURVE('',#4595,#4439,#4596,.T.);
#3658=EDGE_CURVE('',#4592,#4595,#4597,.T.);
#3659=EDGE_CURVE('',#4595,#3998,#4598,.T.);
#3660=EDGE_CURVE('',#4437,#4097,#4599,.T.);
#3661=EDGE_CURVE('',#3983,#4581,#4600,.T.);
#3662=EDGE_CURVE('',#4398,#4408,#4601,.T.);
#3663=EDGE_CURVE('',#4602,#4603,#4604,.T.);
#3664=EDGE_CURVE('',#4603,#4602,#4605,.T.);
#3665=EDGE_CURVE('',#4579,#3985,#4606,.T.);
#3666=EDGE_CURVE('',#4602,#4607,#4608,.T.);
#3667=EDGE_CURVE('',#4609,#4607,#4610,.T.);
#3668=EDGE_CURVE('',#4603,#4609,#4611,.T.);
#3669=EDGE_CURVE('',#4607,#4609,#4612,.T.);
#3670=EDGE_CURVE('',#4188,#4125,#4613,.T.);
#3671=EDGE_CURVE('',#4186,#4127,#4614,.T.);
#3672=EDGE_CURVE('',#4184,#4129,#4615,.T.);
#3673=EDGE_CURVE('',#4182,#4131,#4616,.T.);
#3674=EDGE_CURVE('',#4617,#4008,#4618,.T.);
#3675=EDGE_CURVE('',#4619,#4617,#4620,.T.);
#3676=EDGE_CURVE('',#4621,#4619,#4622,.T.);
#3677=EDGE_CURVE('',#4623,#4621,#4624,.T.);
#3678=EDGE_CURVE('',#4625,#4623,#4626,.T.);
#3679=EDGE_CURVE('',#4003,#4625,#4627,.T.);
#3680=EDGE_CURVE('',#4628,#4027,#4629,.T.);
#3681=EDGE_CURVE('',#4630,#4628,#4631,.T.);
#3682=EDGE_CURVE('',#4632,#4630,#4633,.T.);
#3683=EDGE_CURVE('',#4634,#4632,#4635,.T.);
#3684=EDGE_CURVE('',#4636,#4634,#4637,.T.);
#3685=EDGE_CURVE('',#4029,#4636,#4638,.T.);
#3686=EDGE_CURVE('',#4625,#4639,#4640,.T.);
#3687=EDGE_CURVE('',#4004,#4639,#4641,.T.);
#3688=EDGE_CURVE('',#4639,#4642,#4643,.T.);
#3689=EDGE_CURVE('',#4642,#4644,#4645,.T.);
#3690=EDGE_CURVE('',#4644,#4646,#4647,.T.);
#3691=EDGE_CURVE('',#4646,#4648,#4649,.T.);
#3692=EDGE_CURVE('',#4648,#4006,#4650,.T.);
#3693=EDGE_CURVE('',#4651,#4652,#4653,.T.);
#3694=EDGE_CURVE('',#4652,#4654,#4655,.T.);
#3695=EDGE_CURVE('',#4654,#4656,#4657,.T.);
#3696=EDGE_CURVE('',#4656,#4658,#4659,.T.);
#3697=EDGE_CURVE('',#4658,#4025,#4660,.T.);
#3698=EDGE_CURVE('',#4024,#4651,#4661,.T.);
#3699=EDGE_CURVE('',#4617,#4648,#4662,.T.);
#3700=EDGE_CURVE('',#4619,#4646,#4663,.T.);
#3701=EDGE_CURVE('',#4621,#4644,#4664,.T.);
#3702=EDGE_CURVE('',#4623,#4642,#4665,.T.);
#3703=EDGE_CURVE('',#4636,#4651,#4666,.T.);
#3704=EDGE_CURVE('',#4634,#4652,#4667,.T.);
#3705=EDGE_CURVE('',#4632,#4654,#4668,.T.);
#3706=EDGE_CURVE('',#4630,#4656,#4669,.T.);
#3707=EDGE_CURVE('',#4628,#4658,#4670,.T.);
#3708=EDGE_CURVE('',#4671,#4672,#4673,.T.);
#3709=EDGE_CURVE('',#4672,#4674,#4675,.T.);
#3710=EDGE_CURVE('',#4674,#4676,#4677,.T.);
#3711=EDGE_CURVE('',#4676,#4678,#4679,.T.);
#3712=EDGE_CURVE('',#4678,#4072,#4680,.T.);
#3713=EDGE_CURVE('',#4077,#4671,#4681,.T.);
#3714=EDGE_CURVE('',#4682,#4683,#4684,.T.);
#3715=EDGE_CURVE('',#4683,#4685,#4686,.T.);
#3716=EDGE_CURVE('',#4685,#4687,#4688,.T.);
#3717=EDGE_CURVE('',#4687,#4689,#4690,.T.);
#3718=EDGE_CURVE('',#4689,#4049,#4691,.T.);
#3719=EDGE_CURVE('',#4053,#4682,#4692,.T.);
#3720=EDGE_CURVE('',#4075,#4693,#4694,.T.);
#3721=EDGE_CURVE('',#4671,#4693,#4695,.T.);
#3722=EDGE_CURVE('',#4693,#4696,#4697,.T.);
#3723=EDGE_CURVE('',#4672,#4696,#4698,.T.);
#3724=EDGE_CURVE('',#4696,#4699,#4700,.T.);
#3725=EDGE_CURVE('',#4674,#4699,#4701,.T.);
#3726=EDGE_CURVE('',#4699,#4702,#4703,.T.);
#3727=EDGE_CURVE('',#4676,#4702,#4704,.T.);
#3728=EDGE_CURVE('',#4702,#4705,#4706,.T.);
#3729=EDGE_CURVE('',#4678,#4705,#4707,.T.);
#3730=EDGE_CURVE('',#4705,#4073,#4708,.T.);
#3731=EDGE_CURVE('',#4709,#4048,#4710,.T.);
#3732=EDGE_CURVE('',#4711,#4709,#4712,.T.);
#3733=EDGE_CURVE('',#4713,#4711,#4714,.T.);
#3734=EDGE_CURVE('',#4715,#4713,#4716,.T.);
#3735=EDGE_CURVE('',#4717,#4715,#4718,.T.);
#3736=EDGE_CURVE('',#4051,#4717,#4719,.T.);
#3737=EDGE_CURVE('',#4682,#4717,#4720,.T.);
#3738=EDGE_CURVE('',#4683,#4715,#4721,.T.);
#3739=EDGE_CURVE('',#4685,#4713,#4722,.T.);
#3740=EDGE_CURVE('',#4687,#4711,#4723,.T.);
#3741=EDGE_CURVE('',#4689,#4709,#4724,.T.);
#3742=DIRECTION('',(0.0,0.0,1.0));
#3743=DIRECTION('',(1.0,0.0,0.0));
#3744=DIRECTION('',(0.0,0.0,-1.0));
#3745=DIRECTION('',(-1.0,0.0,0.0));
#3746=DIRECTION('',(1.0,0.0,0.0));
#3747=DIRECTION('',(0.0,0.0,-1.0));
#3748=DIRECTION('',(-1.0,0.0,0.0));
#3749=DIRECTION('',(0.0,0.0,1.0));
#3750=DIRECTION('',(0.0,0.0,1.0));
#3751=DIRECTION('',(1.0,0.0,0.0));
#3752=DIRECTION('',(0.0,0.0,-1.0));
#3753=DIRECTION('',(-1.0,0.0,0.0));
#3754=DIRECTION('',(1.0,0.0,0.0));
#3755=DIRECTION('',(0.0,0.0,-1.0));
#3756=DIRECTION('',(-1.0,0.0,0.0));
#3757=DIRECTION('',(0.0,0.0,1.0));
#3758=DIRECTION('',(0.0,0.0,1.0));
#3759=DIRECTION('',(1.0,0.0,0.0));
#3760=DIRECTION('',(0.0,0.0,-1.0));
#3761=DIRECTION('',(-1.0,0.0,0.0));
#3762=DIRECTION('',(1.0,0.0,0.0));
#3763=DIRECTION('',(0.0,0.0,-1.0));
#3764=DIRECTION('',(-1.0,0.0,0.0));
#3765=DIRECTION('',(0.0,0.0,1.0));
#3766=DIRECTION('',(0.0,0.0,1.0));
#3767=DIRECTION('',(1.0,0.0,0.0));
#3768=DIRECTION('',(0.0,0.0,-1.0));
#3769=DIRECTION('',(-1.0,0.0,0.0));
#3770=DIRECTION('',(1.0,0.0,0.0));
#3771=DIRECTION('',(0.0,0.0,-1.0));
#3772=DIRECTION('',(-1.0,0.0,0.0));
#3773=DIRECTION('',(0.0,0.0,1.0));
#3774=DIRECTION('',(0.0,0.0,1.0));
#3775=DIRECTION('',(1.0,0.0,0.0));
#3776=DIRECTION('',(0.0,0.0,-1.0));
#3777=DIRECTION('',(-1.0,0.0,0.0));
#3778=DIRECTION('',(1.0,0.0,0.0));
#3779=DIRECTION('',(0.0,0.0,-1.0));
#3780=DIRECTION('',(-1.0,0.0,0.0));
#3781=DIRECTION('',(0.0,0.0,1.0));
#3782=DIRECTION('',(0.0,0.0,1.0));
#3783=DIRECTION('',(1.0,0.0,0.0));
#3784=DIRECTION('',(0.0,0.0,-1.0));
#3785=DIRECTION('',(-1.0,0.0,0.0));
#3786=DIRECTION('',(1.0,0.0,0.0));
#3787=DIRECTION('',(0.0,0.0,-1.0));
#3788=DIRECTION('',(-1.0,0.0,0.0));
#3789=DIRECTION('',(0.0,0.0,1.0));
#3790=DIRECTION('',(-1.0,0.0,0.0));
#3791=DIRECTION('',(0.0,0.0,1.0));
#3792=DIRECTION('',(1.0,0.0,0.0));
#3793=DIRECTION('',(0.0,0.0,-1.0));
#3794=DIRECTION('',(0.0,0.0,-1.0));
#3795=DIRECTION('',(-1.0,0.0,0.0));
#3796=DIRECTION('',(0.0,0.0,1.0));
#3797=DIRECTION('',(1.0,0.0,0.0));
#3798=DIRECTION('',(0.0,-1.0,0.0));
#3799=VERTEX_POINT('',#4725);
#3800=VERTEX_POINT('',#4726);
#3801=LINE('',#4727,#4728);
#3802=VERTEX_POINT('',#4729);
#3803=LINE('',#4730,#4731);
#3804=VERTEX_POINT('',#4732);
#3805=LINE('',#4733,#4734);
#3806=VERTEX_POINT('',#4735);
#3807=LINE('',#4736,#4737);
#3808=VERTEX_POINT('',#4738);
#3809=LINE('',#4739,#4740);
#3810=VERTEX_POINT('',#4741);
#3811=LINE('',#4742,#4743);
#3812=VERTEX_POINT('',#4744);
#3813=LINE('',#4745,#4746);
#3814=VERTEX_POINT('',#4747);
#3815=LINE('',#4748,#4749);
#3816=VERTEX_POINT('',#4750);
#3817=LINE('',#4751,#4752);
#3818=VERTEX_POINT('',#4753);
#3819=LINE('',#4754,#4755);
#3820=VERTEX_POINT('',#4756);
#3821=LINE('',#4757,#4758);
#3822=VERTEX_POINT('',#4759);
#3823=LINE('',#4760,#4761);
#3824=VERTEX_POINT('',#4762);
#3825=LINE('',#4763,#4764);
#3826=VERTEX_POINT('',#4765);
#3827=LINE('',#4766,#4767);
#3828=VERTEX_POINT('',#4768);
#3829=LINE('',#4769,#4770);
#3830=VERTEX_POINT('',#4771);
#3831=LINE('',#4772,#4773);
#3832=VERTEX_POINT('',#4774);
#3833=LINE('',#4775,#4776);
#3834=VERTEX_POINT('',#4777);
#3835=LINE('',#4778,#4779);
#3836=VERTEX_POINT('',#4780);
#3837=LINE('',#4781,#4782);
#3838=VERTEX_POINT('',#4783);
#3839=LINE('',#4784,#4785);
#3840=VERTEX_POINT('',#4786);
#3841=LINE('',#4787,#4788);
#3842=VERTEX_POINT('',#4789);
#3843=LINE('',#4790,#4791);
#3844=VERTEX_POINT('',#4792);
#3845=LINE('',#4793,#4794);
#3846=VERTEX_POINT('',#4795);
#3847=LINE('',#4796,#4797);
#3848=VERTEX_POINT('',#4798);
#3849=LINE('',#4799,#4800);
#3850=VERTEX_POINT('',#4801);
#3851=LINE('',#4802,#4803);
#3852=VERTEX_POINT('',#4804);
#3853=LINE('',#4805,#4806);
#3854=VERTEX_POINT('',#4807);
#3855=LINE('',#4808,#4809);
#3856=VERTEX_POINT('',#4810);
#3857=LINE('',#4811,#4812);
#3858=VERTEX_POINT('',#4813);
#3859=LINE('',#4814,#4815);
#3860=VERTEX_POINT('',#4816);
#3861=LINE('',#4817,#4818);
#3862=VERTEX_POINT('',#4819);
#3863=LINE('',#4820,#4821);
#3864=VERTEX_POINT('',#4822);
#3865=LINE('',#4823,#4824);
#3866=VERTEX_POINT('',#4825);
#3867=LINE('',#4826,#4827);
#3868=VERTEX_POINT('',#4828);
#3869=LINE('',#4829,#4830);
#3870=VERTEX_POINT('',#4831);
#3871=LINE('',#4832,#4833);
#3872=VERTEX_POINT('',#4834);
#3873=LINE('',#4835,#4836);
#3874=VERTEX_POINT('',#4837);
#3875=LINE('',#4838,#4839);
#3876=VERTEX_POINT('',#4840);
#3877=LINE('',#4841,#4842);
#3878=VERTEX_POINT('',#4843);
#3879=LINE('',#4844,#4845);
#3880=VERTEX_POINT('',#4846);
#3881=LINE('',#4847,#4848);
#3882=VERTEX_POINT('',#4849);
#3883=LINE('',#4850,#4851);
#3884=VERTEX_POINT('',#4852);
#3885=LINE('',#4853,#4854);
#3886=LINE('',#4855,#4856);
#3887=VERTEX_POINT('',#4857);
#3888=LINE('',#4858,#4859);
#3889=VERTEX_POINT('',#4860);
#3890=LINE('',#4861,#4862);
#3891=LINE('',#4863,#4864);
#3892=VERTEX_POINT('',#4865);
#3893=LINE('',#4866,#4867);
#3894=VERTEX_POINT('',#4868);
#3895=LINE('',#4869,#4870);
#3896=LINE('',#4871,#4872);
#3897=VERTEX_POINT('',#4873);
#3898=LINE('',#4874,#4875);
#3899=VERTEX_POINT('',#4876);
#3900=LINE('',#4877,#4878);
#3901=LINE('',#4879,#4880);
#3902=VERTEX_POINT('',#4881);
#3903=LINE('',#4882,#4883);
#3904=VERTEX_POINT('',#4884);
#3905=LINE('',#4885,#4886);
#3906=LINE('',#4887,#4888);
#3907=VERTEX_POINT('',#4889);
#3908=VERTEX_POINT('',#4890);
#3909=LINE('',#4891,#4892);
#3910=LINE('',#4893,#4894);
#3911=LINE('',#4895,#4896);
#3912=VERTEX_POINT('',#4897);
#3913=LINE('',#4898,#4899);
#3914=VERTEX_POINT('',#4900);
#3915=LINE('',#4901,#4902);
#3916=LINE('',#4903,#4904);
#3917=VERTEX_POINT('',#4905);
#3918=CIRCLE('',#4906,0.02);
#3919=VERTEX_POINT('',#4907);
#3920=LINE('',#4908,#4909);
#3921=VERTEX_POINT('',#4910);
#3922=LINE('',#4911,#4912);
#3923=VERTEX_POINT('',#4913);
#3924=LINE('',#4914,#4915);
#3925=VERTEX_POINT('',#4916);
#3926=CIRCLE('',#4917,0.02);
#3927=VERTEX_POINT('',#4918);
#3928=LINE('',#4919,#4920);
#3929=VERTEX_POINT('',#4921);
#3930=LINE('',#4922,#4923);
#3931=LINE('',#4924,#4925);
#3932=VERTEX_POINT('',#4926);
#3933=VERTEX_POINT('',#4927);
#3934=LINE('',#4928,#4929);
#3935=VERTEX_POINT('',#4930);
#3936=CIRCLE('',#4931,0.02);
#3937=VERTEX_POINT('',#4932);
#3938=LINE('',#4933,#4934);
#3939=VERTEX_POINT('',#4935);
#3940=LINE('',#4936,#4937);
#3941=VERTEX_POINT('',#4938);
#3942=LINE('',#4939,#4940);
#3943=CIRCLE('',#4941,0.02);
#3944=LINE('',#4942,#4943);
#3945=VERTEX_POINT('',#4944);
#3946=LINE('',#4945,#4946);
#3947=LINE('',#4947,#4948);
#3948=VERTEX_POINT('',#4949);
#3949=VERTEX_POINT('',#4950);
#3950=LINE('',#4951,#4952);
#3951=LINE('',#4953,#4954);
#3952=LINE('',#4955,#4956);
#3953=VERTEX_POINT('',#4957);
#3954=VERTEX_POINT('',#4958);
#3955=LINE('',#4959,#4960);
#3956=LINE('',#4961,#4962);
#3957=LINE('',#4963,#4964);
#3958=VERTEX_POINT('',#4965);
#3959=VERTEX_POINT('',#4966);
#3960=LINE('',#4967,#4968);
#3961=LINE('',#4969,#4970);
#3962=LINE('',#4971,#4972);
#3963=VERTEX_POINT('',#4973);
#3964=LINE('',#4974,#4975);
#3965=VERTEX_POINT('',#4976);
#3966=LINE('',#4977,#4978);
#3967=LINE('',#4979,#4980);
#3968=VERTEX_POINT('',#4981);
#3969=VERTEX_POINT('',#4982);
#3970=LINE('',#4983,#4984);
#3971=LINE('',#4985,#4986);
#3972=LINE('',#4987,#4988);
#3973=VERTEX_POINT('',#4989);
#3974=VERTEX_POINT('',#4990);
#3975=LINE('',#4991,#4992);
#3976=LINE('',#4993,#4994);
#3977=VERTEX_POINT('',#4995);
#3978=LINE('',#4996,#4997);
#3979=VERTEX_POINT('',#4998);
#3980=LINE('',#4999,#5000);
#3981=VERTEX_POINT('',#5001);
#3982=LINE('',#5002,#5003);
#3983=VERTEX_POINT('',#5004);
#3984=LINE('',#5005,#5006);
#3985=VERTEX_POINT('',#5007);
#3986=LINE('',#5008,#5009);
#3987=VERTEX_POINT('',#5010);
#3988=LINE('',#5011,#5012);
#3989=LINE('',#5013,#5014);
#3990=VERTEX_POINT('',#5015);
#3991=LINE('',#5016,#5017);
#3992=VERTEX_POINT('',#5018);
#3993=LINE('',#5019,#5020);
#3994=VERTEX_POINT('',#5021);
#3995=CIRCLE('',#5022,0.1);
#3996=VERTEX_POINT('',#5023);
#3997=LINE('',#5024,#5025);
#3998=VERTEX_POINT('',#5026);
#3999=LINE('',#5027,#5028);
#4000=VERTEX_POINT('',#5029);
#4001=LINE('',#5030,#5031);
#4002=LINE('',#5032,#5033);
#4003=VERTEX_POINT('',#5034);
#4004=VERTEX_POINT('',#5035);
#4005=LINE('',#5036,#5037);
#4006=VERTEX_POINT('',#5038);
#4007=LINE('',#5039,#5040);
#4008=VERTEX_POINT('',#5041);
#4009=LINE('',#5042,#5043);
#4010=LINE('',#5044,#5045);
#4011=VERTEX_POINT('',#5046);
#4012=LINE('',#5047,#5048);
#4013=VERTEX_POINT('',#5049);
#4014=LINE('',#5050,#5051);
#4015=VERTEX_POINT('',#5052);
#4016=LINE('',#5053,#5054);
#4017=VERTEX_POINT('',#5055);
#4018=LINE('',#5056,#5057);
#4019=VERTEX_POINT('',#5058);
#4020=CIRCLE('',#5059,0.1);
#4021=VERTEX_POINT('',#5060);
#4022=LINE('',#5061,#5062);
#4023=LINE('',#5063,#5064);
#4024=VERTEX_POINT('',#5065);
#4025=VERTEX_POINT('',#5066);
#4026=LINE('',#5067,#5068);
#4027=VERTEX_POINT('',#5069);
#4028=LINE('',#5070,#5071);
#4029=VERTEX_POINT('',#5072);
#4030=LINE('',#5073,#5074);
#4031=LINE('',#5075,#5076);
#4032=VERTEX_POINT('',#5077);
#4033=VERTEX_POINT('',#5078);
#4034=LINE('',#5079,#5080);
#4035=VERTEX_POINT('',#5081);
#4036=LINE('',#5082,#5083);
#4037=VERTEX_POINT('',#5084);
#4038=LINE('',#5085,#5086);
#4039=VERTEX_POINT('',#5087);
#4040=LINE('',#5088,#5089);
#4041=VERTEX_POINT('',#5090);
#4042=CIRCLE('',#5091,0.1);
#4043=VERTEX_POINT('',#5092);
#4044=LINE('',#5093,#5094);
#4045=VERTEX_POINT('',#5095);
#4046=LINE('',#5096,#5097);
#4047=LINE('',#5098,#5099);
#4048=VERTEX_POINT('',#5100);
#4049=VERTEX_POINT('',#5101);
#4050=LINE('',#5102,#5103);
#4051=VERTEX_POINT('',#5104);
#4052=LINE('',#5105,#5106);
#4053=VERTEX_POINT('',#5107);
#4054=LINE('',#5108,#5109);
#4055=LINE('',#5110,#5111);
#4056=VERTEX_POINT('',#5112);
#4057=VERTEX_POINT('',#5113);
#4058=LINE('',#5114,#5115);
#4059=VERTEX_POINT('',#5116);
#4060=LINE('',#5117,#5118);
#4061=VERTEX_POINT('',#5119);
#4062=CIRCLE('',#5120,0.1);
#4063=VERTEX_POINT('',#5121);
#4064=LINE('',#5122,#5123);
#4065=VERTEX_POINT('',#5124);
#4066=LINE('',#5125,#5126);
#4067=VERTEX_POINT('',#5127);
#4068=LINE('',#5128,#5129);
#4069=VERTEX_POINT('',#5130);
#4070=LINE('',#5131,#5132);
#4071=LINE('',#5133,#5134);
#4072=VERTEX_POINT('',#5135);
#4073=VERTEX_POINT('',#5136);
#4074=LINE('',#5137,#5138);
#4075=VERTEX_POINT('',#5139);
#4076=LINE('',#5140,#5141);
#4077=VERTEX_POINT('',#5142);
#4078=LINE('',#5143,#5144);
#4079=LINE('',#5145,#5146);
#4080=VERTEX_POINT('',#5147);
#4081=VERTEX_POINT('',#5148);
#4082=LINE('',#5149,#5150);
#4083=VERTEX_POINT('',#5151);
#4084=LINE('',#5152,#5153);
#4085=VERTEX_POINT('',#5154);
#4086=LINE('',#5155,#5156);
#4087=VERTEX_POINT('',#5157);
#4088=LINE('',#5158,#5159);
#4089=VERTEX_POINT('',#5160);
#4090=LINE('',#5161,#5162);
#4091=VERTEX_POINT('',#5163);
#4092=LINE('',#5164,#5165);
#4093=VERTEX_POINT('',#5166);
#4094=LINE('',#5167,#5168);
#4095=LINE('',#5169,#5170);
#4096=LINE('',#5171,#5172);
#4097=VERTEX_POINT('',#5173);
#4098=LINE('',#5174,#5175);
#4099=VERTEX_POINT('',#5176);
#4100=LINE('',#5177,#5178);
#4101=LINE('',#5179,#5180);
#4102=VERTEX_POINT('',#5181);
#4103=LINE('',#5182,#5183);
#4104=VERTEX_POINT('',#5184);
#4105=LINE('',#5185,#5186);
#4106=LINE('',#5187,#5188);
#4107=VERTEX_POINT('',#5189);
#4108=LINE('',#5190,#5191);
#4109=VERTEX_POINT('',#5192);
#4110=LINE('',#5193,#5194);
#4111=LINE('',#5195,#5196);
#4112=VERTEX_POINT('',#5197);
#4113=CIRCLE('',#5198,0.02);
#4114=VERTEX_POINT('',#5199);
#4115=LINE('',#5200,#5201);
#4116=VERTEX_POINT('',#5202);
#4117=LINE('',#5203,#5204);
#4118=VERTEX_POINT('',#5205);
#4119=LINE('',#5206,#5207);
#4120=VERTEX_POINT('',#5208);
#4121=CIRCLE('',#5209,0.02);
#4122=VERTEX_POINT('',#5210);
#4123=LINE('',#5211,#5212);
#4124=LINE('',#5213,#5214);
#4125=VERTEX_POINT('',#5215);
#4126=CIRCLE('',#5216,0.02);
#4127=VERTEX_POINT('',#5217);
#4128=LINE('',#5218,#5219);
#4129=VERTEX_POINT('',#5220);
#4130=LINE('',#5221,#5222);
#4131=VERTEX_POINT('',#5223);
#4132=LINE('',#5224,#5225);
#4133=CIRCLE('',#5226,0.02);
#4134=LINE('',#5227,#5228);
#4135=LINE('',#5229,#5230);
#4136=VERTEX_POINT('',#5231);
#4137=VERTEX_POINT('',#5232);
#4138=LINE('',#5233,#5234);
#4139=LINE('',#5235,#5236);
#4140=LINE('',#5237,#5238);
#4141=VERTEX_POINT('',#5239);
#4142=VERTEX_POINT('',#5240);
#4143=LINE('',#5241,#5242);
#4144=LINE('',#5243,#5244);
#4145=LINE('',#5245,#5246);
#4146=VERTEX_POINT('',#5247);
#4147=VERTEX_POINT('',#5248);
#4148=LINE('',#5249,#5250);
#4149=LINE('',#5251,#5252);
#4150=LINE('',#5253,#5254);
#4151=VERTEX_POINT('',#5255);
#4152=LINE('',#5256,#5257);
#4153=VERTEX_POINT('',#5258);
#4154=LINE('',#5259,#5260);
#4155=LINE('',#5261,#5262);
#4156=VERTEX_POINT('',#5263);
#4157=LINE('',#5264,#5265);
#4158=LINE('',#5266,#5267);
#4159=LINE('',#5268,#5269);
#4160=VERTEX_POINT('',#5270);
#4161=LINE('',#5271,#5272);
#4162=VERTEX_POINT('',#5273);
#4163=LINE('',#5274,#5275);
#4164=LINE('',#5276,#5277);
#4165=LINE('',#5278,#5279);
#4166=LINE('',#5280,#5281);
#4167=LINE('',#5282,#5283);
#4168=LINE('',#5284,#5285);
#4169=LINE('',#5286,#5287);
#4170=VERTEX_POINT('',#5288);
#4171=LINE('',#5289,#5290);
#4172=LINE('',#5291,#5292);
#4173=VERTEX_POINT('',#5293);
#4174=CIRCLE('',#5294,0.02);
#4175=VERTEX_POINT('',#5295);
#4176=LINE('',#5296,#5297);
#4177=VERTEX_POINT('',#5298);
#4178=LINE('',#5299,#5300);
#4179=VERTEX_POINT('',#5301);
#4180=LINE('',#5302,#5303);
#4181=CIRCLE('',#5304,0.02);
#4182=VERTEX_POINT('',#5305);
#4183=CIRCLE('',#5306,0.02);
#4184=VERTEX_POINT('',#5307);
#4185=LINE('',#5308,#5309);
#4186=VERTEX_POINT('',#5310);
#4187=LINE('',#5311,#5312);
#4188=VERTEX_POINT('',#5313);
#4189=LINE('',#5314,#5315);
#4190=CIRCLE('',#5316,0.02);
#4191=LINE('',#5317,#5318);
#4192=LINE('',#5319,#5320);
#4193=LINE('',#5321,#5322);
#4194=LINE('',#5323,#5324);
#4195=LINE('',#5325,#5326);
#4196=LINE('',#5327,#5328);
#4197=LINE('',#5329,#5330);
#4198=LINE('',#5331,#5332);
#4199=LINE('',#5333,#5334);
#4200=LINE('',#5335,#5336);
#4201=LINE('',#5337,#5338);
#4202=LINE('',#5339,#5340);
#4203=LINE('',#5341,#5342);
#4204=VERTEX_POINT('',#5343);
#4205=CIRCLE('',#5344,0.02);
#4206=VERTEX_POINT('',#5345);
#4207=LINE('',#5346,#5347);
#4208=VERTEX_POINT('',#5348);
#4209=LINE('',#5349,#5350);
#4210=VERTEX_POINT('',#5351);
#4211=LINE('',#5352,#5353);
#4212=VERTEX_POINT('',#5354);
#4213=CIRCLE('',#5355,0.02);
#4214=LINE('',#5356,#5357);
#4215=VERTEX_POINT('',#5358);
#4216=LINE('',#5359,#5360);
#4217=VERTEX_POINT('',#5361);
#4218=CIRCLE('',#5362,0.02);
#4219=VERTEX_POINT('',#5363);
#4220=LINE('',#5364,#5365);
#4221=VERTEX_POINT('',#5366);
#4222=LINE('',#5367,#5368);
#4223=VERTEX_POINT('',#5369);
#4224=LINE('',#5370,#5371);
#4225=CIRCLE('',#5372,0.02);
#4226=VERTEX_POINT('',#5373);
#4227=LINE('',#5374,#5375);
#4228=LINE('',#5376,#5377);
#4229=VERTEX_POINT('',#5378);
#4230=CIRCLE('',#5379,0.02);
#4231=VERTEX_POINT('',#5380);
#4232=LINE('',#5381,#5382);
#4233=VERTEX_POINT('',#5383);
#4234=LINE('',#5384,#5385);
#4235=VERTEX_POINT('',#5386);
#4236=LINE('',#5387,#5388);
#4237=CIRCLE('',#5389,0.02);
#4238=VERTEX_POINT('',#5390);
#4239=CIRCLE('',#5391,0.02);
#4240=VERTEX_POINT('',#5392);
#4241=LINE('',#5393,#5394);
#4242=VERTEX_POINT('',#5395);
#4243=LINE('',#5396,#5397);
#4244=VERTEX_POINT('',#5398);
#4245=LINE('',#5399,#5400);
#4246=VERTEX_POINT('',#5401);
#4247=CIRCLE('',#5402,0.02);
#4248=LINE('',#5403,#5404);
#4249=LINE('',#5405,#5406);
#4250=LINE('',#5407,#5408);
#4251=LINE('',#5409,#5410);
#4252=LINE('',#5411,#5412);
#4253=LINE('',#5413,#5414);
#4254=LINE('',#5415,#5416);
#4255=LINE('',#5417,#5418);
#4256=LINE('',#5419,#5420);
#4257=LINE('',#5421,#5422);
#4258=VERTEX_POINT('',#5423);
#4259=LINE('',#5424,#5425);
#4260=VERTEX_POINT('',#5426);
#4261=CIRCLE('',#5427,0.02);
#4262=VERTEX_POINT('',#5428);
#4263=LINE('',#5429,#5430);
#4264=VERTEX_POINT('',#5431);
#4265=LINE('',#5432,#5433);
#4266=VERTEX_POINT('',#5434);
#4267=LINE('',#5435,#5436);
#4268=CIRCLE('',#5437,0.02);
#4269=VERTEX_POINT('',#5438);
#4270=CIRCLE('',#5439,0.02);
#4271=VERTEX_POINT('',#5440);
#4272=LINE('',#5441,#5442);
#4273=VERTEX_POINT('',#5443);
#4274=LINE('',#5444,#5445);
#4275=VERTEX_POINT('',#5446);
#4276=LINE('',#5447,#5448);
#4277=VERTEX_POINT('',#5449);
#4278=CIRCLE('',#5450,0.02);
#4279=LINE('',#5451,#5452);
#4280=LINE('',#5453,#5454);
#4281=LINE('',#5455,#5456);
#4282=LINE('',#5457,#5458);
#4283=LINE('',#5459,#5460);
#4284=LINE('',#5461,#5462);
#4285=LINE('',#5463,#5464);
#4286=LINE('',#5465,#5466);
#4287=LINE('',#5467,#5468);
#4288=LINE('',#5469,#5470);
#4289=LINE('',#5471,#5472);
#4290=VERTEX_POINT('',#5473);
#4291=CIRCLE('',#5474,0.02);
#4292=VERTEX_POINT('',#5475);
#4293=LINE('',#5476,#5477);
#4294=VERTEX_POINT('',#5478);
#4295=LINE('',#5479,#5480);
#4296=VERTEX_POINT('',#5481);
#4297=LINE('',#5482,#5483);
#4298=VERTEX_POINT('',#5484);
#4299=CIRCLE('',#5485,0.02);
#4300=LINE('',#5486,#5487);
#4301=VERTEX_POINT('',#5488);
#4302=LINE('',#5489,#5490);
#4303=VERTEX_POINT('',#5491);
#4304=CIRCLE('',#5492,0.02);
#4305=VERTEX_POINT('',#5493);
#4306=LINE('',#5494,#5495);
#4307=VERTEX_POINT('',#5496);
#4308=LINE('',#5497,#5498);
#4309=VERTEX_POINT('',#5499);
#4310=LINE('',#5500,#5501);
#4311=CIRCLE('',#5502,0.02);
#4312=VERTEX_POINT('',#5503);
#4313=LINE('',#5504,#5505);
#4314=LINE('',#5506,#5507);
#4315=VERTEX_POINT('',#5508);
#4316=CIRCLE('',#5509,0.02);
#4317=VERTEX_POINT('',#5510);
#4318=LINE('',#5511,#5512);
#4319=VERTEX_POINT('',#5513);
#4320=LINE('',#5514,#5515);
#4321=VERTEX_POINT('',#5516);
#4322=LINE('',#5517,#5518);
#4323=CIRCLE('',#5519,0.02);
#4324=VERTEX_POINT('',#5520);
#4325=CIRCLE('',#5521,0.02);
#4326=VERTEX_POINT('',#5522);
#4327=LINE('',#5523,#5524);
#4328=VERTEX_POINT('',#5525);
#4329=LINE('',#5526,#5527);
#4330=VERTEX_POINT('',#5528);
#4331=LINE('',#5529,#5530);
#4332=VERTEX_POINT('',#5531);
#4333=CIRCLE('',#5532,0.02);
#4334=LINE('',#5533,#5534);
#4335=LINE('',#5535,#5536);
#4336=LINE('',#5537,#5538);
#4337=LINE('',#5539,#5540);
#4338=LINE('',#5541,#5542);
#4339=LINE('',#5543,#5544);
#4340=LINE('',#5545,#5546);
#4341=LINE('',#5547,#5548);
#4342=LINE('',#5549,#5550);
#4343=LINE('',#5551,#5552);
#4344=VERTEX_POINT('',#5553);
#4345=CIRCLE('',#5554,0.02);
#4346=VERTEX_POINT('',#5555);
#4347=LINE('',#5556,#5557);
#4348=VERTEX_POINT('',#5558);
#4349=LINE('',#5559,#5560);
#4350=VERTEX_POINT('',#5561);
#4351=LINE('',#5562,#5563);
#4352=VERTEX_POINT('',#5564);
#4353=CIRCLE('',#5565,0.02);
#4354=LINE('',#5566,#5567);
#4355=VERTEX_POINT('',#5568);
#4356=LINE('',#5569,#5570);
#4357=VERTEX_POINT('',#5571);
#4358=CIRCLE('',#5572,0.02);
#4359=VERTEX_POINT('',#5573);
#4360=LINE('',#5574,#5575);
#4361=VERTEX_POINT('',#5576);
#4362=LINE('',#5577,#5578);
#4363=VERTEX_POINT('',#5579);
#4364=LINE('',#5580,#5581);
#4365=CIRCLE('',#5582,0.02);
#4366=VERTEX_POINT('',#5583);
#4367=LINE('',#5584,#5585);
#4368=LINE('',#5586,#5587);
#4369=VERTEX_POINT('',#5588);
#4370=CIRCLE('',#5589,0.02);
#4371=VERTEX_POINT('',#5590);
#4372=LINE('',#5591,#5592);
#4373=VERTEX_POINT('',#5593);
#4374=LINE('',#5594,#5595);
#4375=VERTEX_POINT('',#5596);
#4376=LINE('',#5597,#5598);
#4377=CIRCLE('',#5599,0.02);
#4378=VERTEX_POINT('',#5600);
#4379=CIRCLE('',#5601,0.02);
#4380=VERTEX_POINT('',#5602);
#4381=LINE('',#5603,#5604);
#4382=VERTEX_POINT('',#5605);
#4383=LINE('',#5606,#5607);
#4384=VERTEX_POINT('',#5608);
#4385=LINE('',#5609,#5610);
#4386=VERTEX_POINT('',#5611);
#4387=CIRCLE('',#5612,0.02);
#4388=LINE('',#5613,#5614);
#4389=LINE('',#5615,#5616);
#4390=LINE('',#5617,#5618);
#4391=LINE('',#5619,#5620);
#4392=LINE('',#5621,#5622);
#4393=LINE('',#5623,#5624);
#4394=LINE('',#5625,#5626);
#4395=LINE('',#5627,#5628);
#4396=LINE('',#5629,#5630);
#4397=LINE('',#5631,#5632);
#4398=VERTEX_POINT('',#5633);
#4399=LINE('',#5634,#5635);
#4400=VERTEX_POINT('',#5636);
#4401=LINE('',#5637,#5638);
#4402=LINE('',#5639,#5640);
#4403=VERTEX_POINT('',#5641);
#4404=LINE('',#5642,#5643);
#4405=LINE('',#5644,#5645);
#4406=VERTEX_POINT('',#5646);
#4407=LINE('',#5647,#5648);
#4408=VERTEX_POINT('',#5649);
#4409=LINE('',#5650,#5651);
#4410=LINE('',#5652,#5653);
#4411=VERTEX_POINT('',#5654);
#4412=LINE('',#5655,#5656);
#4413=LINE('',#5657,#5658);
#4414=VERTEX_POINT('',#5659);
#4415=VERTEX_POINT('',#5660);
#4416=LINE('',#5661,#5662);
#4417=VERTEX_POINT('',#5663);
#4418=LINE('',#5664,#5665);
#4419=VERTEX_POINT('',#5666);
#4420=LINE('',#5667,#5668);
#4421=B_SPLINE_CURVE_WITH_KNOTS('',3,(#5669,#5670,#5671,#5672,#5673),.UNSPECIFIED.,.F.,.F.,(4,1,4),(0.0,0.5,1.0),.UNSPECIFIED.);
#4422=B_SPLINE_CURVE_WITH_KNOTS('',3,(#5674,#5675,#5676,#5677,#5678),.UNSPECIFIED.,.F.,.F.,(4,1,4),(0.0,0.5,1.0),.UNSPECIFIED.);
#4423=VERTEX_POINT('',#5679);
#4424=LINE('',#5680,#5681);
#4425=B_SPLINE_CURVE_WITH_KNOTS('',3,(#5682,#5683,#5684,#5685,#5686),.UNSPECIFIED.,.F.,.F.,(4,1,4),(0.0,0.5,1.0),.UNSPECIFIED.);
#4426=VERTEX_POINT('',#5687);
#4427=LINE('',#5688,#5689);
#4428=VERTEX_POINT('',#5690);
#4429=LINE('',#5691,#5692);
#4430=VERTEX_POINT('',#5693);
#4431=LINE('',#5694,#5695);
#4432=LINE('',#5696,#5697);
#4433=LINE('',#5698,#5699);
#4434=VERTEX_POINT('',#5700);
#4435=CIRCLE('',#5701,0.12);
#4436=LINE('',#5702,#5703);
#4437=VERTEX_POINT('',#5704);
#4438=LINE('',#5705,#5706);
#4439=VERTEX_POINT('',#5707);
#4440=LINE('',#5708,#5709);
#4441=VERTEX_POINT('',#5710);
#4442=LINE('',#5711,#5712);
#4443=VERTEX_POINT('',#5713);
#4444=LINE('',#5714,#5715);
#4445=VERTEX_POINT('',#5716);
#4446=LINE('',#5717,#5718);
#4447=VERTEX_POINT('',#5719);
#4448=LINE('',#5720,#5721);
#4449=VERTEX_POINT('',#5722);
#4450=LINE('',#5723,#5724);
#4451=VERTEX_POINT('',#5725);
#4452=LINE('',#5726,#5727);
#4453=LINE('',#5728,#5729);
#4454=VERTEX_POINT('',#5730);
#4455=VERTEX_POINT('',#5731);
#4456=LINE('',#5732,#5733);
#4457=VERTEX_POINT('',#5734);
#4458=CIRCLE('',#5735,0.24);
#4459=VERTEX_POINT('',#5736);
#4460=LINE('',#5737,#5738);
#4461=VERTEX_POINT('',#5739);
#4462=CIRCLE('',#5740,0.24);
#4463=VERTEX_POINT('',#5741);
#4464=LINE('',#5742,#5743);
#4465=VERTEX_POINT('',#5744);
#4466=CIRCLE('',#5745,0.24);
#4467=VERTEX_POINT('',#5746);
#4468=LINE('',#5747,#5748);
#4469=CIRCLE('',#5749,0.24);
#4470=VERTEX_POINT('',#5750);
#4471=CIRCLE('',#5751,0.12);
#4472=VERTEX_POINT('',#5752);
#4473=CIRCLE('',#5753,0.12);
#4474=CIRCLE('',#5754,0.12);
#4475=VERTEX_POINT('',#5755);
#4476=LINE('',#5756,#5757);
#4477=CIRCLE('',#5758,0.12);
#4478=VERTEX_POINT('',#5759);
#4479=CIRCLE('',#5760,0.12);
#4480=CIRCLE('',#5761,0.12);
#4481=VERTEX_POINT('',#5762);
#4482=LINE('',#5763,#5764);
#4483=CIRCLE('',#5765,0.12);
#4484=VERTEX_POINT('',#5766);
#4485=CIRCLE('',#5767,0.12);
#4486=CIRCLE('',#5768,0.12);
#4487=VERTEX_POINT('',#5769);
#4488=LINE('',#5770,#5771);
#4489=CIRCLE('',#5772,0.12);
#4490=VERTEX_POINT('',#5773);
#4491=CIRCLE('',#5774,0.12);
#4492=CIRCLE('',#5775,0.12);
#4493=LINE('',#5776,#5777);
#4494=VERTEX_POINT('',#5778);
#4495=LINE('',#5779,#5780);
#4496=VERTEX_POINT('',#5781);
#4497=LINE('',#5782,#5783);
#4498=LINE('',#5784,#5785);
#4499=VERTEX_POINT('',#5786);
#4500=CIRCLE('',#5787,0.12);
#4501=VERTEX_POINT('',#5788);
#4502=B_SPLINE_CURVE_WITH_KNOTS('',3,(#5789,#5790,#5791,#5792,#5793,#5794),.UNSPECIFIED.,.F.,.F.,(4,1,1,4),(0.0,0.5,0.75,1.0),.UNSPECIFIED.);
#4503=LINE('',#5795,#5796);
#4504=VERTEX_POINT('',#5797);
#4505=LINE('',#5798,#5799);
#4506=LINE('',#5800,#5801);
#4507=VERTEX_POINT('',#5802);
#4508=B_SPLINE_CURVE_WITH_KNOTS('',3,(#5803,#5804,#5805,#5806,#5807,#5808),.UNSPECIFIED.,.F.,.F.,(4,1,1,4),(0.0,0.25,0.5,1.0),.UNSPECIFIED.);
#4509=VERTEX_POINT('',#5809);
#4510=CIRCLE('',#5810,0.12);
#4511=LINE('',#5811,#5812);
#4512=VERTEX_POINT('',#5813);
#4513=LINE('',#5814,#5815);
#4514=LINE('',#5816,#5817);
#4515=VERTEX_POINT('',#5818);
#4516=CIRCLE('',#5819,0.12);
#4517=VERTEX_POINT('',#5820);
#4518=B_SPLINE_CURVE_WITH_KNOTS('',3,(#5821,#5822,#5823,#5824,#5825,#5826),.UNSPECIFIED.,.F.,.F.,(4,1,1,4),(0.0,0.5,0.75,1.0),.UNSPECIFIED.);
#4519=LINE('',#5827,#5828);
#4520=VERTEX_POINT('',#5829);
#4521=LINE('',#5830,#5831);
#4522=LINE('',#5832,#5833);
#4523=VERTEX_POINT('',#5834);
#4524=B_SPLINE_CURVE_WITH_KNOTS('',3,(#5835,#5836,#5837,#5838,#5839,#5840),.UNSPECIFIED.,.F.,.F.,(4,1,1,4),(0.0,0.25,0.5,1.0),.UNSPECIFIED.);
#4525=CIRCLE('',#5841,0.12);
#4526=VERTEX_POINT('',#5842);
#4527=VERTEX_POINT('',#5843);
#4528=CIRCLE('',#5844,0.09);
#4529=CIRCLE('',#5845,0.03);
#4530=B_SPLINE_CURVE_WITH_KNOTS('',3,(#5846,#5847,#5848,#5849,#5850,#5851,#5852,#5853,#5854),.UNSPECIFIED.,.F.,.F.,(4,1,1,1,1,1,4),(0.0,0.1666666666667,0.3333333333333,0.5,0.6666666666667,0.8333333333333,1.0),.UNSPECIFIED.);
#4531=VERTEX_POINT('',#5855);
#4532=B_SPLINE_CURVE_WITH_KNOTS('',3,(#5856,#5857,#5858,#5859,#5860,#5861,#5862,#5863,#5864),.UNSPECIFIED.,.F.,.F.,(4,1,1,1,1,1,4),(0.0,0.1666666666667,0.3333333333333,0.5,0.6666666666667,0.8333333333333,1.0),.UNSPECIFIED.);
#4533=LINE('',#5865,#5866);
#4534=VERTEX_POINT('',#5867);
#4535=LINE('',#5868,#5869);
#4536=VERTEX_POINT('',#5870);
#4537=CIRCLE('',#5871,0.09);
#4538=VERTEX_POINT('',#5872);
#4539=LINE('',#5873,#5874);
#4540=VERTEX_POINT('',#5875);
#4541=CIRCLE('',#5876,0.09);
#4542=VERTEX_POINT('',#5877);
#4543=LINE('',#5878,#5879);
#4544=CIRCLE('',#5880,0.09);
#4545=CIRCLE('',#5881,0.03);
#4546=B_SPLINE_CURVE_WITH_KNOTS('',3,(#5882,#5883,#5884,#5885,#5886,#5887,#5888,#5889,#5890),.UNSPECIFIED.,.F.,.F.,(4,1,1,1,1,1,4),(0.0,0.1666666666667,0.3333333333333,0.5,0.6666666666667,0.8333333333333,1.0),.UNSPECIFIED.);
#4547=B_SPLINE_CURVE_WITH_KNOTS('',3,(#5891,#5892,#5893,#5894,#5895,#5896,#5897,#5898,#5899),.UNSPECIFIED.,.F.,.F.,(4,1,1,1,1,1,4),(0.0,0.1666666666667,0.3333333333333,0.5,0.6666666666667,0.8333333333333,1.0),.UNSPECIFIED.);
#4548=CIRCLE('',#5900,0.03);
#4549=CIRCLE('',#5901,0.03);
#4550=VERTEX_POINT('',#5902);
#4551=VERTEX_POINT('',#5903);
#4552=LINE('',#5904,#5905);
#4553=B_SPLINE_CURVE_WITH_KNOTS('',3,(#5906,#5907,#5908,#5909,#5910),.UNSPECIFIED.,.F.,.F.,(4,1,4),(0.0,0.5,1.0),.UNSPECIFIED.);
#4554=VERTEX_POINT('',#5911);
#4555=LINE('',#5912,#5913);
#4556=LINE('',#5914,#5915);
#4557=LINE('',#5916,#5917);
#4558=LINE('',#5918,#5919);
#4559=LINE('',#5920,#5921);
#4560=VERTEX_POINT('',#5922);
#4561=LINE('',#5923,#5924);
#4562=VERTEX_POINT('',#5925);
#4563=LINE('',#5926,#5927);
#4564=LINE('',#5928,#5929);
#4565=VERTEX_POINT('',#5930);
#4566=LINE('',#5931,#5932);
#4567=B_SPLINE_CURVE_WITH_KNOTS('',3,(#5933,#5934,#5935,#5936,#5937),.UNSPECIFIED.,.F.,.F.,(4,1,4),(0.0,0.5,1.0),.UNSPECIFIED.);
#4568=VERTEX_POINT('',#5938);
#4569=LINE('',#5939,#5940);
#4570=LINE('',#5941,#5942);
#4571=LINE('',#5943,#5944);
#4572=CIRCLE('',#5945,0.12);
#4573=CIRCLE('',#5946,0.12);
#4574=VERTEX_POINT('',#5947);
#4575=B_SPLINE_CURVE_WITH_KNOTS('',3,(#5948,#5949,#5950,#5951,#5952),.UNSPECIFIED.,.F.,.F.,(4,1,4),(0.0,0.5,1.0),.UNSPECIFIED.);
#4576=LINE('',#5953,#5954);
#4577=VERTEX_POINT('',#5955);
#4578=LINE('',#5956,#5957);
#4579=VERTEX_POINT('',#5958);
#4580=LINE('',#5959,#5960);
#4581=VERTEX_POINT('',#5961);
#4582=LINE('',#5962,#5963);
#4583=LINE('',#5964,#5965);
#4584=LINE('',#5966,#5967);
#4585=VERTEX_POINT('',#5968);
#4586=LINE('',#5969,#5970);
#4587=B_SPLINE_CURVE_WITH_KNOTS('',3,(#5971,#5972,#5973,#5974,#5975),.UNSPECIFIED.,.F.,.F.,(4,1,4),(0.0,0.5,1.0),.UNSPECIFIED.);
#4588=VERTEX_POINT('',#5976);
#4589=B_SPLINE_CURVE_WITH_KNOTS('',3,(#5977,#5978,#5979,#5980,#5981),.UNSPECIFIED.,.F.,.F.,(4,1,4),(0.0,0.5,1.0),.UNSPECIFIED.);
#4590=LINE('',#5982,#5983);
#4591=LINE('',#5984,#5985);
#4592=VERTEX_POINT('',#5986);
#4593=LINE('',#5987,#5988);
#4594=LINE('',#5989,#5990);
#4595=VERTEX_POINT('',#5991);
#4596=LINE('',#5992,#5993);
#4597=LINE('',#5994,#5995);
#4598=LINE('',#5996,#5997);
#4599=CIRCLE('',#5998,0.12);
#4600=LINE('',#5999,#6000);
#4601=LINE('',#6001,#6002);
#4602=VERTEX_POINT('',#6003);
#4603=VERTEX_POINT('',#6004);
#4604=CIRCLE('',#6005,0.15);
#4605=CIRCLE('',#6006,0.15);
#4606=LINE('',#6007,#6008);
#4607=VERTEX_POINT('',#6009);
#4608=LINE('',#6010,#6011);
#4609=VERTEX_POINT('',#6012);
#4610=CIRCLE('',#6013,0.15);
#4611=LINE('',#6014,#6015);
#4612=CIRCLE('',#6016,0.15);
#4613=LINE('',#6017,#6018);
#4614=LINE('',#6019,#6020);
#4615=LINE('',#6021,#6022);
#4616=LINE('',#6023,#6024);
#4617=VERTEX_POINT('',#6025);
#4618=CIRCLE('',#6026,0.17);
#4619=VERTEX_POINT('',#6027);
#4620=LINE('',#6028,#6029);
#4621=VERTEX_POINT('',#6030);
#4622=CIRCLE('',#6031,0.05);
#4623=VERTEX_POINT('',#6032);
#4624=LINE('',#6033,#6034);
#4625=VERTEX_POINT('',#6035);
#4626=CIRCLE('',#6036,0.05);
#4627=LINE('',#6037,#6038);
#4628=VERTEX_POINT('',#6039);
#4629=LINE('',#6040,#6041);
#4630=VERTEX_POINT('',#6042);
#4631=CIRCLE('',#6043,0.05);
#4632=VERTEX_POINT('',#6044);
#4633=LINE('',#6045,#6046);
#4634=VERTEX_POINT('',#6047);
#4635=CIRCLE('',#6048,0.05);
#4636=VERTEX_POINT('',#6049);
#4637=LINE('',#6050,#6051);
#4638=CIRCLE('',#6052,0.17);
#4639=VERTEX_POINT('',#6053);
#4640=LINE('',#6054,#6055);
#4641=LINE('',#6056,#6057);
#4642=VERTEX_POINT('',#6058);
#4643=CIRCLE('',#6059,0.05);
#4644=VERTEX_POINT('',#6060);
#4645=LINE('',#6061,#6062);
#4646=VERTEX_POINT('',#6063);
#4647=CIRCLE('',#6064,0.05);
#4648=VERTEX_POINT('',#6065);
#4649=LINE('',#6066,#6067);
#4650=CIRCLE('',#6068,0.17);
#4651=VERTEX_POINT('',#6069);
#4652=VERTEX_POINT('',#6070);
#4653=LINE('',#6071,#6072);
#4654=VERTEX_POINT('',#6073);
#4655=CIRCLE('',#6074,0.05);
#4656=VERTEX_POINT('',#6075);
#4657=LINE('',#6076,#6077);
#4658=VERTEX_POINT('',#6078);
#4659=CIRCLE('',#6079,0.05);
#4660=LINE('',#6080,#6081);
#4661=CIRCLE('',#6082,0.17);
#4662=LINE('',#6083,#6084);
#4663=LINE('',#6085,#6086);
#4664=LINE('',#6087,#6088);
#4665=LINE('',#6089,#6090);
#4666=LINE('',#6091,#6092);
#4667=LINE('',#6093,#6094);
#4668=LINE('',#6095,#6096);
#4669=LINE('',#6097,#6098);
#4670=LINE('',#6099,#6100);
#4671=VERTEX_POINT('',#6101);
#4672=VERTEX_POINT('',#6102);
#4673=LINE('',#6103,#6104);
#4674=VERTEX_POINT('',#6105);
#4675=CIRCLE('',#6106,0.05);
#4676=VERTEX_POINT('',#6107);
#4677=LINE('',#6108,#6109);
#4678=VERTEX_POINT('',#6110);
#4679=CIRCLE('',#6111,0.05);
#4680=LINE('',#6112,#6113);
#4681=CIRCLE('',#6114,0.17);
#4682=VERTEX_POINT('',#6115);
#4683=VERTEX_POINT('',#6116);
#4684=CIRCLE('',#6117,0.05);
#4685=VERTEX_POINT('',#6118);
#4686=LINE('',#6119,#6120);
#4687=VERTEX_POINT('',#6121);
#4688=CIRCLE('',#6122,0.05);
#4689=VERTEX_POINT('',#6123);
#4690=LINE('',#6124,#6125);
#4691=CIRCLE('',#6126,0.17);
#4692=LINE('',#6127,#6128);
#4693=VERTEX_POINT('',#6129);
#4694=CIRCLE('',#6130,0.17);
#4695=LINE('',#6131,#6132);
#4696=VERTEX_POINT('',#6133);
#4697=LINE('',#6134,#6135);
#4698=LINE('',#6136,#6137);
#4699=VERTEX_POINT('',#6138);
#4700=CIRCLE('',#6139,0.05);
#4701=LINE('',#6140,#6141);
#4702=VERTEX_POINT('',#6142);
#4703=LINE('',#6143,#6144);
#4704=LINE('',#6145,#6146);
#4705=VERTEX_POINT('',#6147);
#4706=CIRCLE('',#6148,0.05);
#4707=LINE('',#6149,#6150);
#4708=LINE('',#6151,#6152);
#4709=VERTEX_POINT('',#6153);
#4710=CIRCLE('',#6154,0.17);
#4711=VERTEX_POINT('',#6155);
#4712=LINE('',#6156,#6157);
#4713=VERTEX_POINT('',#6158);
#4714=CIRCLE('',#6159,0.05);
#4715=VERTEX_POINT('',#6160);
#4716=LINE('',#6161,#6162);
#4717=VERTEX_POINT('',#6163);
#4718=CIRCLE('',#6164,0.05);
#4719=LINE('',#6165,#6166);
#4720=LINE('',#6167,#6168);
#4721=LINE('',#6169,#6170);
#4722=LINE('',#6171,#6172);
#4723=LINE('',#6173,#6174);
#4724=LINE('',#6175,#6176);
#4725=CARTESIAN_POINT('',(-1.185,0.0,0.67));
#4726=CARTESIAN_POINT('',(-1.185,0.0,-0.67));
#4727=CARTESIAN_POINT('',(-1.185,0.0,0.67));
#4728=VECTOR('',#6177,1.34);
#4729=CARTESIAN_POINT('',(-0.87,0.0,-0.67));
#4730=CARTESIAN_POINT('',(-1.185,0.0,-0.67));
#4731=VECTOR('',#6178,0.315);
#4732=CARTESIAN_POINT('',(-0.87,0.0,-0.85));
#4733=CARTESIAN_POINT('',(-0.87,0.0,-0.67));
#4734=VECTOR('',#6179,0.18);
#4735=CARTESIAN_POINT('',(-0.73,0.0,-0.85));
#4736=CARTESIAN_POINT('',(-0.87,0.0,-0.85));
#4737=VECTOR('',#6180,0.14);
#4738=CARTESIAN_POINT('',(-0.73,0.0,-0.67));
#4739=CARTESIAN_POINT('',(-0.73,0.0,-0.67));
#4740=VECTOR('',#6181,0.18);
#4741=CARTESIAN_POINT('',(-0.47,0.0,-0.67));
#4742=CARTESIAN_POINT('',(-0.73,0.0,-0.67));
#4743=VECTOR('',#6182,0.26);
#4744=CARTESIAN_POINT('',(-0.47,0.0,-0.85));
#4745=CARTESIAN_POINT('',(-0.47,0.0,-0.67));
#4746=VECTOR('',#6183,0.18);
#4747=CARTESIAN_POINT('',(-0.33,0.0,-0.85));
#4748=CARTESIAN_POINT('',(-0.47,0.0,-0.85));
#4749=VECTOR('',#6184,0.14);
#4750=CARTESIAN_POINT('',(-0.33,0.0,-0.67));
#4751=CARTESIAN_POINT('',(-0.33,0.0,-0.67));
#4752=VECTOR('',#6185,0.18);
#4753=CARTESIAN_POINT('',(-0.07,0.0,-0.67));
#4754=CARTESIAN_POINT('',(-0.33,0.0,-0.67));
#4755=VECTOR('',#6186,0.26);
#4756=CARTESIAN_POINT('',(-0.07,0.0,-0.85));
#4757=CARTESIAN_POINT('',(-0.07,0.0,-0.67));
#4758=VECTOR('',#6187,0.18);
#4759=CARTESIAN_POINT('',(0.07,0.0,-0.85));
#4760=CARTESIAN_POINT('',(-0.07,0.0,-0.85));
#4761=VECTOR('',#6188,0.14);
#4762=CARTESIAN_POINT('',(0.07,0.0,-0.67));
#4763=CARTESIAN_POINT('',(0.07,0.0,-0.67));
#4764=VECTOR('',#6189,0.18);
#4765=CARTESIAN_POINT('',(0.33,0.0,-0.67));
#4766=CARTESIAN_POINT('',(0.07,0.0,-0.67));
#4767=VECTOR('',#6190,0.26);
#4768=CARTESIAN_POINT('',(0.33,0.0,-0.85));
#4769=CARTESIAN_POINT('',(0.33,0.0,-0.67));
#4770=VECTOR('',#6191,0.18);
#4771=CARTESIAN_POINT('',(0.47,0.0,-0.85));
#4772=CARTESIAN_POINT('',(0.33,0.0,-0.85));
#4773=VECTOR('',#6192,0.14);
#4774=CARTESIAN_POINT('',(0.47,0.0,-0.67));
#4775=CARTESIAN_POINT('',(0.47,0.0,-0.67));
#4776=VECTOR('',#6193,0.18);
#4777=CARTESIAN_POINT('',(0.73,0.0,-0.67));
#4778=CARTESIAN_POINT('',(0.47,0.0,-0.67));
#4779=VECTOR('',#6194,0.26);
#4780=CARTESIAN_POINT('',(0.73,0.0,-0.85));
#4781=CARTESIAN_POINT('',(0.73,0.0,-0.67));
#4782=VECTOR('',#6195,0.18);
#4783=CARTESIAN_POINT('',(0.87,0.0,-0.85));
#4784=CARTESIAN_POINT('',(0.73,0.0,-0.85));
#4785=VECTOR('',#6196,0.14);
#4786=CARTESIAN_POINT('',(0.87,0.0,-0.67));
#4787=CARTESIAN_POINT('',(0.87,0.0,-0.67));
#4788=VECTOR('',#6197,0.18);
#4789=CARTESIAN_POINT('',(1.185,0.0,-0.67));
#4790=CARTESIAN_POINT('',(0.87,0.0,-0.67));
#4791=VECTOR('',#6198,0.315);
#4792=CARTESIAN_POINT('',(1.185,0.0,0.67));
#4793=CARTESIAN_POINT('',(1.185,0.0,0.67));
#4794=VECTOR('',#6199,1.34);
#4795=CARTESIAN_POINT('',(0.87,0.0,0.67));
#4796=CARTESIAN_POINT('',(0.87,0.0,0.67));
#4797=VECTOR('',#6200,0.315);
#4798=CARTESIAN_POINT('',(0.87,0.0,0.85));
#4799=CARTESIAN_POINT('',(0.87,0.0,0.85));
#4800=VECTOR('',#6201,0.18);
#4801=CARTESIAN_POINT('',(0.73,0.0,0.85));
#4802=CARTESIAN_POINT('',(0.73,0.0,0.85));
#4803=VECTOR('',#6202,0.14);
#4804=CARTESIAN_POINT('',(0.73,0.0,0.67));
#4805=CARTESIAN_POINT('',(0.73,0.0,0.85));
#4806=VECTOR('',#6203,0.18);
#4807=CARTESIAN_POINT('',(0.47,0.0,0.67));
#4808=CARTESIAN_POINT('',(0.47,0.0,0.67));
#4809=VECTOR('',#6204,0.26);
#4810=CARTESIAN_POINT('',(0.47,0.0,0.85));
#4811=CARTESIAN_POINT('',(0.47,0.0,0.85));
#4812=VECTOR('',#6205,0.18);
#4813=CARTESIAN_POINT('',(0.33,0.0,0.85));
#4814=CARTESIAN_POINT('',(0.33,0.0,0.85));
#4815=VECTOR('',#6206,0.14);
#4816=CARTESIAN_POINT('',(0.33,0.0,0.67));
#4817=CARTESIAN_POINT('',(0.33,0.0,0.85));
#4818=VECTOR('',#6207,0.18);
#4819=CARTESIAN_POINT('',(0.07,0.0,0.67));
#4820=CARTESIAN_POINT('',(0.07,0.0,0.67));
#4821=VECTOR('',#6208,0.26);
#4822=CARTESIAN_POINT('',(0.07,0.0,0.85));
#4823=CARTESIAN_POINT('',(0.07,0.0,0.85));
#4824=VECTOR('',#6209,0.18);
#4825=CARTESIAN_POINT('',(-0.07,0.0,0.85));
#4826=CARTESIAN_POINT('',(-0.07,0.0,0.85));
#4827=VECTOR('',#6210,0.14);
#4828=CARTESIAN_POINT('',(-0.07,0.0,0.67));
#4829=CARTESIAN_POINT('',(-0.07,0.0,0.85));
#4830=VECTOR('',#6211,0.18);
#4831=CARTESIAN_POINT('',(-0.33,0.0,0.67));
#4832=CARTESIAN_POINT('',(-0.33,0.0,0.67));
#4833=VECTOR('',#6212,0.26);
#4834=CARTESIAN_POINT('',(-0.33,0.0,0.85));
#4835=CARTESIAN_POINT('',(-0.33,0.0,0.85));
#4836=VECTOR('',#6213,0.18);
#4837=CARTESIAN_POINT('',(-0.47,0.0,0.85));
#4838=CARTESIAN_POINT('',(-0.47,0.0,0.85));
#4839=VECTOR('',#6214,0.14);
#4840=CARTESIAN_POINT('',(-0.47,0.0,0.67));
#4841=CARTESIAN_POINT('',(-0.47,0.0,0.85));
#4842=VECTOR('',#6215,0.18);
#4843=CARTESIAN_POINT('',(-0.73,0.0,0.67));
#4844=CARTESIAN_POINT('',(-0.73,0.0,0.67));
#4845=VECTOR('',#6216,0.26);
#4846=CARTESIAN_POINT('',(-0.73,0.0,0.85));
#4847=CARTESIAN_POINT('',(-0.73,0.0,0.85));
#4848=VECTOR('',#6217,0.18);
#4849=CARTESIAN_POINT('',(-0.87,0.0,0.85));
#4850=CARTESIAN_POINT('',(-0.87,0.0,0.85));
#4851=VECTOR('',#6218,0.14);
#4852=CARTESIAN_POINT('',(-0.87,0.0,0.67));
#4853=CARTESIAN_POINT('',(-0.87,0.0,0.85));
#4854=VECTOR('',#6219,0.18);
#4855=CARTESIAN_POINT('',(-1.185,0.0,0.67));
#4856=VECTOR('',#6220,0.315);
#4857=CARTESIAN_POINT('',(1.218333333333,0.05,0.67));
#4858=CARTESIAN_POINT('',(1.218333333333,0.05,0.67));
#4859=VECTOR('',#6221,0.06009252125773);
#4860=CARTESIAN_POINT('',(0.87,0.05,0.67));
#4861=CARTESIAN_POINT('',(1.218333333333,0.05,0.67));
#4862=VECTOR('',#6222,0.3483333333333);
#4863=CARTESIAN_POINT('',(0.87,0.0,0.67));
#4864=VECTOR('',#6223,0.05);
#4865=CARTESIAN_POINT('',(0.73,0.05,0.67));
#4866=CARTESIAN_POINT('',(0.73,0.0,0.67));
#4867=VECTOR('',#6224,0.05);
#4868=CARTESIAN_POINT('',(0.47,0.05,0.67));
#4869=CARTESIAN_POINT('',(0.73,0.05,0.67));
#4870=VECTOR('',#6225,0.26);
#4871=CARTESIAN_POINT('',(0.47,0.0,0.67));
#4872=VECTOR('',#6226,0.05);
#4873=CARTESIAN_POINT('',(0.33,0.05,0.67));
#4874=CARTESIAN_POINT('',(0.33,0.0,0.67));
#4875=VECTOR('',#6227,0.05);
#4876=CARTESIAN_POINT('',(0.07,0.05,0.67));
#4877=CARTESIAN_POINT('',(0.33,0.05,0.67));
#4878=VECTOR('',#6228,0.26);
#4879=CARTESIAN_POINT('',(0.07,0.0,0.67));
#4880=VECTOR('',#6229,0.05);
#4881=CARTESIAN_POINT('',(-0.07,0.05,0.67));
#4882=CARTESIAN_POINT('',(-0.07,0.0,0.67));
#4883=VECTOR('',#6230,0.05);
#4884=CARTESIAN_POINT('',(-0.33,0.05,0.67));
#4885=CARTESIAN_POINT('',(-0.07,0.05,0.67));
#4886=VECTOR('',#6231,0.26);
#4887=CARTESIAN_POINT('',(-0.33,0.0,0.67));
#4888=VECTOR('',#6232,0.05);
#4889=CARTESIAN_POINT('',(-0.87,0.05,0.67));
#4890=CARTESIAN_POINT('',(-1.218333333333,0.05,0.67));
#4891=CARTESIAN_POINT('',(-0.87,0.05,0.67));
#4892=VECTOR('',#6233,0.3483333333333);
#4893=CARTESIAN_POINT('',(-1.218333333333,0.05,0.67));
#4894=VECTOR('',#6234,0.06009252125773);
#4895=CARTESIAN_POINT('',(-0.87,0.0,0.67));
#4896=VECTOR('',#6235,0.05);
#4897=CARTESIAN_POINT('',(-0.47,0.05,0.67));
#4898=CARTESIAN_POINT('',(-0.47,0.0,0.67));
#4899=VECTOR('',#6236,0.05);
#4900=CARTESIAN_POINT('',(-0.73,0.05,0.67));
#4901=CARTESIAN_POINT('',(-0.47,0.05,0.67));
#4902=VECTOR('',#6237,0.26);
#4903=CARTESIAN_POINT('',(-0.73,0.0,0.67));
#4904=VECTOR('',#6238,0.05);
#4905=CARTESIAN_POINT('',(0.87,-0.02,-0.87));
#4906=AXIS2_PLACEMENT_3D('',#6239,#6240,#6241);
#4907=CARTESIAN_POINT('',(0.87,-0.02,-1.05));
#4908=CARTESIAN_POINT('',(0.87,-0.02,-0.87));
#4909=VECTOR('',#6242,0.18);
#4910=CARTESIAN_POINT('',(0.87,0.06,-1.05));
#4911=CARTESIAN_POINT('',(0.87,-0.02,-1.05));
#4912=VECTOR('',#6243,0.08);
#4913=CARTESIAN_POINT('',(0.87,0.06,-0.93));
#4914=CARTESIAN_POINT('',(0.87,0.06,-1.05));
#4915=VECTOR('',#6244,0.12);
#4916=CARTESIAN_POINT('',(0.87,0.08,-0.91));
#4917=AXIS2_PLACEMENT_3D('',#6245,#6246,#6247);
#4918=CARTESIAN_POINT('',(0.87,0.08,-0.71));
#4919=CARTESIAN_POINT('',(0.87,0.08,-0.91));
#4920=VECTOR('',#6248,0.2);
#4921=CARTESIAN_POINT('',(0.87,0.05,-0.67));
#4922=CARTESIAN_POINT('',(0.87,0.08,-0.71));
#4923=VECTOR('',#6249,0.05);
#4924=CARTESIAN_POINT('',(0.87,0.05,-0.67));
#4925=VECTOR('',#6250,0.05);
#4926=CARTESIAN_POINT('',(0.87,0.08,0.71));
#4927=CARTESIAN_POINT('',(0.87,0.08,0.91));
#4928=CARTESIAN_POINT('',(0.87,0.08,0.71));
#4929=VECTOR('',#6251,0.2);
#4930=CARTESIAN_POINT('',(0.87,0.06,0.93));
#4931=AXIS2_PLACEMENT_3D('',#6252,#6253,#6254);
#4932=CARTESIAN_POINT('',(0.87,0.06,1.05));
#4933=CARTESIAN_POINT('',(0.87,0.06,0.93));
#4934=VECTOR('',#6255,0.12);
#4935=CARTESIAN_POINT('',(0.87,-0.02,1.05));
#4936=CARTESIAN_POINT('',(0.87,0.06,1.05));
#4937=VECTOR('',#6256,0.08);
#4938=CARTESIAN_POINT('',(0.87,-0.02,0.87));
#4939=CARTESIAN_POINT('',(0.87,-0.02,1.05));
#4940=VECTOR('',#6257,0.18);
#4941=AXIS2_PLACEMENT_3D('',#6258,#6259,#6260);
#4942=CARTESIAN_POINT('',(0.87,0.05,0.67));
#4943=VECTOR('',#6261,0.05);
#4944=CARTESIAN_POINT('',(1.218333333333,0.05,-0.67));
#4945=CARTESIAN_POINT('',(1.218333333333,0.05,-0.67));
#4946=VECTOR('',#6262,0.3483333333333);
#4947=CARTESIAN_POINT('',(1.218333333333,0.05,-0.67));
#4948=VECTOR('',#6263,0.06009252125773);
#4949=CARTESIAN_POINT('',(0.73,0.05,-0.67));
#4950=CARTESIAN_POINT('',(0.47,0.05,-0.67));
#4951=CARTESIAN_POINT('',(0.73,0.05,-0.67));
#4952=VECTOR('',#6264,0.26);
#4953=CARTESIAN_POINT('',(0.73,0.05,-0.67));
#4954=VECTOR('',#6265,0.05);
#4955=CARTESIAN_POINT('',(0.47,0.05,-0.67));
#4956=VECTOR('',#6266,0.05);
#4957=CARTESIAN_POINT('',(0.33,0.05,-0.67));
#4958=CARTESIAN_POINT('',(0.07,0.05,-0.67));
#4959=CARTESIAN_POINT('',(0.33,0.05,-0.67));
#4960=VECTOR('',#6267,0.26);
#4961=CARTESIAN_POINT('',(0.33,0.05,-0.67));
#4962=VECTOR('',#6268,0.05);
#4963=CARTESIAN_POINT('',(0.07,0.05,-0.67));
#4964=VECTOR('',#6269,0.05);
#4965=CARTESIAN_POINT('',(-0.07,0.05,-0.67));
#4966=CARTESIAN_POINT('',(-0.33,0.05,-0.67));
#4967=CARTESIAN_POINT('',(-0.07,0.05,-0.67));
#4968=VECTOR('',#6270,0.26);
#4969=CARTESIAN_POINT('',(-0.07,0.05,-0.67));
#4970=VECTOR('',#6271,0.05);
#4971=CARTESIAN_POINT('',(-0.33,0.05,-0.67));
#4972=VECTOR('',#6272,0.05);
#4973=CARTESIAN_POINT('',(-1.218333333333,0.05,-0.67));
#4974=CARTESIAN_POINT('',(-1.218333333333,0.05,-0.67));
#4975=VECTOR('',#6273,0.06009252125773);
#4976=CARTESIAN_POINT('',(-0.87,0.05,-0.67));
#4977=CARTESIAN_POINT('',(-0.87,0.05,-0.67));
#4978=VECTOR('',#6274,0.3483333333333);
#4979=CARTESIAN_POINT('',(-0.87,0.05,-0.67));
#4980=VECTOR('',#6275,0.05);
#4981=CARTESIAN_POINT('',(-0.47,0.05,-0.67));
#4982=CARTESIAN_POINT('',(-0.73,0.05,-0.67));
#4983=CARTESIAN_POINT('',(-0.47,0.05,-0.67));
#4984=VECTOR('',#6276,0.26);
#4985=CARTESIAN_POINT('',(-0.47,0.05,-0.67));
#4986=VECTOR('',#6277,0.05);
#4987=CARTESIAN_POINT('',(-0.73,0.05,-0.67));
#4988=VECTOR('',#6278,0.05);
#4989=CARTESIAN_POINT('',(1.238333333333,0.08,0.71));
#4990=CARTESIAN_POINT('',(1.265,0.12,0.71));
#4991=CARTESIAN_POINT('',(1.238333333333,0.08,0.71));
#4992=VECTOR('',#6279,0.04807401700619);
#4993=CARTESIAN_POINT('',(1.218333333333,0.05,0.67));
#4994=VECTOR('',#6280,0.05385164807135);
#4995=CARTESIAN_POINT('',(1.238333333333,0.08,-0.71));
#4996=CARTESIAN_POINT('',(1.238333333333,0.08,-0.71));
#4997=VECTOR('',#6281,0.05385164807135);
#4998=CARTESIAN_POINT('',(1.265,0.12,-0.71));
#4999=CARTESIAN_POINT('',(1.238333333333,0.08,-0.71));
#5000=VECTOR('',#6282,0.04807401700619);
#5001=CARTESIAN_POINT('',(1.265,0.12,-0.26));
#5002=CARTESIAN_POINT('',(1.265,0.12,-0.26));
#5003=VECTOR('',#6283,0.45);
#5004=CARTESIAN_POINT('',(1.238333333333,0.08,-0.22));
#5005=CARTESIAN_POINT('',(1.265,0.12,-0.26));
#5006=VECTOR('',#6284,0.06253887679765);
#5007=CARTESIAN_POINT('',(1.238333333333,0.08,0.22));
#5008=CARTESIAN_POINT('',(1.238333333333,0.08,-0.22));
#5009=VECTOR('',#6285,0.44);
#5010=CARTESIAN_POINT('',(1.265,0.12,0.26));
#5011=CARTESIAN_POINT('',(1.238333333333,0.08,0.22));
#5012=VECTOR('',#6286,0.06253887679765);
#5013=CARTESIAN_POINT('',(1.265,0.12,0.71));
#5014=VECTOR('',#6287,0.45);
#5015=CARTESIAN_POINT('',(1.735,0.12,0.26));
#5016=CARTESIAN_POINT('',(1.735,0.12,0.26));
#5017=VECTOR('',#6288,0.47);
#5018=CARTESIAN_POINT('',(1.735,0.12,0.72));
#5019=CARTESIAN_POINT('',(1.735,0.12,0.72));
#5020=VECTOR('',#6289,0.46);
#5021=CARTESIAN_POINT('',(1.635,0.12,0.82));
#5022=AXIS2_PLACEMENT_3D('',#6290,#6291,#6292);
#5023=CARTESIAN_POINT('',(1.155,0.12,0.82));
#5024=CARTESIAN_POINT('',(1.155,0.12,0.82));
#5025=VECTOR('',#6293,0.48);
#5026=CARTESIAN_POINT('',(1.07,0.12,0.735));
#5027=CARTESIAN_POINT('',(1.155,0.12,0.82));
#5028=VECTOR('',#6294,0.1202081528017);
#5029=CARTESIAN_POINT('',(1.07,0.12,0.71));
#5030=CARTESIAN_POINT('',(1.07,0.12,0.735));
#5031=VECTOR('',#6295,0.025);
#5032=CARTESIAN_POINT('',(1.265,0.12,0.71));
#5033=VECTOR('',#6296,0.195);
#5034=CARTESIAN_POINT('',(1.375,0.12,0.615));
#5035=CARTESIAN_POINT('',(1.475,0.12,0.615));
#5036=CARTESIAN_POINT('',(1.375,0.12,0.615));
#5037=VECTOR('',#6297,0.1);
#5038=CARTESIAN_POINT('',(1.475,0.12,0.2811805698387));
#5039=CARTESIAN_POINT('',(1.475,0.12,0.615));
#5040=VECTOR('',#6298,0.3338194301613);
#5041=CARTESIAN_POINT('',(1.375,0.12,0.2811805698387));
#5042=CARTESIAN_POINT('',(1.375,0.12,0.2811805698387));
#5043=VECTOR('',#6299,0.1);
#5044=CARTESIAN_POINT('',(1.375,0.12,0.615));
#5045=VECTOR('',#6300,0.3338194301613);
#5046=CARTESIAN_POINT('',(1.07,0.12,-0.71));
#5047=CARTESIAN_POINT('',(1.265,0.12,-0.71));
#5048=VECTOR('',#6301,0.195);
#5049=CARTESIAN_POINT('',(1.07,0.12,-0.735));
#5050=CARTESIAN_POINT('',(1.07,0.12,-0.71));
#5051=VECTOR('',#6302,0.025);
#5052=CARTESIAN_POINT('',(1.155,0.12,-0.82));
#5053=CARTESIAN_POINT('',(1.07,0.12,-0.735));
#5054=VECTOR('',#6303,0.1202081528017);
#5055=CARTESIAN_POINT('',(1.635,0.12,-0.82));
#5056=CARTESIAN_POINT('',(1.635,0.12,-0.82));
#5057=VECTOR('',#6304,0.48);
#5058=CARTESIAN_POINT('',(1.735,0.12,-0.72));
#5059=AXIS2_PLACEMENT_3D('',#6305,#6306,#6307);
#5060=CARTESIAN_POINT('',(1.735,0.12,-0.26));
#5061=CARTESIAN_POINT('',(1.735,0.12,-0.26));
#5062=VECTOR('',#6308,0.46);
#5063=CARTESIAN_POINT('',(1.265,0.12,-0.26));
#5064=VECTOR('',#6309,0.47);
#5065=CARTESIAN_POINT('',(1.475,0.12,-0.2811805698387));
#5066=CARTESIAN_POINT('',(1.475,0.12,-0.615));
#5067=CARTESIAN_POINT('',(1.475,0.12,-0.2811805698387));
#5068=VECTOR('',#6310,0.3338194301613);
#5069=CARTESIAN_POINT('',(1.375,0.12,-0.615));
#5070=CARTESIAN_POINT('',(1.375,0.12,-0.615));
#5071=VECTOR('',#6311,0.1);
#5072=CARTESIAN_POINT('',(1.375,0.12,-0.2811805698387));
#5073=CARTESIAN_POINT('',(1.375,0.12,-0.2811805698387));
#5074=VECTOR('',#6312,0.3338194301613);
#5075=CARTESIAN_POINT('',(1.375,0.12,-0.2811805698387));
#5076=VECTOR('',#6313,0.1);
#5077=CARTESIAN_POINT('',(-1.07,0.12,0.71));
#5078=CARTESIAN_POINT('',(-1.265,0.12,0.71));
#5079=CARTESIAN_POINT('',(-1.07,0.12,0.71));
#5080=VECTOR('',#6314,0.195);
#5081=CARTESIAN_POINT('',(-1.07,0.12,0.735));
#5082=CARTESIAN_POINT('',(-1.07,0.12,0.71));
#5083=VECTOR('',#6315,0.025);
#5084=CARTESIAN_POINT('',(-1.155,0.12,0.82));
#5085=CARTESIAN_POINT('',(-1.07,0.12,0.735));
#5086=VECTOR('',#6316,0.1202081528017);
#5087=CARTESIAN_POINT('',(-1.635,0.12,0.82));
#5088=CARTESIAN_POINT('',(-1.635,0.12,0.82));
#5089=VECTOR('',#6317,0.48);
#5090=CARTESIAN_POINT('',(-1.735,0.12,0.72));
#5091=AXIS2_PLACEMENT_3D('',#6318,#6319,#6320);
#5092=CARTESIAN_POINT('',(-1.735,0.12,0.26));
#5093=CARTESIAN_POINT('',(-1.735,0.12,0.26));
#5094=VECTOR('',#6321,0.46);
#5095=CARTESIAN_POINT('',(-1.265,0.12,0.26));
#5096=CARTESIAN_POINT('',(-1.265,0.12,0.26));
#5097=VECTOR('',#6322,0.47);
#5098=CARTESIAN_POINT('',(-1.265,0.12,0.71));
#5099=VECTOR('',#6323,0.45);
#5100=CARTESIAN_POINT('',(-1.475,0.12,0.2811805698387));
#5101=CARTESIAN_POINT('',(-1.375,0.12,0.2811805698387));
#5102=CARTESIAN_POINT('',(-1.475,0.12,0.2811805698387));
#5103=VECTOR('',#6324,0.1);
#5104=CARTESIAN_POINT('',(-1.475,0.12,0.615));
#5105=CARTESIAN_POINT('',(-1.475,0.12,0.615));
#5106=VECTOR('',#6325,0.3338194301613);
#5107=CARTESIAN_POINT('',(-1.375,0.12,0.615));
#5108=CARTESIAN_POINT('',(-1.375,0.12,0.615));
#5109=VECTOR('',#6326,0.1);
#5110=CARTESIAN_POINT('',(-1.375,0.12,0.615));
#5111=VECTOR('',#6327,0.3338194301613);
#5112=CARTESIAN_POINT('',(-1.735,0.12,-0.26));
#5113=CARTESIAN_POINT('',(-1.265,0.12,-0.26));
#5114=CARTESIAN_POINT('',(-1.735,0.12,-0.26));
#5115=VECTOR('',#6328,0.47);
#5116=CARTESIAN_POINT('',(-1.735,0.12,-0.72));
#5117=CARTESIAN_POINT('',(-1.735,0.12,-0.72));
#5118=VECTOR('',#6329,0.46);
#5119=CARTESIAN_POINT('',(-1.635,0.12,-0.82));
#5120=AXIS2_PLACEMENT_3D('',#6330,#6331,#6332);
#5121=CARTESIAN_POINT('',(-1.155,0.12,-0.82));
#5122=CARTESIAN_POINT('',(-1.155,0.12,-0.82));
#5123=VECTOR('',#6333,0.48);
#5124=CARTESIAN_POINT('',(-1.07,0.12,-0.735));
#5125=CARTESIAN_POINT('',(-1.155,0.12,-0.82));
#5126=VECTOR('',#6334,0.1202081528017);
#5127=CARTESIAN_POINT('',(-1.07,0.12,-0.71));
#5128=CARTESIAN_POINT('',(-1.07,0.12,-0.735));
#5129=VECTOR('',#6335,0.025);
#5130=CARTESIAN_POINT('',(-1.265,0.12,-0.71));
#5131=CARTESIAN_POINT('',(-1.07,0.12,-0.71));
#5132=VECTOR('',#6336,0.195);
#5133=CARTESIAN_POINT('',(-1.265,0.12,-0.26));
#5134=VECTOR('',#6337,0.45);
#5135=CARTESIAN_POINT('',(-1.375,0.12,-0.615));
#5136=CARTESIAN_POINT('',(-1.475,0.12,-0.615));
#5137=CARTESIAN_POINT('',(-1.375,0.12,-0.615));
#5138=VECTOR('',#6338,0.1);
#5139=CARTESIAN_POINT('',(-1.475,0.12,-0.2811805698387));
#5140=CARTESIAN_POINT('',(-1.475,0.12,-0.2811805698387));
#5141=VECTOR('',#6339,0.3338194301613);
#5142=CARTESIAN_POINT('',(-1.375,0.12,-0.2811805698387));
#5143=CARTESIAN_POINT('',(-1.475,0.12,-0.2811805698387));
#5144=VECTOR('',#6340,0.1);
#5145=CARTESIAN_POINT('',(-1.375,0.12,-0.2811805698387));
#5146=VECTOR('',#6341,0.3338194301613);
#5147=CARTESIAN_POINT('',(-0.47,0.08,0.71));
#5148=CARTESIAN_POINT('',(-0.73,0.08,0.71));
#5149=CARTESIAN_POINT('',(-0.47,0.08,0.71));
#5150=VECTOR('',#6342,0.26);
#5151=CARTESIAN_POINT('',(-0.33,0.08,0.71));
#5152=CARTESIAN_POINT('',(-0.47,0.08,0.71));
#5153=VECTOR('',#6343,0.14);
#5154=CARTESIAN_POINT('',(-0.07,0.08,0.71));
#5155=CARTESIAN_POINT('',(-0.07,0.08,0.71));
#5156=VECTOR('',#6344,0.26);
#5157=CARTESIAN_POINT('',(0.07,0.08,0.71));
#5158=CARTESIAN_POINT('',(-0.07,0.08,0.71));
#5159=VECTOR('',#6345,0.14);
#5160=CARTESIAN_POINT('',(0.33,0.08,0.71));
#5161=CARTESIAN_POINT('',(0.33,0.08,0.71));
#5162=VECTOR('',#6346,0.26);
#5163=CARTESIAN_POINT('',(0.47,0.08,0.71));
#5164=CARTESIAN_POINT('',(0.33,0.08,0.71));
#5165=VECTOR('',#6347,0.14);
#5166=CARTESIAN_POINT('',(0.73,0.08,0.71));
#5167=CARTESIAN_POINT('',(0.73,0.08,0.71));
#5168=VECTOR('',#6348,0.26);
#5169=CARTESIAN_POINT('',(0.73,0.08,0.71));
#5170=VECTOR('',#6349,0.14);
#5171=CARTESIAN_POINT('',(1.238333333333,0.08,0.71));
#5172=VECTOR('',#6350,0.3683333333333);
#5173=CARTESIAN_POINT('',(1.07,0.54,0.71));
#5174=CARTESIAN_POINT('',(1.07,0.54,0.71));
#5175=VECTOR('',#6351,0.42);
#5176=CARTESIAN_POINT('',(-1.07,0.54,0.71));
#5177=CARTESIAN_POINT('',(-1.07,0.54,0.71));
#5178=VECTOR('',#6352,2.14);
#5179=CARTESIAN_POINT('',(-1.07,0.54,0.71));
#5180=VECTOR('',#6353,0.42);
#5181=CARTESIAN_POINT('',(-1.238333333333,0.08,0.71));
#5182=CARTESIAN_POINT('',(-1.238333333333,0.08,0.71));
#5183=VECTOR('',#6354,0.04807401700619);
#5184=CARTESIAN_POINT('',(-0.87,0.08,0.71));
#5185=CARTESIAN_POINT('',(-0.87,0.08,0.71));
#5186=VECTOR('',#6355,0.3683333333333);
#5187=CARTESIAN_POINT('',(-0.87,0.08,0.71));
#5188=VECTOR('',#6356,0.14);
#5189=CARTESIAN_POINT('',(-0.87,0.08,0.91));
#5190=CARTESIAN_POINT('',(-0.87,0.08,0.71));
#5191=VECTOR('',#6357,0.2);
#5192=CARTESIAN_POINT('',(-0.73,0.08,0.91));
#5193=CARTESIAN_POINT('',(-0.87,0.08,0.91));
#5194=VECTOR('',#6358,0.14);
#5195=CARTESIAN_POINT('',(-0.73,0.08,0.71));
#5196=VECTOR('',#6359,0.2);
#5197=CARTESIAN_POINT('',(-0.73,-0.02,-0.87));
#5198=AXIS2_PLACEMENT_3D('',#6360,#6361,#6362);
#5199=CARTESIAN_POINT('',(-0.73,-0.02,-1.05));
#5200=CARTESIAN_POINT('',(-0.73,-0.02,-0.87));
#5201=VECTOR('',#6363,0.18);
#5202=CARTESIAN_POINT('',(-0.73,0.06,-1.05));
#5203=CARTESIAN_POINT('',(-0.73,-0.02,-1.05));
#5204=VECTOR('',#6364,0.08);
#5205=CARTESIAN_POINT('',(-0.73,0.06,-0.93));
#5206=CARTESIAN_POINT('',(-0.73,0.06,-1.05));
#5207=VECTOR('',#6365,0.12);
#5208=CARTESIAN_POINT('',(-0.73,0.08,-0.91));
#5209=AXIS2_PLACEMENT_3D('',#6366,#6367,#6368);
#5210=CARTESIAN_POINT('',(-0.73,0.08,-0.71));
#5211=CARTESIAN_POINT('',(-0.73,0.08,-0.91));
#5212=VECTOR('',#6369,0.2);
#5213=CARTESIAN_POINT('',(-0.73,0.08,-0.71));
#5214=VECTOR('',#6370,0.05);
#5215=CARTESIAN_POINT('',(-0.73,0.06,0.93));
#5216=AXIS2_PLACEMENT_3D('',#6371,#6372,#6373);
#5217=CARTESIAN_POINT('',(-0.73,0.06,1.05));
#5218=CARTESIAN_POINT('',(-0.73,0.06,0.93));
#5219=VECTOR('',#6374,0.12);
#5220=CARTESIAN_POINT('',(-0.73,-0.02,1.05));
#5221=CARTESIAN_POINT('',(-0.73,0.06,1.05));
#5222=VECTOR('',#6375,0.08);
#5223=CARTESIAN_POINT('',(-0.73,-0.02,0.87));
#5224=CARTESIAN_POINT('',(-0.73,-0.02,1.05));
#5225=VECTOR('',#6376,0.18);
#5226=AXIS2_PLACEMENT_3D('',#6377,#6378,#6379);
#5227=CARTESIAN_POINT('',(-0.73,0.05,0.67));
#5228=VECTOR('',#6380,0.05);
#5229=CARTESIAN_POINT('',(1.238333333333,0.08,-0.71));
#5230=VECTOR('',#6381,0.3683333333333);
#5231=CARTESIAN_POINT('',(0.73,0.08,-0.71));
#5232=CARTESIAN_POINT('',(0.47,0.08,-0.71));
#5233=CARTESIAN_POINT('',(0.73,0.08,-0.71));
#5234=VECTOR('',#6382,0.26);
#5235=CARTESIAN_POINT('',(0.73,0.08,-0.71));
#5236=VECTOR('',#6383,0.05);
#5237=CARTESIAN_POINT('',(0.47,0.08,-0.71));
#5238=VECTOR('',#6384,0.05);
#5239=CARTESIAN_POINT('',(0.33,0.08,-0.71));
#5240=CARTESIAN_POINT('',(0.07,0.08,-0.71));
#5241=CARTESIAN_POINT('',(0.33,0.08,-0.71));
#5242=VECTOR('',#6385,0.26);
#5243=CARTESIAN_POINT('',(0.33,0.08,-0.71));
#5244=VECTOR('',#6386,0.05);
#5245=CARTESIAN_POINT('',(0.07,0.08,-0.71));
#5246=VECTOR('',#6387,0.05);
#5247=CARTESIAN_POINT('',(-0.07,0.08,-0.71));
#5248=CARTESIAN_POINT('',(-0.33,0.08,-0.71));
#5249=CARTESIAN_POINT('',(-0.07,0.08,-0.71));
#5250=VECTOR('',#6388,0.26);
#5251=CARTESIAN_POINT('',(-0.07,0.08,-0.71));
#5252=VECTOR('',#6389,0.05);
#5253=CARTESIAN_POINT('',(-0.33,0.08,-0.71));
#5254=VECTOR('',#6390,0.05);
#5255=CARTESIAN_POINT('',(-1.238333333333,0.08,-0.71));
#5256=CARTESIAN_POINT('',(-1.238333333333,0.08,-0.71));
#5257=VECTOR('',#6391,0.05385164807135);
#5258=CARTESIAN_POINT('',(-0.87,0.08,-0.71));
#5259=CARTESIAN_POINT('',(-0.87,0.08,-0.71));
#5260=VECTOR('',#6392,0.3683333333333);
#5261=CARTESIAN_POINT('',(-0.87,0.08,-0.71));
#5262=VECTOR('',#6393,0.05);
#5263=CARTESIAN_POINT('',(-0.47,0.08,-0.71));
#5264=CARTESIAN_POINT('',(-0.47,0.08,-0.71));
#5265=VECTOR('',#6394,0.26);
#5266=CARTESIAN_POINT('',(-0.47,0.08,-0.71));
#5267=VECTOR('',#6395,0.05);
#5268=CARTESIAN_POINT('',(-1.238333333333,0.08,-0.71));
#5269=VECTOR('',#6396,0.04807401700619);
#5270=CARTESIAN_POINT('',(-1.07,0.54,-0.71));
#5271=CARTESIAN_POINT('',(-1.07,0.54,-0.71));
#5272=VECTOR('',#6397,0.42);
#5273=CARTESIAN_POINT('',(1.07,0.54,-0.71));
#5274=CARTESIAN_POINT('',(1.07,0.54,-0.71));
#5275=VECTOR('',#6398,2.14);
#5276=CARTESIAN_POINT('',(1.07,0.54,-0.71));
#5277=VECTOR('',#6399,0.42);
#5278=CARTESIAN_POINT('',(0.73,0.08,-0.71));
#5279=VECTOR('',#6400,0.14);
#5280=CARTESIAN_POINT('',(0.33,0.08,-0.71));
#5281=VECTOR('',#6401,0.14);
#5282=CARTESIAN_POINT('',(-0.07,0.08,-0.71));
#5283=VECTOR('',#6402,0.14);
#5284=CARTESIAN_POINT('',(-0.47,0.08,-0.71));
#5285=VECTOR('',#6403,0.14);
#5286=CARTESIAN_POINT('',(-0.87,0.08,-0.71));
#5287=VECTOR('',#6404,0.14);
#5288=CARTESIAN_POINT('',(-0.87,0.08,-0.91));
#5289=CARTESIAN_POINT('',(-0.87,0.08,-0.91));
#5290=VECTOR('',#6405,0.14);
#5291=CARTESIAN_POINT('',(-0.87,0.08,-0.91));
#5292=VECTOR('',#6406,0.2);
#5293=CARTESIAN_POINT('',(-0.87,0.06,-0.93));
#5294=AXIS2_PLACEMENT_3D('',#6407,#6408,#6409);
#5295=CARTESIAN_POINT('',(-0.87,0.06,-1.05));
#5296=CARTESIAN_POINT('',(-0.87,0.06,-1.05));
#5297=VECTOR('',#6410,0.12);
#5298=CARTESIAN_POINT('',(-0.87,-0.02,-1.05));
#5299=CARTESIAN_POINT('',(-0.87,-0.02,-1.05));
#5300=VECTOR('',#6411,0.08);
#5301=CARTESIAN_POINT('',(-0.87,-0.02,-0.87));
#5302=CARTESIAN_POINT('',(-0.87,-0.02,-0.87));
#5303=VECTOR('',#6412,0.18);
#5304=AXIS2_PLACEMENT_3D('',#6413,#6414,#6415);
#5305=CARTESIAN_POINT('',(-0.87,-0.02,0.87));
#5306=AXIS2_PLACEMENT_3D('',#6416,#6417,#6418);
#5307=CARTESIAN_POINT('',(-0.87,-0.02,1.05));
#5308=CARTESIAN_POINT('',(-0.87,-0.02,1.05));
#5309=VECTOR('',#6419,0.18);
#5310=CARTESIAN_POINT('',(-0.87,0.06,1.05));
#5311=CARTESIAN_POINT('',(-0.87,0.06,1.05));
#5312=VECTOR('',#6420,0.08);
#5313=CARTESIAN_POINT('',(-0.87,0.06,0.93));
#5314=CARTESIAN_POINT('',(-0.87,0.06,0.93));
#5315=VECTOR('',#6421,0.12);
#5316=AXIS2_PLACEMENT_3D('',#6422,#6423,#6424);
#5317=CARTESIAN_POINT('',(-0.87,0.05,0.67));
#5318=VECTOR('',#6425,0.05);
#5319=CARTESIAN_POINT('',(-0.87,-0.02,-0.87));
#5320=VECTOR('',#6426,0.14);
#5321=CARTESIAN_POINT('',(-0.87,-0.02,-1.05));
#5322=VECTOR('',#6427,0.14);
#5323=CARTESIAN_POINT('',(-0.87,0.06,-1.05));
#5324=VECTOR('',#6428,0.14);
#5325=CARTESIAN_POINT('',(-0.87,0.06,-0.93));
#5326=VECTOR('',#6429,0.14);
#5327=CARTESIAN_POINT('',(0.73,0.05,0.67));
#5328=VECTOR('',#6430,0.05);
#5329=CARTESIAN_POINT('',(0.47,0.05,0.67));
#5330=VECTOR('',#6431,0.05);
#5331=CARTESIAN_POINT('',(0.33,0.05,0.67));
#5332=VECTOR('',#6432,0.05);
#5333=CARTESIAN_POINT('',(0.07,0.05,0.67));
#5334=VECTOR('',#6433,0.05);
#5335=CARTESIAN_POINT('',(-0.07,0.05,0.67));
#5336=VECTOR('',#6434,0.05);
#5337=CARTESIAN_POINT('',(-0.33,0.05,0.67));
#5338=VECTOR('',#6435,0.05);
#5339=CARTESIAN_POINT('',(-1.218333333333,0.05,0.67));
#5340=VECTOR('',#6436,0.05385164807135);
#5341=CARTESIAN_POINT('',(-0.47,0.05,0.67));
#5342=VECTOR('',#6437,0.05);
#5343=CARTESIAN_POINT('',(0.47,-0.02,-0.87));
#5344=AXIS2_PLACEMENT_3D('',#6438,#6439,#6440);
#5345=CARTESIAN_POINT('',(0.47,-0.02,-1.05));
#5346=CARTESIAN_POINT('',(0.47,-0.02,-0.87));
#5347=VECTOR('',#6441,0.18);
#5348=CARTESIAN_POINT('',(0.47,0.06,-1.05));
#5349=CARTESIAN_POINT('',(0.47,-0.02,-1.05));
#5350=VECTOR('',#6442,0.08);
#5351=CARTESIAN_POINT('',(0.47,0.06,-0.93));
#5352=CARTESIAN_POINT('',(0.47,0.06,-1.05));
#5353=VECTOR('',#6443,0.12);
#5354=CARTESIAN_POINT('',(0.47,0.08,-0.91));
#5355=AXIS2_PLACEMENT_3D('',#6444,#6445,#6446);
#5356=CARTESIAN_POINT('',(0.47,0.08,-0.91));
#5357=VECTOR('',#6447,0.2);
#5358=CARTESIAN_POINT('',(0.47,0.08,0.91));
#5359=CARTESIAN_POINT('',(0.47,0.08,0.71));
#5360=VECTOR('',#6448,0.2);
#5361=CARTESIAN_POINT('',(0.47,0.06,0.93));
#5362=AXIS2_PLACEMENT_3D('',#6449,#6450,#6451);
#5363=CARTESIAN_POINT('',(0.47,0.06,1.05));
#5364=CARTESIAN_POINT('',(0.47,0.06,0.93));
#5365=VECTOR('',#6452,0.12);
#5366=CARTESIAN_POINT('',(0.47,-0.02,1.05));
#5367=CARTESIAN_POINT('',(0.47,0.06,1.05));
#5368=VECTOR('',#6453,0.08);
#5369=CARTESIAN_POINT('',(0.47,-0.02,0.87));
#5370=CARTESIAN_POINT('',(0.47,-0.02,1.05));
#5371=VECTOR('',#6454,0.18);
#5372=AXIS2_PLACEMENT_3D('',#6455,#6456,#6457);
#5373=CARTESIAN_POINT('',(0.33,0.08,-0.91));
#5374=CARTESIAN_POINT('',(0.33,0.08,-0.91));
#5375=VECTOR('',#6458,0.14);
#5376=CARTESIAN_POINT('',(0.33,0.08,-0.91));
#5377=VECTOR('',#6459,0.2);
#5378=CARTESIAN_POINT('',(0.33,0.06,-0.93));
#5379=AXIS2_PLACEMENT_3D('',#6460,#6461,#6462);
#5380=CARTESIAN_POINT('',(0.33,0.06,-1.05));
#5381=CARTESIAN_POINT('',(0.33,0.06,-1.05));
#5382=VECTOR('',#6463,0.12);
#5383=CARTESIAN_POINT('',(0.33,-0.02,-1.05));
#5384=CARTESIAN_POINT('',(0.33,-0.02,-1.05));
#5385=VECTOR('',#6464,0.08);
#5386=CARTESIAN_POINT('',(0.33,-0.02,-0.87));
#5387=CARTESIAN_POINT('',(0.33,-0.02,-0.87));
#5388=VECTOR('',#6465,0.18);
#5389=AXIS2_PLACEMENT_3D('',#6466,#6467,#6468);
#5390=CARTESIAN_POINT('',(0.33,-0.02,0.87));
#5391=AXIS2_PLACEMENT_3D('',#6469,#6470,#6471);
#5392=CARTESIAN_POINT('',(0.33,-0.02,1.05));
#5393=CARTESIAN_POINT('',(0.33,-0.02,1.05));
#5394=VECTOR('',#6472,0.18);
#5395=CARTESIAN_POINT('',(0.33,0.06,1.05));
#5396=CARTESIAN_POINT('',(0.33,0.06,1.05));
#5397=VECTOR('',#6473,0.08);
#5398=CARTESIAN_POINT('',(0.33,0.06,0.93));
#5399=CARTESIAN_POINT('',(0.33,0.06,0.93));
#5400=VECTOR('',#6474,0.12);
#5401=CARTESIAN_POINT('',(0.33,0.08,0.91));
#5402=AXIS2_PLACEMENT_3D('',#6475,#6476,#6477);
#5403=CARTESIAN_POINT('',(0.33,0.08,0.71));
#5404=VECTOR('',#6478,0.2);
#5405=CARTESIAN_POINT('',(0.33,-0.02,-0.87));
#5406=VECTOR('',#6479,0.14);
#5407=CARTESIAN_POINT('',(0.33,-0.02,-1.05));
#5408=VECTOR('',#6480,0.14);
#5409=CARTESIAN_POINT('',(0.33,0.06,-1.05));
#5410=VECTOR('',#6481,0.14);
#5411=CARTESIAN_POINT('',(0.33,0.06,-0.93));
#5412=VECTOR('',#6482,0.14);
#5413=CARTESIAN_POINT('',(0.33,0.08,0.91));
#5414=VECTOR('',#6483,0.14);
#5415=CARTESIAN_POINT('',(0.33,0.06,0.93));
#5416=VECTOR('',#6484,0.14);
#5417=CARTESIAN_POINT('',(0.33,0.06,1.05));
#5418=VECTOR('',#6485,0.14);
#5419=CARTESIAN_POINT('',(0.33,-0.02,1.05));
#5420=VECTOR('',#6486,0.14);
#5421=CARTESIAN_POINT('',(0.33,-0.02,0.87));
#5422=VECTOR('',#6487,0.14);
#5423=CARTESIAN_POINT('',(0.73,0.08,-0.91));
#5424=CARTESIAN_POINT('',(0.73,0.08,-0.91));
#5425=VECTOR('',#6488,0.2);
#5426=CARTESIAN_POINT('',(0.73,0.06,-0.93));
#5427=AXIS2_PLACEMENT_3D('',#6489,#6490,#6491);
#5428=CARTESIAN_POINT('',(0.73,0.06,-1.05));
#5429=CARTESIAN_POINT('',(0.73,0.06,-1.05));
#5430=VECTOR('',#6492,0.12);
#5431=CARTESIAN_POINT('',(0.73,-0.02,-1.05));
#5432=CARTESIAN_POINT('',(0.73,-0.02,-1.05));
#5433=VECTOR('',#6493,0.08);
#5434=CARTESIAN_POINT('',(0.73,-0.02,-0.87));
#5435=CARTESIAN_POINT('',(0.73,-0.02,-0.87));
#5436=VECTOR('',#6494,0.18);
#5437=AXIS2_PLACEMENT_3D('',#6495,#6496,#6497);
#5438=CARTESIAN_POINT('',(0.73,-0.02,0.87));
#5439=AXIS2_PLACEMENT_3D('',#6498,#6499,#6500);
#5440=CARTESIAN_POINT('',(0.73,-0.02,1.05));
#5441=CARTESIAN_POINT('',(0.73,-0.02,1.05));
#5442=VECTOR('',#6501,0.18);
#5443=CARTESIAN_POINT('',(0.73,0.06,1.05));
#5444=CARTESIAN_POINT('',(0.73,0.06,1.05));
#5445=VECTOR('',#6502,0.08);
#5446=CARTESIAN_POINT('',(0.73,0.06,0.93));
#5447=CARTESIAN_POINT('',(0.73,0.06,0.93));
#5448=VECTOR('',#6503,0.12);
#5449=CARTESIAN_POINT('',(0.73,0.08,0.91));
#5450=AXIS2_PLACEMENT_3D('',#6504,#6505,#6506);
#5451=CARTESIAN_POINT('',(0.73,0.08,0.71));
#5452=VECTOR('',#6507,0.2);
#5453=CARTESIAN_POINT('',(0.73,-0.02,-0.87));
#5454=VECTOR('',#6508,0.14);
#5455=CARTESIAN_POINT('',(0.73,-0.02,-1.05));
#5456=VECTOR('',#6509,0.14);
#5457=CARTESIAN_POINT('',(0.73,0.06,-1.05));
#5458=VECTOR('',#6510,0.14);
#5459=CARTESIAN_POINT('',(0.73,0.06,-0.93));
#5460=VECTOR('',#6511,0.14);
#5461=CARTESIAN_POINT('',(0.73,0.08,-0.91));
#5462=VECTOR('',#6512,0.14);
#5463=CARTESIAN_POINT('',(0.73,0.08,0.91));
#5464=VECTOR('',#6513,0.14);
#5465=CARTESIAN_POINT('',(0.73,0.06,0.93));
#5466=VECTOR('',#6514,0.14);
#5467=CARTESIAN_POINT('',(0.73,0.06,1.05));
#5468=VECTOR('',#6515,0.14);
#5469=CARTESIAN_POINT('',(0.73,-0.02,1.05));
#5470=VECTOR('',#6516,0.14);
#5471=CARTESIAN_POINT('',(0.73,-0.02,0.87));
#5472=VECTOR('',#6517,0.14);
#5473=CARTESIAN_POINT('',(0.07,-0.02,-0.87));
#5474=AXIS2_PLACEMENT_3D('',#6518,#6519,#6520);
#5475=CARTESIAN_POINT('',(0.07,-0.02,-1.05));
#5476=CARTESIAN_POINT('',(0.07,-0.02,-0.87));
#5477=VECTOR('',#6521,0.18);
#5478=CARTESIAN_POINT('',(0.07,0.06,-1.05));
#5479=CARTESIAN_POINT('',(0.07,-0.02,-1.05));
#5480=VECTOR('',#6522,0.08);
#5481=CARTESIAN_POINT('',(0.07,0.06,-0.93));
#5482=CARTESIAN_POINT('',(0.07,0.06,-1.05));
#5483=VECTOR('',#6523,0.12);
#5484=CARTESIAN_POINT('',(0.07,0.08,-0.91));
#5485=AXIS2_PLACEMENT_3D('',#6524,#6525,#6526);
#5486=CARTESIAN_POINT('',(0.07,0.08,-0.91));
#5487=VECTOR('',#6527,0.2);
#5488=CARTESIAN_POINT('',(0.07,0.08,0.91));
#5489=CARTESIAN_POINT('',(0.07,0.08,0.71));
#5490=VECTOR('',#6528,0.2);
#5491=CARTESIAN_POINT('',(0.07,0.06,0.93));
#5492=AXIS2_PLACEMENT_3D('',#6529,#6530,#6531);
#5493=CARTESIAN_POINT('',(0.07,0.06,1.05));
#5494=CARTESIAN_POINT('',(0.07,0.06,0.93));
#5495=VECTOR('',#6532,0.12);
#5496=CARTESIAN_POINT('',(0.07,-0.02,1.05));
#5497=CARTESIAN_POINT('',(0.07,0.06,1.05));
#5498=VECTOR('',#6533,0.08);
#5499=CARTESIAN_POINT('',(0.07,-0.02,0.87));
#5500=CARTESIAN_POINT('',(0.07,-0.02,1.05));
#5501=VECTOR('',#6534,0.18);
#5502=AXIS2_PLACEMENT_3D('',#6535,#6536,#6537);
#5503=CARTESIAN_POINT('',(-0.07,0.08,-0.91));
#5504=CARTESIAN_POINT('',(-0.07,0.08,-0.91));
#5505=VECTOR('',#6538,0.14);
#5506=CARTESIAN_POINT('',(-0.07,0.08,-0.91));
#5507=VECTOR('',#6539,0.2);
#5508=CARTESIAN_POINT('',(-0.07,0.06,-0.93));
#5509=AXIS2_PLACEMENT_3D('',#6540,#6541,#6542);
#5510=CARTESIAN_POINT('',(-0.07,0.06,-1.05));
#5511=CARTESIAN_POINT('',(-0.07,0.06,-1.05));
#5512=VECTOR('',#6543,0.12);
#5513=CARTESIAN_POINT('',(-0.07,-0.02,-1.05));
#5514=CARTESIAN_POINT('',(-0.07,-0.02,-1.05));
#5515=VECTOR('',#6544,0.08);
#5516=CARTESIAN_POINT('',(-0.07,-0.02,-0.87));
#5517=CARTESIAN_POINT('',(-0.07,-0.02,-0.87));
#5518=VECTOR('',#6545,0.18);
#5519=AXIS2_PLACEMENT_3D('',#6546,#6547,#6548);
#5520=CARTESIAN_POINT('',(-0.07,-0.02,0.87));
#5521=AXIS2_PLACEMENT_3D('',#6549,#6550,#6551);
#5522=CARTESIAN_POINT('',(-0.07,-0.02,1.05));
#5523=CARTESIAN_POINT('',(-0.07,-0.02,1.05));
#5524=VECTOR('',#6552,0.18);
#5525=CARTESIAN_POINT('',(-0.07,0.06,1.05));
#5526=CARTESIAN_POINT('',(-0.07,0.06,1.05));
#5527=VECTOR('',#6553,0.08);
#5528=CARTESIAN_POINT('',(-0.07,0.06,0.93));
#5529=CARTESIAN_POINT('',(-0.07,0.06,0.93));
#5530=VECTOR('',#6554,0.12);
#5531=CARTESIAN_POINT('',(-0.07,0.08,0.91));
#5532=AXIS2_PLACEMENT_3D('',#6555,#6556,#6557);
#5533=CARTESIAN_POINT('',(-0.07,0.08,0.71));
#5534=VECTOR('',#6558,0.2);
#5535=CARTESIAN_POINT('',(-0.07,-0.02,-0.87));
#5536=VECTOR('',#6559,0.14);
#5537=CARTESIAN_POINT('',(-0.07,-0.02,-1.05));
#5538=VECTOR('',#6560,0.14);
#5539=CARTESIAN_POINT('',(-0.07,0.06,-1.05));
#5540=VECTOR('',#6561,0.14);
#5541=CARTESIAN_POINT('',(-0.07,0.06,-0.93));
#5542=VECTOR('',#6562,0.14);
#5543=CARTESIAN_POINT('',(-0.07,0.08,0.91));
#5544=VECTOR('',#6563,0.14);
#5545=CARTESIAN_POINT('',(-0.07,0.06,0.93));
#5546=VECTOR('',#6564,0.14);
#5547=CARTESIAN_POINT('',(-0.07,0.06,1.05));
#5548=VECTOR('',#6565,0.14);
#5549=CARTESIAN_POINT('',(-0.07,-0.02,1.05));
#5550=VECTOR('',#6566,0.14);
#5551=CARTESIAN_POINT('',(-0.07,-0.02,0.87));
#5552=VECTOR('',#6567,0.14);
#5553=CARTESIAN_POINT('',(-0.33,-0.02,-0.87));
#5554=AXIS2_PLACEMENT_3D('',#6568,#6569,#6570);
#5555=CARTESIAN_POINT('',(-0.33,-0.02,-1.05));
#5556=CARTESIAN_POINT('',(-0.33,-0.02,-0.87));
#5557=VECTOR('',#6571,0.18);
#5558=CARTESIAN_POINT('',(-0.33,0.06,-1.05));
#5559=CARTESIAN_POINT('',(-0.33,-0.02,-1.05));
#5560=VECTOR('',#6572,0.08);
#5561=CARTESIAN_POINT('',(-0.33,0.06,-0.93));
#5562=CARTESIAN_POINT('',(-0.33,0.06,-1.05));
#5563=VECTOR('',#6573,0.12);
#5564=CARTESIAN_POINT('',(-0.33,0.08,-0.91));
#5565=AXIS2_PLACEMENT_3D('',#6574,#6575,#6576);
#5566=CARTESIAN_POINT('',(-0.33,0.08,-0.91));
#5567=VECTOR('',#6577,0.2);
#5568=CARTESIAN_POINT('',(-0.33,0.08,0.91));
#5569=CARTESIAN_POINT('',(-0.33,0.08,0.71));
#5570=VECTOR('',#6578,0.2);
#5571=CARTESIAN_POINT('',(-0.33,0.06,0.93));
#5572=AXIS2_PLACEMENT_3D('',#6579,#6580,#6581);
#5573=CARTESIAN_POINT('',(-0.33,0.06,1.05));
#5574=CARTESIAN_POINT('',(-0.33,0.06,0.93));
#5575=VECTOR('',#6582,0.12);
#5576=CARTESIAN_POINT('',(-0.33,-0.02,1.05));
#5577=CARTESIAN_POINT('',(-0.33,0.06,1.05));
#5578=VECTOR('',#6583,0.08);
#5579=CARTESIAN_POINT('',(-0.33,-0.02,0.87));
#5580=CARTESIAN_POINT('',(-0.33,-0.02,1.05));
#5581=VECTOR('',#6584,0.18);
#5582=AXIS2_PLACEMENT_3D('',#6585,#6586,#6587);
#5583=CARTESIAN_POINT('',(-0.47,0.08,-0.91));
#5584=CARTESIAN_POINT('',(-0.47,0.08,-0.91));
#5585=VECTOR('',#6588,0.14);
#5586=CARTESIAN_POINT('',(-0.47,0.08,-0.91));
#5587=VECTOR('',#6589,0.2);
#5588=CARTESIAN_POINT('',(-0.47,0.06,-0.93));
#5589=AXIS2_PLACEMENT_3D('',#6590,#6591,#6592);
#5590=CARTESIAN_POINT('',(-0.47,0.06,-1.05));
#5591=CARTESIAN_POINT('',(-0.47,0.06,-1.05));
#5592=VECTOR('',#6593,0.12);
#5593=CARTESIAN_POINT('',(-0.47,-0.02,-1.05));
#5594=CARTESIAN_POINT('',(-0.47,-0.02,-1.05));
#5595=VECTOR('',#6594,0.08);
#5596=CARTESIAN_POINT('',(-0.47,-0.02,-0.87));
#5597=CARTESIAN_POINT('',(-0.47,-0.02,-0.87));
#5598=VECTOR('',#6595,0.18);
#5599=AXIS2_PLACEMENT_3D('',#6596,#6597,#6598);
#5600=CARTESIAN_POINT('',(-0.47,-0.02,0.87));
#5601=AXIS2_PLACEMENT_3D('',#6599,#6600,#6601);
#5602=CARTESIAN_POINT('',(-0.47,-0.02,1.05));
#5603=CARTESIAN_POINT('',(-0.47,-0.02,1.05));
#5604=VECTOR('',#6602,0.18);
#5605=CARTESIAN_POINT('',(-0.47,0.06,1.05));
#5606=CARTESIAN_POINT('',(-0.47,0.06,1.05));
#5607=VECTOR('',#6603,0.08);
#5608=CARTESIAN_POINT('',(-0.47,0.06,0.93));
#5609=CARTESIAN_POINT('',(-0.47,0.06,0.93));
#5610=VECTOR('',#6604,0.12);
#5611=CARTESIAN_POINT('',(-0.47,0.08,0.91));
#5612=AXIS2_PLACEMENT_3D('',#6605,#6606,#6607);
#5613=CARTESIAN_POINT('',(-0.47,0.08,0.71));
#5614=VECTOR('',#6608,0.2);
#5615=CARTESIAN_POINT('',(-0.47,-0.02,-0.87));
#5616=VECTOR('',#6609,0.14);
#5617=CARTESIAN_POINT('',(-0.47,-0.02,-1.05));
#5618=VECTOR('',#6610,0.14);
#5619=CARTESIAN_POINT('',(-0.47,0.06,-1.05));
#5620=VECTOR('',#6611,0.14);
#5621=CARTESIAN_POINT('',(-0.47,0.06,-0.93));
#5622=VECTOR('',#6612,0.14);
#5623=CARTESIAN_POINT('',(-0.47,0.08,0.91));
#5624=VECTOR('',#6613,0.14);
#5625=CARTESIAN_POINT('',(-0.47,0.06,0.93));
#5626=VECTOR('',#6614,0.14);
#5627=CARTESIAN_POINT('',(-0.47,0.06,1.05));
#5628=VECTOR('',#6615,0.14);
#5629=CARTESIAN_POINT('',(-0.47,-0.02,1.05));
#5630=VECTOR('',#6616,0.14);
#5631=CARTESIAN_POINT('',(-0.47,-0.02,0.87));
#5632=VECTOR('',#6617,0.14);
#5633=CARTESIAN_POINT('',(-1.238333333333,0.08,0.22));
#5634=CARTESIAN_POINT('',(-1.265,0.12,0.26));
#5635=VECTOR('',#6618,0.06253887679765);
#5636=CARTESIAN_POINT('',(-1.238333333333,0.08,-0.22));
#5637=CARTESIAN_POINT('',(-1.238333333333,0.08,-0.22));
#5638=VECTOR('',#6619,0.44);
#5639=CARTESIAN_POINT('',(-1.238333333333,0.08,-0.22));
#5640=VECTOR('',#6620,0.06253887679765);
#5641=CARTESIAN_POINT('',(-1.735,0.08,-0.22));
#5642=CARTESIAN_POINT('',(-1.735,0.08,-0.22));
#5643=VECTOR('',#6621,0.4966666666667);
#5644=CARTESIAN_POINT('',(-1.735,0.12,-0.26));
#5645=VECTOR('',#6622,0.05656854249492);
#5646=CARTESIAN_POINT('',(-1.735,0.52,-0.72));
#5647=CARTESIAN_POINT('',(-1.735,0.52,-0.72));
#5648=VECTOR('',#6623,0.4);
#5649=CARTESIAN_POINT('',(-1.735,0.08,0.22));
#5650=CARTESIAN_POINT('',(-1.735,0.08,0.22));
#5651=VECTOR('',#6624,0.44);
#5652=CARTESIAN_POINT('',(-1.735,0.08,0.22));
#5653=VECTOR('',#6625,0.05656854249492);
#5654=CARTESIAN_POINT('',(-1.735,0.52,0.72));
#5655=CARTESIAN_POINT('',(-1.735,0.52,0.72));
#5656=VECTOR('',#6626,0.4);
#5657=CARTESIAN_POINT('',(-1.735,0.52,-0.72));
#5658=VECTOR('',#6627,1.44);
#5659=CARTESIAN_POINT('',(-1.705710678119,0.5492893218813,0.7907106781187));
#5660=CARTESIAN_POINT('',(-1.595,0.66,0.68));
#5661=CARTESIAN_POINT('',(-1.705710678119,0.5492893218813,0.7907106781187));
#5662=VECTOR('',#6628,0.1917565194419);
#5663=CARTESIAN_POINT('',(-1.595,0.66,-0.68));
#5664=CARTESIAN_POINT('',(-1.595,0.66,-0.68));
#5665=VECTOR('',#6629,1.36);
#5666=CARTESIAN_POINT('',(-1.705710678119,0.5492893218813,-0.7907106781187));
#5667=CARTESIAN_POINT('',(-1.705710678119,0.5492893218813,-0.7907106781187));
#5668=VECTOR('',#6630,0.1917565194419);
#5669=CARTESIAN_POINT('',(-1.735,0.52,-0.72));
#5670=CARTESIAN_POINT('',(-1.735,0.52,-0.7353586583092));
#5671=CARTESIAN_POINT('',(-1.728537529979,0.5264624700212,-0.7613451185296));
#5672=CARTESIAN_POINT('',(-1.714578003628,0.5404219963722,-0.7818433526095));
#5673=CARTESIAN_POINT('',(-1.705710678119,0.5492893218813,-0.7907106781187));
#5674=CARTESIAN_POINT('',(-1.705710678119,0.5492893218813,0.7907106781187));
#5675=CARTESIAN_POINT('',(-1.714578003628,0.5404219963722,0.7818433526095));
#5676=CARTESIAN_POINT('',(-1.728537529979,0.5264624700212,0.7613451185296));
#5677=CARTESIAN_POINT('',(-1.735,0.52,0.7353586583092));
#5678=CARTESIAN_POINT('',(-1.735,0.52,0.72));
#5679=CARTESIAN_POINT('',(-1.635,0.52,0.82));
#5680=CARTESIAN_POINT('',(-1.635,0.52,0.82));
#5681=VECTOR('',#6631,0.4);
#5682=CARTESIAN_POINT('',(-1.635,0.52,0.82));
#5683=CARTESIAN_POINT('',(-1.650358658309,0.52,0.82));
#5684=CARTESIAN_POINT('',(-1.67634511853,0.5264624700212,0.8135375299788));
#5685=CARTESIAN_POINT('',(-1.696843352609,0.5404219963722,0.7995780036278));
#5686=CARTESIAN_POINT('',(-1.705710678119,0.5492893218813,0.7907106781187));
#5687=CARTESIAN_POINT('',(-1.07,0.66,0.68));
#5688=CARTESIAN_POINT('',(-1.595,0.66,0.68));
#5689=VECTOR('',#6632,0.525);
#5690=CARTESIAN_POINT('',(-1.155,0.52,0.82));
#5691=CARTESIAN_POINT('',(-1.635,0.52,0.82));
#5692=VECTOR('',#6633,0.48);
#5693=CARTESIAN_POINT('',(-1.07,0.605,0.735));
#5694=CARTESIAN_POINT('',(-1.07,0.605,0.735));
#5695=VECTOR('',#6634,0.1472243186434);
#5696=CARTESIAN_POINT('',(-1.07,0.66,0.68));
#5697=VECTOR('',#6635,0.07778174593052);
#5698=CARTESIAN_POINT('',(-1.07,0.605,0.735));
#5699=VECTOR('',#6636,0.485);
#5700=CARTESIAN_POINT('',(-1.07,0.66,0.59));
#5701=AXIS2_PLACEMENT_3D('',#6637,#6638,#6639);
#5702=CARTESIAN_POINT('',(-1.07,0.66,0.68));
#5703=VECTOR('',#6640,0.09);
#5704=CARTESIAN_POINT('',(1.07,0.66,0.59));
#5705=CARTESIAN_POINT('',(-1.07,0.66,0.59));
#5706=VECTOR('',#6641,2.14);
#5707=CARTESIAN_POINT('',(1.07,0.66,0.68));
#5708=CARTESIAN_POINT('',(1.07,0.66,0.59));
#5709=VECTOR('',#6642,0.09);
#5710=CARTESIAN_POINT('',(1.595,0.66,0.68));
#5711=CARTESIAN_POINT('',(1.07,0.66,0.68));
#5712=VECTOR('',#6643,0.525);
#5713=CARTESIAN_POINT('',(1.595,0.66,-0.68));
#5714=CARTESIAN_POINT('',(1.595,0.66,0.68));
#5715=VECTOR('',#6644,1.36);
#5716=CARTESIAN_POINT('',(1.07,0.66,-0.68));
#5717=CARTESIAN_POINT('',(1.595,0.66,-0.68));
#5718=VECTOR('',#6645,0.525);
#5719=CARTESIAN_POINT('',(1.07,0.66,-0.59));
#5720=CARTESIAN_POINT('',(1.07,0.66,-0.68));
#5721=VECTOR('',#6646,0.09);
#5722=CARTESIAN_POINT('',(-1.07,0.66,-0.59));
#5723=CARTESIAN_POINT('',(1.07,0.66,-0.59));
#5724=VECTOR('',#6647,2.14);
#5725=CARTESIAN_POINT('',(-1.07,0.66,-0.68));
#5726=CARTESIAN_POINT('',(-1.07,0.66,-0.59));
#5727=VECTOR('',#6648,0.09);
#5728=CARTESIAN_POINT('',(-1.07,0.66,-0.68));
#5729=VECTOR('',#6649,0.525);
#5730=CARTESIAN_POINT('',(1.26,0.66,-0.28));
#5731=CARTESIAN_POINT('',(1.259999999996,0.66,0.2799999999678));
#5732=CARTESIAN_POINT('',(1.259999999993,0.66,-0.2799999999748));
#5733=VECTOR('',#6650,0.5599999999426);
#5734=CARTESIAN_POINT('',(1.02,0.66,0.52));
#5735=AXIS2_PLACEMENT_3D('',#6651,#6652,#6653);
#5736=CARTESIAN_POINT('',(-1.019999999968,0.66,0.5199999999964));
#5737=CARTESIAN_POINT('',(1.019999999975,0.66,0.5199999999933));
#5738=VECTOR('',#6654,2.039999999943);
#5739=CARTESIAN_POINT('',(-1.26,0.66,0.28));
#5740=AXIS2_PLACEMENT_3D('',#6655,#6656,#6657);
#5741=CARTESIAN_POINT('',(-1.259999999996,0.66,-0.2799999999678));
#5742=CARTESIAN_POINT('',(-1.259999999993,0.66,0.2799999999748));
#5743=VECTOR('',#6658,0.5599999999426);
#5744=CARTESIAN_POINT('',(-1.02,0.66,-0.52));
#5745=AXIS2_PLACEMENT_3D('',#6659,#6660,#6661);
#5746=CARTESIAN_POINT('',(1.02,0.66,-0.52));
#5747=CARTESIAN_POINT('',(-1.019999999975,0.66,-0.5199999999933));
#5748=VECTOR('',#6662,2.039999999943);
#5749=AXIS2_PLACEMENT_3D('',#6663,#6664,#6665);
#5750=CARTESIAN_POINT('',(1.02,0.54,-0.4));
#5751=AXIS2_PLACEMENT_3D('',#6666,#6667,#6668);
#5752=CARTESIAN_POINT('',(1.14,0.54,-0.28));
#5753=AXIS2_PLACEMENT_3D('',#6669,#6670,#6671);
#5754=AXIS2_PLACEMENT_3D('',#6672,#6673,#6674);
#5755=CARTESIAN_POINT('',(1.14,0.54,0.2799999999693));
#5756=CARTESIAN_POINT('',(1.14,0.54,-0.2799999999894));
#5757=VECTOR('',#6675,0.5599999999588);
#5758=AXIS2_PLACEMENT_3D('',#6676,#6677,#6678);
#5759=CARTESIAN_POINT('',(1.02,0.54,0.4));
#5760=AXIS2_PLACEMENT_3D('',#6679,#6680,#6681);
#5761=AXIS2_PLACEMENT_3D('',#6682,#6683,#6684);
#5762=CARTESIAN_POINT('',(-1.019999999969,0.54,0.4));
#5763=CARTESIAN_POINT('',(1.019999999989,0.54,0.4));
#5764=VECTOR('',#6685,2.039999999959);
#5765=AXIS2_PLACEMENT_3D('',#6686,#6687,#6688);
#5766=CARTESIAN_POINT('',(-1.14,0.54,0.28));
#5767=AXIS2_PLACEMENT_3D('',#6689,#6690,#6691);
#5768=AXIS2_PLACEMENT_3D('',#6692,#6693,#6694);
#5769=CARTESIAN_POINT('',(-1.14,0.54,-0.2799999999693));
#5770=CARTESIAN_POINT('',(-1.14,0.54,0.2799999999894));
#5771=VECTOR('',#6695,0.5599999999588);
#5772=AXIS2_PLACEMENT_3D('',#6696,#6697,#6698);
#5773=CARTESIAN_POINT('',(-1.02,0.54,-0.4));
#5774=AXIS2_PLACEMENT_3D('',#6699,#6700,#6701);
#5775=AXIS2_PLACEMENT_3D('',#6702,#6703,#6704);
#5776=CARTESIAN_POINT('',(-1.019999999989,0.54,-0.4));
#5777=VECTOR('',#6705,2.039999999959);
#5778=CARTESIAN_POINT('',(-1.02,0.15,-0.4));
#5779=CARTESIAN_POINT('',(-1.019999999989,0.54,-0.4));
#5780=VECTOR('',#6706,0.39);
#5781=CARTESIAN_POINT('',(1.02,0.15,-0.4));
#5782=CARTESIAN_POINT('',(-1.02,0.15,-0.4));
#5783=VECTOR('',#6707,2.04);
#5784=CARTESIAN_POINT('',(1.019999999969,0.54,-0.4));
#5785=VECTOR('',#6708,0.39);
#5786=CARTESIAN_POINT('',(1.07,0.15,-0.3890871211464));
#5787=AXIS2_PLACEMENT_3D('',#6709,#6710,#6711);
#5788=CARTESIAN_POINT('',(1.14,0.22,-0.28));
#5789=CARTESIAN_POINT('',(1.07,0.15,-0.3890871211464));
#5790=CARTESIAN_POINT('',(1.09029943649,0.1702994364904,-0.3797828896857));
#5791=CARTESIAN_POINT('',(1.114400765717,0.1944007657165,-0.3592991630944));
#5792=CARTESIAN_POINT('',(1.134871774939,0.2148717749387,-0.3199935018843));
#5793=CARTESIAN_POINT('',(1.14,0.22,-0.2950889277843));
#5794=CARTESIAN_POINT('',(1.14,0.22,-0.28));
#5795=CARTESIAN_POINT('',(1.14,0.54,-0.2799999999894));
#5796=VECTOR('',#6712,0.32);
#5797=CARTESIAN_POINT('',(1.14,0.22,0.28));
#5798=CARTESIAN_POINT('',(1.14,0.22,-0.28));
#5799=VECTOR('',#6713,0.56);
#5800=CARTESIAN_POINT('',(1.14,0.54,0.2799999999693));
#5801=VECTOR('',#6714,0.32);
#5802=CARTESIAN_POINT('',(1.07,0.15,0.3890871211464));
#5803=CARTESIAN_POINT('',(1.14,0.22,0.28));
#5804=CARTESIAN_POINT('',(1.14,0.22,0.2950889277843));
#5805=CARTESIAN_POINT('',(1.134871774939,0.2148717749387,0.3199935018843));
#5806=CARTESIAN_POINT('',(1.114400765717,0.1944007657165,0.3592991630944));
#5807=CARTESIAN_POINT('',(1.09029943649,0.1702994364904,0.3797828896857));
#5808=CARTESIAN_POINT('',(1.07,0.15,0.3890871211464));
#5809=CARTESIAN_POINT('',(1.02,0.15,0.4));
#5810=AXIS2_PLACEMENT_3D('',#6715,#6716,#6717);
#5811=CARTESIAN_POINT('',(1.019999999989,0.54,0.4));
#5812=VECTOR('',#6718,0.39);
#5813=CARTESIAN_POINT('',(-1.02,0.15,0.4));
#5814=CARTESIAN_POINT('',(1.02,0.15,0.4));
#5815=VECTOR('',#6719,2.040000000001);
#5816=CARTESIAN_POINT('',(-1.019999999969,0.54,0.4));
#5817=VECTOR('',#6720,0.39);
#5818=CARTESIAN_POINT('',(-1.07,0.15,0.3890871211464));
#5819=AXIS2_PLACEMENT_3D('',#6721,#6722,#6723);
#5820=CARTESIAN_POINT('',(-1.14,0.22,0.28));
#5821=CARTESIAN_POINT('',(-1.07,0.15,0.3890871211464));
#5822=CARTESIAN_POINT('',(-1.09029943649,0.1702994364904,0.3797828896857));
#5823=CARTESIAN_POINT('',(-1.114400765717,0.1944007657165,0.3592991630944));
#5824=CARTESIAN_POINT('',(-1.134871774939,0.2148717749387,0.3199935018843));
#5825=CARTESIAN_POINT('',(-1.14,0.22,0.2950889277843));
#5826=CARTESIAN_POINT('',(-1.14,0.22,0.28));
#5827=CARTESIAN_POINT('',(-1.14,0.54,0.2799999999894));
#5828=VECTOR('',#6724,0.32);
#5829=CARTESIAN_POINT('',(-1.14,0.22,-0.28));
#5830=CARTESIAN_POINT('',(-1.14,0.22,0.28));
#5831=VECTOR('',#6725,0.56);
#5832=CARTESIAN_POINT('',(-1.14,0.54,-0.2799999999693));
#5833=VECTOR('',#6726,0.32);
#5834=CARTESIAN_POINT('',(-1.07,0.15,-0.3890871211464));
#5835=CARTESIAN_POINT('',(-1.14,0.22,-0.28));
#5836=CARTESIAN_POINT('',(-1.14,0.22,-0.2950889277843));
#5837=CARTESIAN_POINT('',(-1.134871774939,0.2148717749387,-0.3199935018843));
#5838=CARTESIAN_POINT('',(-1.114400765717,0.1944007657165,-0.3592991630944));
#5839=CARTESIAN_POINT('',(-1.09029943649,0.1702994364904,-0.3797828896857));
#5840=CARTESIAN_POINT('',(-1.07,0.15,-0.3890871211464));
#5841=AXIS2_PLACEMENT_3D('',#6727,#6728,#6729);
#5842=CARTESIAN_POINT('',(-1.04,0.12,-0.3677496438739));
#5843=CARTESIAN_POINT('',(-1.02,0.12,-0.37));
#5844=AXIS2_PLACEMENT_3D('',#6730,#6731,#6732);
#5845=AXIS2_PLACEMENT_3D('',#6733,#6734,#6735);
#5846=CARTESIAN_POINT('',(-1.04,0.12,-0.3677496438739));
#5847=CARTESIAN_POINT('',(-1.04,0.12,-0.3702622667497));
#5848=CARTESIAN_POINT('',(-1.040547093883,0.1205470938826,-0.3750735228721));
#5849=CARTESIAN_POINT('',(-1.043563419818,0.1235634198182,-0.3822814617247));
#5850=CARTESIAN_POINT('',(-1.048359152122,0.1283591521217,-0.3875985754049));
#5851=CARTESIAN_POINT('',(-1.054469296591,0.1344692965911,-0.3908882986131));
#5852=CARTESIAN_POINT('',(-1.061905849729,0.1419058497289,-0.3917357324809));
#5853=CARTESIAN_POINT('',(-1.067230026034,0.147230026034,-0.3903567366321));
#5854=CARTESIAN_POINT('',(-1.07,0.15,-0.3890871211464));
#5855=CARTESIAN_POINT('',(-1.04,0.12,0.3677496438739));
#5856=CARTESIAN_POINT('',(-1.07,0.15,0.3890871211464));
#5857=CARTESIAN_POINT('',(-1.067223989843,0.147223989843,0.3903595033157));
#5858=CARTESIAN_POINT('',(-1.061891846149,0.1418918461489,0.3917390093697));
#5859=CARTESIAN_POINT('',(-1.054436281407,0.1344362814074,0.3908800839988));
#5860=CARTESIAN_POINT('',(-1.048363947443,0.1283639474432,0.3875845464184));
#5861=CARTESIAN_POINT('',(-1.043711935284,0.1237119352843,0.3824519102596));
#5862=CARTESIAN_POINT('',(-1.040662197484,0.1206621974836,0.3755284469089));
#5863=CARTESIAN_POINT('',(-1.04,0.12,0.3704593155519));
#5864=CARTESIAN_POINT('',(-1.04,0.12,0.3677496438739));
#5865=CARTESIAN_POINT('',(-1.04,0.12,0.3677496438739));
#5866=VECTOR('',#6736,0.7354992877478);
#5867=CARTESIAN_POINT('',(1.02,0.12,-0.37));
#5868=CARTESIAN_POINT('',(-1.02,0.12,-0.37));
#5869=VECTOR('',#6737,2.04);
#5870=CARTESIAN_POINT('',(-1.02,0.12,0.37));
#5871=AXIS2_PLACEMENT_3D('',#6738,#6739,#6740);
#5872=CARTESIAN_POINT('',(1.02,0.12,0.37));
#5873=CARTESIAN_POINT('',(1.02,0.12,0.37));
#5874=VECTOR('',#6741,2.04);
#5875=CARTESIAN_POINT('',(1.04,0.12,0.3677496438739));
#5876=AXIS2_PLACEMENT_3D('',#6742,#6743,#6744);
#5877=CARTESIAN_POINT('',(1.04,0.12,-0.3677496438739));
#5878=CARTESIAN_POINT('',(1.04,0.12,-0.3677496438739));
#5879=VECTOR('',#6745,0.7354992877478);
#5880=AXIS2_PLACEMENT_3D('',#6746,#6747,#6748);
#5881=AXIS2_PLACEMENT_3D('',#6749,#6750,#6751);
#5882=CARTESIAN_POINT('',(1.07,0.15,-0.3890871211464));
#5883=CARTESIAN_POINT('',(1.067223989843,0.147223989843,-0.3903595033157));
#5884=CARTESIAN_POINT('',(1.061891846149,0.1418918461489,-0.3917390093697));
#5885=CARTESIAN_POINT('',(1.054436281407,0.1344362814074,-0.3908800839988));
#5886=CARTESIAN_POINT('',(1.048363947443,0.1283639474433,-0.3875845464184));
#5887=CARTESIAN_POINT('',(1.043711935284,0.1237119352843,-0.3824519102596));
#5888=CARTESIAN_POINT('',(1.040662197484,0.1206621974836,-0.3755284469089));
#5889=CARTESIAN_POINT('',(1.04,0.12,-0.3704593155519));
#5890=CARTESIAN_POINT('',(1.04,0.12,-0.3677496438739));
#5891=CARTESIAN_POINT('',(1.04,0.12,0.3677496438739));
#5892=CARTESIAN_POINT('',(1.04,0.12,0.3702622667497));
#5893=CARTESIAN_POINT('',(1.040547093883,0.1205470938826,0.3750735228721));
#5894=CARTESIAN_POINT('',(1.043563419818,0.1235634198182,0.3822814617247));
#5895=CARTESIAN_POINT('',(1.048359152122,0.1283591521217,0.3875985754049));
#5896=CARTESIAN_POINT('',(1.054469296591,0.1344692965911,0.3908882986131));
#5897=CARTESIAN_POINT('',(1.061905849729,0.1419058497289,0.3917357324809));
#5898=CARTESIAN_POINT('',(1.067230026034,0.147230026034,0.3903567366321));
#5899=CARTESIAN_POINT('',(1.07,0.15,0.3890871211464));
#5900=AXIS2_PLACEMENT_3D('',#6752,#6753,#6754);
#5901=AXIS2_PLACEMENT_3D('',#6755,#6756,#6757);
#5902=CARTESIAN_POINT('',(-1.155,0.52,-0.82));
#5903=CARTESIAN_POINT('',(-1.635,0.52,-0.82));
#5904=CARTESIAN_POINT('',(-1.155,0.52,-0.82));
#5905=VECTOR('',#6758,0.48);
#5906=CARTESIAN_POINT('',(-1.705710678119,0.5492893218813,-0.7907106781187));
#5907=CARTESIAN_POINT('',(-1.696843352609,0.5404219963722,-0.7995780036278));
#5908=CARTESIAN_POINT('',(-1.67634511853,0.5264624700212,-0.8135375299788));
#5909=CARTESIAN_POINT('',(-1.650358658309,0.52,-0.82));
#5910=CARTESIAN_POINT('',(-1.635,0.52,-0.82));
#5911=CARTESIAN_POINT('',(-1.07,0.605,-0.735));
#5912=CARTESIAN_POINT('',(-1.07,0.605,-0.735));
#5913=VECTOR('',#6759,0.07778174593052);
#5914=CARTESIAN_POINT('',(-1.155,0.52,-0.82));
#5915=VECTOR('',#6760,0.1472243186434);
#5916=CARTESIAN_POINT('',(-1.07,0.605,-0.735));
#5917=VECTOR('',#6761,0.485);
#5918=CARTESIAN_POINT('',(-1.155,0.12,-0.82));
#5919=VECTOR('',#6762,0.4);
#5920=CARTESIAN_POINT('',(-1.635,0.52,-0.82));
#5921=VECTOR('',#6763,0.4);
#5922=CARTESIAN_POINT('',(1.635,0.52,-0.82));
#5923=CARTESIAN_POINT('',(1.635,0.52,-0.82));
#5924=VECTOR('',#6764,0.4);
#5925=CARTESIAN_POINT('',(1.155,0.52,-0.82));
#5926=CARTESIAN_POINT('',(1.155,0.12,-0.82));
#5927=VECTOR('',#6765,0.4);
#5928=CARTESIAN_POINT('',(1.635,0.52,-0.82));
#5929=VECTOR('',#6766,0.48);
#5930=CARTESIAN_POINT('',(1.705710678119,0.5492893218813,-0.7907106781187));
#5931=CARTESIAN_POINT('',(1.705710678119,0.5492893218813,-0.7907106781187));
#5932=VECTOR('',#6767,0.1917565194419);
#5933=CARTESIAN_POINT('',(1.635,0.52,-0.82));
#5934=CARTESIAN_POINT('',(1.650358658309,0.52,-0.82));
#5935=CARTESIAN_POINT('',(1.67634511853,0.5264624700212,-0.8135375299788));
#5936=CARTESIAN_POINT('',(1.696843352609,0.5404219963722,-0.7995780036278));
#5937=CARTESIAN_POINT('',(1.705710678119,0.5492893218813,-0.7907106781187));
#5938=CARTESIAN_POINT('',(1.07,0.605,-0.735));
#5939=CARTESIAN_POINT('',(1.07,0.605,-0.735));
#5940=VECTOR('',#6768,0.1472243186434);
#5941=CARTESIAN_POINT('',(1.07,0.66,-0.68));
#5942=VECTOR('',#6769,0.07778174593052);
#5943=CARTESIAN_POINT('',(1.07,0.605,-0.735));
#5944=VECTOR('',#6770,0.485);
#5945=AXIS2_PLACEMENT_3D('',#6771,#6772,#6773);
#5946=AXIS2_PLACEMENT_3D('',#6774,#6775,#6776);
#5947=CARTESIAN_POINT('',(1.735,0.52,-0.72));
#5948=CARTESIAN_POINT('',(1.705710678119,0.5492893218813,-0.7907106781187));
#5949=CARTESIAN_POINT('',(1.714578003628,0.5404219963722,-0.7818433526095));
#5950=CARTESIAN_POINT('',(1.728537529979,0.5264624700212,-0.7613451185296));
#5951=CARTESIAN_POINT('',(1.735,0.52,-0.7353586583092));
#5952=CARTESIAN_POINT('',(1.735,0.52,-0.72));
#5953=CARTESIAN_POINT('',(1.735,0.52,-0.72));
#5954=VECTOR('',#6777,0.4);
#5955=CARTESIAN_POINT('',(1.735,0.52,0.72));
#5956=CARTESIAN_POINT('',(1.735,0.52,0.72));
#5957=VECTOR('',#6778,0.4);
#5958=CARTESIAN_POINT('',(1.735,0.08,0.22));
#5959=CARTESIAN_POINT('',(1.735,0.12,0.26));
#5960=VECTOR('',#6779,0.05656854249492);
#5961=CARTESIAN_POINT('',(1.735,0.08,-0.22));
#5962=CARTESIAN_POINT('',(1.735,0.08,-0.22));
#5963=VECTOR('',#6780,0.44);
#5964=CARTESIAN_POINT('',(1.735,0.08,-0.22));
#5965=VECTOR('',#6781,0.05656854249492);
#5966=CARTESIAN_POINT('',(1.735,0.52,0.72));
#5967=VECTOR('',#6782,1.44);
#5968=CARTESIAN_POINT('',(1.705710678119,0.5492893218813,0.7907106781187));
#5969=CARTESIAN_POINT('',(1.705710678119,0.5492893218813,0.7907106781187));
#5970=VECTOR('',#6783,0.1917565194419);
#5971=CARTESIAN_POINT('',(1.735,0.52,0.72));
#5972=CARTESIAN_POINT('',(1.735,0.52,0.7353586583092));
#5973=CARTESIAN_POINT('',(1.728537529979,0.5264624700212,0.7613451185296));
#5974=CARTESIAN_POINT('',(1.714578003628,0.5404219963722,0.7818433526095));
#5975=CARTESIAN_POINT('',(1.705710678119,0.5492893218813,0.7907106781187));
#5976=CARTESIAN_POINT('',(1.635,0.52,0.82));
#5977=CARTESIAN_POINT('',(1.705710678119,0.5492893218813,0.7907106781187));
#5978=CARTESIAN_POINT('',(1.696843352609,0.5404219963722,0.7995780036278));
#5979=CARTESIAN_POINT('',(1.67634511853,0.5264624700212,0.8135375299788));
#5980=CARTESIAN_POINT('',(1.650358658309,0.52,0.82));
#5981=CARTESIAN_POINT('',(1.635,0.52,0.82));
#5982=CARTESIAN_POINT('',(1.635,0.52,0.82));
#5983=VECTOR('',#6784,0.4);
#5984=CARTESIAN_POINT('',(-1.155,0.12,0.82));
#5985=VECTOR('',#6785,0.4);
#5986=CARTESIAN_POINT('',(1.155,0.52,0.82));
#5987=CARTESIAN_POINT('',(1.155,0.12,0.82));
#5988=VECTOR('',#6786,0.4);
#5989=CARTESIAN_POINT('',(1.155,0.52,0.82));
#5990=VECTOR('',#6787,0.48);
#5991=CARTESIAN_POINT('',(1.07,0.605,0.735));
#5992=CARTESIAN_POINT('',(1.07,0.605,0.735));
#5993=VECTOR('',#6788,0.07778174593052);
#5994=CARTESIAN_POINT('',(1.155,0.52,0.82));
#5995=VECTOR('',#6789,0.1472243186434);
#5996=CARTESIAN_POINT('',(1.07,0.605,0.735));
#5997=VECTOR('',#6790,0.485);
#5998=AXIS2_PLACEMENT_3D('',#6791,#6792,#6793);
#5999=CARTESIAN_POINT('',(1.238333333333,0.08,-0.22));
#6000=VECTOR('',#6794,0.4966666666667);
#6001=CARTESIAN_POINT('',(-1.238333333333,0.08,0.22));
#6002=VECTOR('',#6795,0.4966666666667);
#6003=CARTESIAN_POINT('',(-1.635,0.08,0.0));
#6004=CARTESIAN_POINT('',(-1.335,0.08,0.0));
#6005=AXIS2_PLACEMENT_3D('',#6796,#6797,#6798);
#6006=AXIS2_PLACEMENT_3D('',#6799,#6800,#6801);
#6007=CARTESIAN_POINT('',(1.735,0.08,0.22));
#6008=VECTOR('',#6802,0.4966666666667);
#6009=CARTESIAN_POINT('',(-1.635,0.075,0.0));
#6010=CARTESIAN_POINT('',(-1.635,0.08,0.0));
#6011=VECTOR('',#6803,0.005);
#6012=CARTESIAN_POINT('',(-1.335,0.075,0.0));
#6013=AXIS2_PLACEMENT_3D('',#6804,#6805,#6806);
#6014=CARTESIAN_POINT('',(-1.335,0.08,0.0));
#6015=VECTOR('',#6807,0.005);
#6016=AXIS2_PLACEMENT_3D('',#6808,#6809,#6810);
#6017=CARTESIAN_POINT('',(-0.87,0.06,0.93));
#6018=VECTOR('',#6811,0.14);
#6019=CARTESIAN_POINT('',(-0.87,0.06,1.05));
#6020=VECTOR('',#6812,0.14);
#6021=CARTESIAN_POINT('',(-0.87,-0.02,1.05));
#6022=VECTOR('',#6813,0.14);
#6023=CARTESIAN_POINT('',(-0.87,-0.02,0.87));
#6024=VECTOR('',#6814,0.14);
#6025=CARTESIAN_POINT('',(1.375,0.01979184719829,0.3297918471983));
#6026=AXIS2_PLACEMENT_3D('',#6815,#6816,#6817);
#6027=CARTESIAN_POINT('',(1.375,-0.005355339059327,0.3549390334559));
#6028=CARTESIAN_POINT('',(1.375,-0.005355339059327,0.3549390334559));
#6029=VECTOR('',#6818,0.03556349186104);
#6030=CARTESIAN_POINT('',(1.375,-0.02,0.3902943725152));
#6031=AXIS2_PLACEMENT_3D('',#6819,#6820,#6821);
#6032=CARTESIAN_POINT('',(1.375,-0.02,0.565));
#6033=CARTESIAN_POINT('',(1.375,-0.02,0.565));
#6034=VECTOR('',#6822,0.1747056274848);
#6035=CARTESIAN_POINT('',(1.375,0.03,0.615));
#6036=AXIS2_PLACEMENT_3D('',#6823,#6824,#6825);
#6037=CARTESIAN_POINT('',(1.375,0.12,0.615));
#6038=VECTOR('',#6826,0.09);
#6039=CARTESIAN_POINT('',(1.375,0.03,-0.615));
#6040=CARTESIAN_POINT('',(1.375,0.03,-0.615));
#6041=VECTOR('',#6827,0.09);
#6042=CARTESIAN_POINT('',(1.375,-0.02,-0.565));
#6043=AXIS2_PLACEMENT_3D('',#6828,#6829,#6830);
#6044=CARTESIAN_POINT('',(1.375,-0.02,-0.3902943725152));
#6045=CARTESIAN_POINT('',(1.375,-0.02,-0.3902943725152));
#6046=VECTOR('',#6831,0.1747056274848);
#6047=CARTESIAN_POINT('',(1.375,-0.005355339059327,-0.3549390334559));
#6048=AXIS2_PLACEMENT_3D('',#6832,#6833,#6834);
#6049=CARTESIAN_POINT('',(1.375,0.01979184719829,-0.3297918471983));
#6050=CARTESIAN_POINT('',(1.375,0.01979184719829,-0.3297918471983));
#6051=VECTOR('',#6835,0.03556349186104);
#6052=AXIS2_PLACEMENT_3D('',#6836,#6837,#6838);
#6053=CARTESIAN_POINT('',(1.475,0.03,0.615));
#6054=CARTESIAN_POINT('',(1.375,0.03,0.615));
#6055=VECTOR('',#6839,0.1);
#6056=CARTESIAN_POINT('',(1.475,0.12,0.615));
#6057=VECTOR('',#6840,0.09);
#6058=CARTESIAN_POINT('',(1.475,-0.02,0.565));
#6059=AXIS2_PLACEMENT_3D('',#6841,#6842,#6843);
#6060=CARTESIAN_POINT('',(1.475,-0.02,0.3902943725152));
#6061=CARTESIAN_POINT('',(1.475,-0.02,0.565));
#6062=VECTOR('',#6844,0.1747056274848);
#6063=CARTESIAN_POINT('',(1.475,-0.005355339059327,0.3549390334559));
#6064=AXIS2_PLACEMENT_3D('',#6845,#6846,#6847);
#6065=CARTESIAN_POINT('',(1.475,0.01979184719829,0.3297918471983));
#6066=CARTESIAN_POINT('',(1.475,-0.005355339059327,0.3549390334559));
#6067=VECTOR('',#6848,0.03556349186104);
#6068=AXIS2_PLACEMENT_3D('',#6849,#6850,#6851);
#6069=CARTESIAN_POINT('',(1.475,0.01979184719829,-0.3297918471983));
#6070=CARTESIAN_POINT('',(1.475,-0.005355339059327,-0.3549390334559));
#6071=CARTESIAN_POINT('',(1.475,0.01979184719829,-0.3297918471983));
#6072=VECTOR('',#6852,0.03556349186104);
#6073=CARTESIAN_POINT('',(1.475,-0.02,-0.3902943725152));
#6074=AXIS2_PLACEMENT_3D('',#6853,#6854,#6855);
#6075=CARTESIAN_POINT('',(1.475,-0.02,-0.565));
#6076=CARTESIAN_POINT('',(1.475,-0.02,-0.3902943725152));
#6077=VECTOR('',#6856,0.1747056274848);
#6078=CARTESIAN_POINT('',(1.475,0.03,-0.615));
#6079=AXIS2_PLACEMENT_3D('',#6857,#6858,#6859);
#6080=CARTESIAN_POINT('',(1.475,0.03,-0.615));
#6081=VECTOR('',#6860,0.09);
#6082=AXIS2_PLACEMENT_3D('',#6861,#6862,#6863);
#6083=CARTESIAN_POINT('',(1.375,0.01979184719829,0.3297918471983));
#6084=VECTOR('',#6864,0.1);
#6085=CARTESIAN_POINT('',(1.375,-0.005355339059327,0.3549390334559));
#6086=VECTOR('',#6865,0.1);
#6087=CARTESIAN_POINT('',(1.375,-0.02,0.3902943725152));
#6088=VECTOR('',#6866,0.1);
#6089=CARTESIAN_POINT('',(1.375,-0.02,0.565));
#6090=VECTOR('',#6867,0.1);
#6091=CARTESIAN_POINT('',(1.375,0.01979184719829,-0.3297918471983));
#6092=VECTOR('',#6868,0.1);
#6093=CARTESIAN_POINT('',(1.375,-0.005355339059327,-0.3549390334559));
#6094=VECTOR('',#6869,0.1);
#6095=CARTESIAN_POINT('',(1.375,-0.02,-0.3902943725152));
#6096=VECTOR('',#6870,0.1);
#6097=CARTESIAN_POINT('',(1.375,-0.02,-0.565));
#6098=VECTOR('',#6871,0.1);
#6099=CARTESIAN_POINT('',(1.375,0.03,-0.615));
#6100=VECTOR('',#6872,0.1);
#6101=CARTESIAN_POINT('',(-1.375,0.01979184719829,-0.3297918471983));
#6102=CARTESIAN_POINT('',(-1.375,-0.005355339059327,-0.3549390334559));
#6103=CARTESIAN_POINT('',(-1.375,0.01979184719829,-0.3297918471983));
#6104=VECTOR('',#6873,0.03556349186104);
#6105=CARTESIAN_POINT('',(-1.375,-0.02,-0.3902943725152));
#6106=AXIS2_PLACEMENT_3D('',#6874,#6875,#6876);
#6107=CARTESIAN_POINT('',(-1.375,-0.02,-0.565));
#6108=CARTESIAN_POINT('',(-1.375,-0.02,-0.3902943725152));
#6109=VECTOR('',#6877,0.1747056274848);
#6110=CARTESIAN_POINT('',(-1.375,0.03,-0.615));
#6111=AXIS2_PLACEMENT_3D('',#6878,#6879,#6880);
#6112=CARTESIAN_POINT('',(-1.375,0.03,-0.615));
#6113=VECTOR('',#6881,0.09);
#6114=AXIS2_PLACEMENT_3D('',#6882,#6883,#6884);
#6115=CARTESIAN_POINT('',(-1.375,0.03,0.615));
#6116=CARTESIAN_POINT('',(-1.375,-0.02,0.565));
#6117=AXIS2_PLACEMENT_3D('',#6885,#6886,#6887);
#6118=CARTESIAN_POINT('',(-1.375,-0.02,0.3902943725152));
#6119=CARTESIAN_POINT('',(-1.375,-0.02,0.565));
#6120=VECTOR('',#6888,0.1747056274848);
#6121=CARTESIAN_POINT('',(-1.375,-0.005355339059327,0.3549390334559));
#6122=AXIS2_PLACEMENT_3D('',#6889,#6890,#6891);
#6123=CARTESIAN_POINT('',(-1.375,0.01979184719829,0.3297918471983));
#6124=CARTESIAN_POINT('',(-1.375,-0.005355339059327,0.3549390334559));
#6125=VECTOR('',#6892,0.03556349186104);
#6126=AXIS2_PLACEMENT_3D('',#6893,#6894,#6895);
#6127=CARTESIAN_POINT('',(-1.375,0.12,0.615));
#6128=VECTOR('',#6896,0.09);
#6129=CARTESIAN_POINT('',(-1.475,0.01979184719829,-0.3297918471983));
#6130=AXIS2_PLACEMENT_3D('',#6897,#6898,#6899);
#6131=CARTESIAN_POINT('',(-1.375,0.01979184719829,-0.3297918471983));
#6132=VECTOR('',#6900,0.1);
#6133=CARTESIAN_POINT('',(-1.475,-0.005355339059327,-0.3549390334559));
#6134=CARTESIAN_POINT('',(-1.475,0.01979184719829,-0.3297918471983));
#6135=VECTOR('',#6901,0.03556349186104);
#6136=CARTESIAN_POINT('',(-1.375,-0.005355339059327,-0.3549390334559));
#6137=VECTOR('',#6902,0.1);
#6138=CARTESIAN_POINT('',(-1.475,-0.02,-0.3902943725152));
#6139=AXIS2_PLACEMENT_3D('',#6903,#6904,#6905);
#6140=CARTESIAN_POINT('',(-1.375,-0.02,-0.3902943725152));
#6141=VECTOR('',#6906,0.1);
#6142=CARTESIAN_POINT('',(-1.475,-0.02,-0.565));
#6143=CARTESIAN_POINT('',(-1.475,-0.02,-0.3902943725152));
#6144=VECTOR('',#6907,0.1747056274848);
#6145=CARTESIAN_POINT('',(-1.375,-0.02,-0.565));
#6146=VECTOR('',#6908,0.1);
#6147=CARTESIAN_POINT('',(-1.475,0.03,-0.615));
#6148=AXIS2_PLACEMENT_3D('',#6909,#6910,#6911);
#6149=CARTESIAN_POINT('',(-1.375,0.03,-0.615));
#6150=VECTOR('',#6912,0.1);
#6151=CARTESIAN_POINT('',(-1.475,0.03,-0.615));
#6152=VECTOR('',#6913,0.09);
#6153=CARTESIAN_POINT('',(-1.475,0.01979184719829,0.3297918471983));
#6154=AXIS2_PLACEMENT_3D('',#6914,#6915,#6916);
#6155=CARTESIAN_POINT('',(-1.475,-0.005355339059327,0.3549390334559));
#6156=CARTESIAN_POINT('',(-1.475,-0.005355339059327,0.3549390334559));
#6157=VECTOR('',#6917,0.03556349186104);
#6158=CARTESIAN_POINT('',(-1.475,-0.02,0.3902943725152));
#6159=AXIS2_PLACEMENT_3D('',#6918,#6919,#6920);
#6160=CARTESIAN_POINT('',(-1.475,-0.02,0.565));
#6161=CARTESIAN_POINT('',(-1.475,-0.02,0.565));
#6162=VECTOR('',#6921,0.1747056274848);
#6163=CARTESIAN_POINT('',(-1.475,0.03,0.615));
#6164=AXIS2_PLACEMENT_3D('',#6922,#6923,#6924);
#6165=CARTESIAN_POINT('',(-1.475,0.12,0.615));
#6166=VECTOR('',#6925,0.09);
#6167=CARTESIAN_POINT('',(-1.375,0.03,0.615));
#6168=VECTOR('',#6926,0.1);
#6169=CARTESIAN_POINT('',(-1.375,-0.02,0.565));
#6170=VECTOR('',#6927,0.1);
#6171=CARTESIAN_POINT('',(-1.375,-0.02,0.3902943725152));
#6172=VECTOR('',#6928,0.1);
#6173=CARTESIAN_POINT('',(-1.375,-0.005355339059327,0.3549390334559));
#6174=VECTOR('',#6929,0.1);
#6175=CARTESIAN_POINT('',(-1.375,0.01979184719829,0.3297918471983));
#6176=VECTOR('',#6930,0.1);
#6177=DIRECTION('',(0.0,0.0,-1.0));
#6178=DIRECTION('',(1.0,0.0,0.0));
#6179=DIRECTION('',(0.0,0.0,-1.0));
#6180=DIRECTION('',(1.0,0.0,0.0));
#6181=DIRECTION('',(0.0,0.0,-1.0));
#6182=DIRECTION('',(1.0,0.0,0.0));
#6183=DIRECTION('',(0.0,0.0,-1.0));
#6184=DIRECTION('',(1.0,0.0,0.0));
#6185=DIRECTION('',(0.0,0.0,-1.0));
#6186=DIRECTION('',(1.0,0.0,0.0));
#6187=DIRECTION('',(0.0,0.0,-1.0));
#6188=DIRECTION('',(1.0,0.0,0.0));
#6189=DIRECTION('',(0.0,0.0,-1.0));
#6190=DIRECTION('',(1.0,0.0,0.0));
#6191=DIRECTION('',(0.0,0.0,-1.0));
#6192=DIRECTION('',(1.0,0.0,0.0));
#6193=DIRECTION('',(0.0,0.0,-1.0));
#6194=DIRECTION('',(1.0,0.0,0.0));
#6195=DIRECTION('',(0.0,0.0,-1.0));
#6196=DIRECTION('',(1.0,0.0,0.0));
#6197=DIRECTION('',(0.0,0.0,-1.0));
#6198=DIRECTION('',(1.0,0.0,0.0));
#6199=DIRECTION('',(0.0,0.0,-1.0));
#6200=DIRECTION('',(1.0,0.0,0.0));
#6201=DIRECTION('',(0.0,0.0,-1.0));
#6202=DIRECTION('',(1.0,0.0,0.0));
#6203=DIRECTION('',(0.0,0.0,-1.0));
#6204=DIRECTION('',(1.0,0.0,0.0));
#6205=DIRECTION('',(0.0,0.0,-1.0));
#6206=DIRECTION('',(1.0,0.0,0.0));
#6207=DIRECTION('',(0.0,0.0,-1.0));
#6208=DIRECTION('',(1.0,0.0,0.0));
#6209=DIRECTION('',(0.0,0.0,-1.0));
#6210=DIRECTION('',(1.0,0.0,0.0));
#6211=DIRECTION('',(0.0,0.0,-1.0));
#6212=DIRECTION('',(1.0,0.0,0.0));
#6213=DIRECTION('',(0.0,0.0,-1.0));
#6214=DIRECTION('',(1.0,0.0,0.0));
#6215=DIRECTION('',(0.0,0.0,-1.0));
#6216=DIRECTION('',(1.0,0.0,0.0));
#6217=DIRECTION('',(0.0,0.0,-1.0));
#6218=DIRECTION('',(1.0,0.0,0.0));
#6219=DIRECTION('',(0.0,0.0,-1.0));
#6220=DIRECTION('',(1.0,0.0,0.0));
#6221=DIRECTION('',(-0.554700196225229,-0.832050294337844,0.0));
#6222=DIRECTION('',(-1.0,0.0,0.0));
#6223=DIRECTION('',(0.0,1.0,0.0));
#6224=DIRECTION('',(0.0,1.0,0.0));
#6225=DIRECTION('',(-1.0,0.0,0.0));
#6226=DIRECTION('',(0.0,1.0,0.0));
#6227=DIRECTION('',(0.0,1.0,0.0));
#6228=DIRECTION('',(-1.0,0.0,0.0));
#6229=DIRECTION('',(0.0,1.0,0.0));
#6230=DIRECTION('',(0.0,1.0,0.0));
#6231=DIRECTION('',(-1.0,0.0,0.0));
#6232=DIRECTION('',(0.0,1.0,0.0));
#6233=DIRECTION('',(-1.0,0.0,0.0));
#6234=DIRECTION('',(0.554700196225229,-0.832050294337844,0.0));
#6235=DIRECTION('',(0.0,1.0,0.0));
#6236=DIRECTION('',(0.0,1.0,0.0));
#6237=DIRECTION('',(-1.0,0.0,0.0));
#6238=DIRECTION('',(0.0,1.0,0.0));
#6239=CARTESIAN_POINT('',(0.87,0.0,-0.87));
#6240=DIRECTION('',(1.0,0.0,-0.0));
#6241=DIRECTION('',(0.0,0.0,1.0));
#6242=DIRECTION('',(0.0,0.0,-1.0));
#6243=DIRECTION('',(0.0,1.0,0.0));
#6244=DIRECTION('',(0.0,0.0,1.0));
#6245=CARTESIAN_POINT('',(0.87,0.06,-0.91));
#6246=DIRECTION('',(1.0,0.0,0.0));
#6247=DIRECTION('',(0.0,0.0,-1.0));
#6248=DIRECTION('',(0.0,0.0,1.0));
#6249=DIRECTION('',(0.0,-0.6,0.8));
#6250=DIRECTION('',(0.0,-1.0,0.0));
#6251=DIRECTION('',(0.0,0.0,1.0));
#6252=CARTESIAN_POINT('',(0.87,0.06,0.91));
#6253=DIRECTION('',(1.0,0.0,0.0));
#6254=DIRECTION('',(0.0,1.0,0.0));
#6255=DIRECTION('',(0.0,0.0,1.0));
#6256=DIRECTION('',(0.0,-1.0,0.0));
#6257=DIRECTION('',(0.0,0.0,-1.0));
#6258=CARTESIAN_POINT('',(0.87,0.0,0.87));
#6259=DIRECTION('',(1.0,0.0,0.0));
#6260=DIRECTION('',(0.0,-1.0,0.0));
#6261=DIRECTION('',(0.0,0.6,0.8));
#6262=DIRECTION('',(-1.0,0.0,0.0));
#6263=DIRECTION('',(-0.554700196225229,-0.832050294337844,0.0));
#6264=DIRECTION('',(-1.0,0.0,0.0));
#6265=DIRECTION('',(0.0,-1.0,0.0));
#6266=DIRECTION('',(0.0,-1.0,0.0));
#6267=DIRECTION('',(-1.0,0.0,0.0));
#6268=DIRECTION('',(0.0,-1.0,0.0));
#6269=DIRECTION('',(0.0,-1.0,0.0));
#6270=DIRECTION('',(-1.0,0.0,0.0));
#6271=DIRECTION('',(0.0,-1.0,0.0));
#6272=DIRECTION('',(0.0,-1.0,0.0));
#6273=DIRECTION('',(0.554700196225229,-0.832050294337844,0.0));
#6274=DIRECTION('',(-1.0,0.0,0.0));
#6275=DIRECTION('',(0.0,-1.0,0.0));
#6276=DIRECTION('',(-1.0,0.0,0.0));
#6277=DIRECTION('',(0.0,-1.0,0.0));
#6278=DIRECTION('',(0.0,-1.0,0.0));
#6279=DIRECTION('',(0.554700196225229,0.832050294337844,0.0));
#6280=DIRECTION('',(0.371390676354093,0.55708601453119,0.742781352708187));
#6281=DIRECTION('',(-0.371390676354093,-0.55708601453119,0.742781352708187));
#6282=DIRECTION('',(0.554700196225229,0.832050294337844,0.0));
#6283=DIRECTION('',(0.0,0.0,-1.0));
#6284=DIRECTION('',(-0.426401432711221,-0.639602149066831,0.639602149066831));
#6285=DIRECTION('',(0.0,0.0,1.0));
#6286=DIRECTION('',(0.426401432711221,0.639602149066831,0.639602149066831));
#6287=DIRECTION('',(0.0,0.0,-1.0));
#6288=DIRECTION('',(-1.0,0.0,0.0));
#6289=DIRECTION('',(0.0,0.0,-1.0));
#6290=CARTESIAN_POINT('',(1.635,0.12,0.72));
#6291=DIRECTION('',(0.0,-1.0,0.0));
#6292=DIRECTION('',(1.0,0.0,0.0));
#6293=DIRECTION('',(1.0,0.0,0.0));
#6294=DIRECTION('',(-0.707106781186548,0.0,-0.707106781186548));
#6295=DIRECTION('',(0.0,0.0,-1.0));
#6296=DIRECTION('',(-1.0,0.0,0.0));
#6297=DIRECTION('',(1.0,0.0,0.0));
#6298=DIRECTION('',(0.0,0.0,-1.0));
#6299=DIRECTION('',(1.0,0.0,0.0));
#6300=DIRECTION('',(0.0,0.0,-1.0));
#6301=DIRECTION('',(-1.0,0.0,0.0));
#6302=DIRECTION('',(0.0,0.0,-1.0));
#6303=DIRECTION('',(0.707106781186548,0.0,-0.707106781186548));
#6304=DIRECTION('',(-1.0,0.0,0.0));
#6305=CARTESIAN_POINT('',(1.635,0.12,-0.72));
#6306=DIRECTION('',(0.0,-1.0,0.0));
#6307=DIRECTION('',(0.0,0.0,-1.0));
#6308=DIRECTION('',(0.0,0.0,-1.0));
#6309=DIRECTION('',(1.0,0.0,0.0));
#6310=DIRECTION('',(0.0,0.0,-1.0));
#6311=DIRECTION('',(1.0,0.0,0.0));
#6312=DIRECTION('',(0.0,0.0,-1.0));
#6313=DIRECTION('',(1.0,0.0,0.0));
#6314=DIRECTION('',(-1.0,0.0,0.0));
#6315=DIRECTION('',(-2.6645352591E-14,0.0,1.0));
#6316=DIRECTION('',(-0.707106781186548,0.0,0.707106781186548));
#6317=DIRECTION('',(1.0,0.0,0.0));
#6318=CARTESIAN_POINT('',(-1.635,0.12,0.72));
#6319=DIRECTION('',(0.0,-1.0,0.0));
#6320=DIRECTION('',(0.0,0.0,1.0));
#6321=DIRECTION('',(0.0,0.0,1.0));
#6322=DIRECTION('',(-1.0,0.0,0.0));
#6323=DIRECTION('',(0.0,0.0,-1.0));
#6324=DIRECTION('',(1.0,0.0,0.0));
#6325=DIRECTION('',(0.0,0.0,-1.0));
#6326=DIRECTION('',(-1.0,0.0,0.0));
#6327=DIRECTION('',(0.0,0.0,-1.0));
#6328=DIRECTION('',(1.0,0.0,0.0));
#6329=DIRECTION('',(0.0,0.0,1.0));
#6330=CARTESIAN_POINT('',(-1.635,0.12,-0.72));
#6331=DIRECTION('',(0.0,-1.0,0.0));
#6332=DIRECTION('',(-1.0,0.0,0.0));
#6333=DIRECTION('',(-1.0,0.0,0.0));
#6334=DIRECTION('',(0.707106781186548,0.0,0.707106781186548));
#6335=DIRECTION('',(0.0,0.0,1.0));
#6336=DIRECTION('',(-1.0,0.0,0.0));
#6337=DIRECTION('',(0.0,0.0,-1.0));
#6338=DIRECTION('',(-1.0,0.0,0.0));
#6339=DIRECTION('',(0.0,0.0,-1.0));
#6340=DIRECTION('',(1.0,0.0,0.0));
#6341=DIRECTION('',(0.0,0.0,-1.0));
#6342=DIRECTION('',(-1.0,0.0,0.0));
#6343=DIRECTION('',(1.0,0.0,0.0));
#6344=DIRECTION('',(-1.0,0.0,0.0));
#6345=DIRECTION('',(1.0,0.0,0.0));
#6346=DIRECTION('',(-1.0,0.0,0.0));
#6347=DIRECTION('',(1.0,0.0,0.0));
#6348=DIRECTION('',(-1.0,0.0,0.0));
#6349=DIRECTION('',(1.0,0.0,0.0));
#6350=DIRECTION('',(-1.0,0.0,0.0));
#6351=DIRECTION('',(0.0,-1.0,0.0));
#6352=DIRECTION('',(1.0,0.0,0.0));
#6353=DIRECTION('',(0.0,-1.0,0.0));
#6354=DIRECTION('',(-0.554700196225229,0.832050294337844,0.0));
#6355=DIRECTION('',(-1.0,0.0,0.0));
#6356=DIRECTION('',(1.0,0.0,0.0));
#6357=DIRECTION('',(0.0,0.0,1.0));
#6358=DIRECTION('',(1.0,0.0,0.0));
#6359=DIRECTION('',(0.0,0.0,1.0));
#6360=CARTESIAN_POINT('',(-0.73,0.0,-0.87));
#6361=DIRECTION('',(1.0,0.0,-0.0));
#6362=DIRECTION('',(0.0,0.0,1.0));
#6363=DIRECTION('',(0.0,0.0,-1.0));
#6364=DIRECTION('',(0.0,1.0,0.0));
#6365=DIRECTION('',(0.0,0.0,1.0));
#6366=CARTESIAN_POINT('',(-0.73,0.06,-0.91));
#6367=DIRECTION('',(1.0,0.0,0.0));
#6368=DIRECTION('',(0.0,0.0,-1.0));
#6369=DIRECTION('',(0.0,0.0,1.0));
#6370=DIRECTION('',(0.0,-0.6,0.8));
#6371=CARTESIAN_POINT('',(-0.73,0.06,0.91));
#6372=DIRECTION('',(1.0,0.0,0.0));
#6373=DIRECTION('',(0.0,1.0,0.0));
#6374=DIRECTION('',(0.0,0.0,1.0));
#6375=DIRECTION('',(0.0,-1.0,0.0));
#6376=DIRECTION('',(0.0,0.0,-1.0));
#6377=CARTESIAN_POINT('',(-0.73,0.0,0.87));
#6378=DIRECTION('',(1.0,0.0,0.0));
#6379=DIRECTION('',(0.0,-1.0,0.0));
#6380=DIRECTION('',(0.0,0.6,0.8));
#6381=DIRECTION('',(-1.0,0.0,0.0));
#6382=DIRECTION('',(-1.0,0.0,0.0));
#6383=DIRECTION('',(0.0,-0.6,0.8));
#6384=DIRECTION('',(0.0,-0.6,0.8));
#6385=DIRECTION('',(-1.0,0.0,0.0));
#6386=DIRECTION('',(0.0,-0.6,0.8));
#6387=DIRECTION('',(0.0,-0.6,0.8));
#6388=DIRECTION('',(-1.0,0.0,0.0));
#6389=DIRECTION('',(0.0,-0.6,0.8));
#6390=DIRECTION('',(0.0,-0.6,0.8));
#6391=DIRECTION('',(0.371390676354093,-0.55708601453119,0.742781352708187));
#6392=DIRECTION('',(-1.0,0.0,0.0));
#6393=DIRECTION('',(0.0,-0.6,0.8));
#6394=DIRECTION('',(-1.0,0.0,0.0));
#6395=DIRECTION('',(0.0,-0.6,0.8));
#6396=DIRECTION('',(-0.554700196225229,0.832050294337844,0.0));
#6397=DIRECTION('',(0.0,-1.0,0.0));
#6398=DIRECTION('',(-1.0,0.0,0.0));
#6399=DIRECTION('',(0.0,-1.0,0.0));
#6400=DIRECTION('',(1.0,0.0,0.0));
#6401=DIRECTION('',(1.0,0.0,0.0));
#6402=DIRECTION('',(1.0,0.0,0.0));
#6403=DIRECTION('',(1.0,0.0,0.0));
#6404=DIRECTION('',(1.0,0.0,0.0));
#6405=DIRECTION('',(1.0,0.0,0.0));
#6406=DIRECTION('',(0.0,0.0,1.0));
#6407=CARTESIAN_POINT('',(-0.87,0.06,-0.91));
#6408=DIRECTION('',(1.0,0.0,0.0));
#6409=DIRECTION('',(0.0,0.0,-1.0));
#6410=DIRECTION('',(0.0,0.0,1.0));
#6411=DIRECTION('',(0.0,1.0,0.0));
#6412=DIRECTION('',(0.0,0.0,-1.0));
#6413=CARTESIAN_POINT('',(-0.87,0.0,-0.87));
#6414=DIRECTION('',(1.0,0.0,-0.0));
#6415=DIRECTION('',(0.0,0.0,1.0));
#6416=CARTESIAN_POINT('',(-0.87,0.0,0.87));
#6417=DIRECTION('',(1.0,0.0,0.0));
#6418=DIRECTION('',(0.0,-1.0,0.0));
#6419=DIRECTION('',(0.0,0.0,-1.0));
#6420=DIRECTION('',(0.0,-1.0,0.0));
#6421=DIRECTION('',(0.0,0.0,1.0));
#6422=CARTESIAN_POINT('',(-0.87,0.06,0.91));
#6423=DIRECTION('',(1.0,0.0,0.0));
#6424=DIRECTION('',(0.0,1.0,0.0));
#6425=DIRECTION('',(0.0,0.6,0.8));
#6426=DIRECTION('',(1.0,0.0,0.0));
#6427=DIRECTION('',(1.0,0.0,0.0));
#6428=DIRECTION('',(1.0,0.0,0.0));
#6429=DIRECTION('',(1.0,0.0,0.0));
#6430=DIRECTION('',(0.0,0.6,0.8));
#6431=DIRECTION('',(0.0,0.6,0.8));
#6432=DIRECTION('',(0.0,0.6,0.8));
#6433=DIRECTION('',(0.0,0.6,0.8));
#6434=DIRECTION('',(0.0,0.6,0.8));
#6435=DIRECTION('',(0.0,0.6,0.8));
#6436=DIRECTION('',(-0.371390676354093,0.55708601453119,0.742781352708187));
#6437=DIRECTION('',(0.0,0.6,0.8));
#6438=CARTESIAN_POINT('',(0.47,0.0,-0.87));
#6439=DIRECTION('',(1.0,0.0,-0.0));
#6440=DIRECTION('',(0.0,0.0,1.0));
#6441=DIRECTION('',(0.0,0.0,-1.0));
#6442=DIRECTION('',(0.0,1.0,0.0));
#6443=DIRECTION('',(0.0,0.0,1.0));
#6444=CARTESIAN_POINT('',(0.47,0.06,-0.91));
#6445=DIRECTION('',(1.0,0.0,0.0));
#6446=DIRECTION('',(0.0,0.0,-1.0));
#6447=DIRECTION('',(0.0,0.0,1.0));
#6448=DIRECTION('',(0.0,0.0,1.0));
#6449=CARTESIAN_POINT('',(0.47,0.06,0.91));
#6450=DIRECTION('',(1.0,0.0,0.0));
#6451=DIRECTION('',(0.0,1.0,0.0));
#6452=DIRECTION('',(0.0,0.0,1.0));
#6453=DIRECTION('',(0.0,-1.0,0.0));
#6454=DIRECTION('',(0.0,0.0,-1.0));
#6455=CARTESIAN_POINT('',(0.47,0.0,0.87));
#6456=DIRECTION('',(1.0,0.0,0.0));
#6457=DIRECTION('',(0.0,-1.0,0.0));
#6458=DIRECTION('',(1.0,0.0,0.0));
#6459=DIRECTION('',(0.0,0.0,1.0));
#6460=CARTESIAN_POINT('',(0.33,0.06,-0.91));
#6461=DIRECTION('',(1.0,0.0,0.0));
#6462=DIRECTION('',(0.0,0.0,-1.0));
#6463=DIRECTION('',(0.0,0.0,1.0));
#6464=DIRECTION('',(0.0,1.0,0.0));
#6465=DIRECTION('',(0.0,0.0,-1.0));
#6466=CARTESIAN_POINT('',(0.33,0.0,-0.87));
#6467=DIRECTION('',(1.0,0.0,-0.0));
#6468=DIRECTION('',(0.0,0.0,1.0));
#6469=CARTESIAN_POINT('',(0.33,0.0,0.87));
#6470=DIRECTION('',(1.0,0.0,0.0));
#6471=DIRECTION('',(0.0,-1.0,0.0));
#6472=DIRECTION('',(0.0,0.0,-1.0));
#6473=DIRECTION('',(0.0,-1.0,0.0));
#6474=DIRECTION('',(0.0,0.0,1.0));
#6475=CARTESIAN_POINT('',(0.33,0.06,0.91));
#6476=DIRECTION('',(1.0,0.0,0.0));
#6477=DIRECTION('',(0.0,1.0,0.0));
#6478=DIRECTION('',(0.0,0.0,1.0));
#6479=DIRECTION('',(1.0,0.0,0.0));
#6480=DIRECTION('',(1.0,0.0,0.0));
#6481=DIRECTION('',(1.0,0.0,0.0));
#6482=DIRECTION('',(1.0,0.0,0.0));
#6483=DIRECTION('',(1.0,0.0,0.0));
#6484=DIRECTION('',(1.0,0.0,0.0));
#6485=DIRECTION('',(1.0,0.0,0.0));
#6486=DIRECTION('',(1.0,0.0,0.0));
#6487=DIRECTION('',(1.0,0.0,0.0));
#6488=DIRECTION('',(0.0,0.0,1.0));
#6489=CARTESIAN_POINT('',(0.73,0.06,-0.91));
#6490=DIRECTION('',(1.0,0.0,0.0));
#6491=DIRECTION('',(0.0,0.0,-1.0));
#6492=DIRECTION('',(0.0,0.0,1.0));
#6493=DIRECTION('',(0.0,1.0,0.0));
#6494=DIRECTION('',(0.0,0.0,-1.0));
#6495=CARTESIAN_POINT('',(0.73,0.0,-0.87));
#6496=DIRECTION('',(1.0,0.0,-0.0));
#6497=DIRECTION('',(0.0,0.0,1.0));
#6498=CARTESIAN_POINT('',(0.73,0.0,0.87));
#6499=DIRECTION('',(1.0,0.0,0.0));
#6500=DIRECTION('',(0.0,-1.0,0.0));
#6501=DIRECTION('',(0.0,0.0,-1.0));
#6502=DIRECTION('',(0.0,-1.0,0.0));
#6503=DIRECTION('',(0.0,0.0,1.0));
#6504=CARTESIAN_POINT('',(0.73,0.06,0.91));
#6505=DIRECTION('',(1.0,0.0,0.0));
#6506=DIRECTION('',(0.0,1.0,0.0));
#6507=DIRECTION('',(0.0,0.0,1.0));
#6508=DIRECTION('',(1.0,0.0,0.0));
#6509=DIRECTION('',(1.0,0.0,0.0));
#6510=DIRECTION('',(1.0,0.0,0.0));
#6511=DIRECTION('',(1.0,0.0,0.0));
#6512=DIRECTION('',(1.0,0.0,0.0));
#6513=DIRECTION('',(1.0,0.0,0.0));
#6514=DIRECTION('',(1.0,0.0,0.0));
#6515=DIRECTION('',(1.0,0.0,0.0));
#6516=DIRECTION('',(1.0,0.0,0.0));
#6517=DIRECTION('',(1.0,0.0,0.0));
#6518=CARTESIAN_POINT('',(0.07,0.0,-0.87));
#6519=DIRECTION('',(1.0,0.0,-0.0));
#6520=DIRECTION('',(0.0,0.0,1.0));
#6521=DIRECTION('',(0.0,0.0,-1.0));
#6522=DIRECTION('',(0.0,1.0,0.0));
#6523=DIRECTION('',(0.0,0.0,1.0));
#6524=CARTESIAN_POINT('',(0.07,0.06,-0.91));
#6525=DIRECTION('',(1.0,0.0,0.0));
#6526=DIRECTION('',(0.0,0.0,-1.0));
#6527=DIRECTION('',(0.0,0.0,1.0));
#6528=DIRECTION('',(0.0,0.0,1.0));
#6529=CARTESIAN_POINT('',(0.07,0.06,0.91));
#6530=DIRECTION('',(1.0,0.0,0.0));
#6531=DIRECTION('',(0.0,1.0,0.0));
#6532=DIRECTION('',(0.0,0.0,1.0));
#6533=DIRECTION('',(0.0,-1.0,0.0));
#6534=DIRECTION('',(0.0,0.0,-1.0));
#6535=CARTESIAN_POINT('',(0.07,0.0,0.87));
#6536=DIRECTION('',(1.0,0.0,0.0));
#6537=DIRECTION('',(0.0,-1.0,0.0));
#6538=DIRECTION('',(1.0,0.0,0.0));
#6539=DIRECTION('',(0.0,0.0,1.0));
#6540=CARTESIAN_POINT('',(-0.07,0.06,-0.91));
#6541=DIRECTION('',(1.0,0.0,0.0));
#6542=DIRECTION('',(0.0,0.0,-1.0));
#6543=DIRECTION('',(0.0,0.0,1.0));
#6544=DIRECTION('',(0.0,1.0,0.0));
#6545=DIRECTION('',(0.0,0.0,-1.0));
#6546=CARTESIAN_POINT('',(-0.07,0.0,-0.87));
#6547=DIRECTION('',(1.0,0.0,-0.0));
#6548=DIRECTION('',(0.0,0.0,1.0));
#6549=CARTESIAN_POINT('',(-0.07,0.0,0.87));
#6550=DIRECTION('',(1.0,0.0,0.0));
#6551=DIRECTION('',(0.0,-1.0,0.0));
#6552=DIRECTION('',(0.0,0.0,-1.0));
#6553=DIRECTION('',(0.0,-1.0,0.0));
#6554=DIRECTION('',(0.0,0.0,1.0));
#6555=CARTESIAN_POINT('',(-0.07,0.06,0.91));
#6556=DIRECTION('',(1.0,0.0,0.0));
#6557=DIRECTION('',(0.0,1.0,0.0));
#6558=DIRECTION('',(0.0,0.0,1.0));
#6559=DIRECTION('',(1.0,0.0,0.0));
#6560=DIRECTION('',(1.0,0.0,0.0));
#6561=DIRECTION('',(1.0,0.0,0.0));
#6562=DIRECTION('',(1.0,0.0,0.0));
#6563=DIRECTION('',(1.0,0.0,0.0));
#6564=DIRECTION('',(1.0,0.0,0.0));
#6565=DIRECTION('',(1.0,0.0,0.0));
#6566=DIRECTION('',(1.0,0.0,0.0));
#6567=DIRECTION('',(1.0,0.0,0.0));
#6568=CARTESIAN_POINT('',(-0.33,0.0,-0.87));
#6569=DIRECTION('',(1.0,0.0,-0.0));
#6570=DIRECTION('',(0.0,0.0,1.0));
#6571=DIRECTION('',(0.0,0.0,-1.0));
#6572=DIRECTION('',(0.0,1.0,0.0));
#6573=DIRECTION('',(0.0,0.0,1.0));
#6574=CARTESIAN_POINT('',(-0.33,0.06,-0.91));
#6575=DIRECTION('',(1.0,0.0,0.0));
#6576=DIRECTION('',(0.0,0.0,-1.0));
#6577=DIRECTION('',(0.0,0.0,1.0));
#6578=DIRECTION('',(0.0,0.0,1.0));
#6579=CARTESIAN_POINT('',(-0.33,0.06,0.91));
#6580=DIRECTION('',(1.0,0.0,0.0));
#6581=DIRECTION('',(0.0,1.0,0.0));
#6582=DIRECTION('',(0.0,0.0,1.0));
#6583=DIRECTION('',(0.0,-1.0,0.0));
#6584=DIRECTION('',(0.0,0.0,-1.0));
#6585=CARTESIAN_POINT('',(-0.33,0.0,0.87));
#6586=DIRECTION('',(1.0,0.0,0.0));
#6587=DIRECTION('',(0.0,-1.0,0.0));
#6588=DIRECTION('',(1.0,0.0,0.0));
#6589=DIRECTION('',(0.0,0.0,1.0));
#6590=CARTESIAN_POINT('',(-0.47,0.06,-0.91));
#6591=DIRECTION('',(1.0,0.0,0.0));
#6592=DIRECTION('',(0.0,0.0,-1.0));
#6593=DIRECTION('',(0.0,0.0,1.0));
#6594=DIRECTION('',(0.0,1.0,0.0));
#6595=DIRECTION('',(0.0,0.0,-1.0));
#6596=CARTESIAN_POINT('',(-0.47,0.0,-0.87));
#6597=DIRECTION('',(1.0,0.0,-0.0));
#6598=DIRECTION('',(0.0,0.0,1.0));
#6599=CARTESIAN_POINT('',(-0.47,0.0,0.87));
#6600=DIRECTION('',(1.0,0.0,0.0));
#6601=DIRECTION('',(0.0,-1.0,0.0));
#6602=DIRECTION('',(0.0,0.0,-1.0));
#6603=DIRECTION('',(0.0,-1.0,0.0));
#6604=DIRECTION('',(0.0,0.0,1.0));
#6605=CARTESIAN_POINT('',(-0.47,0.06,0.91));
#6606=DIRECTION('',(1.0,0.0,0.0));
#6607=DIRECTION('',(0.0,1.0,0.0));
#6608=DIRECTION('',(0.0,0.0,1.0));
#6609=DIRECTION('',(1.0,0.0,0.0));
#6610=DIRECTION('',(1.0,0.0,0.0));
#6611=DIRECTION('',(1.0,0.0,0.0));
#6612=DIRECTION('',(1.0,0.0,0.0));
#6613=DIRECTION('',(1.0,0.0,0.0));
#6614=DIRECTION('',(1.0,0.0,0.0));
#6615=DIRECTION('',(1.0,0.0,0.0));
#6616=DIRECTION('',(1.0,0.0,0.0));
#6617=DIRECTION('',(1.0,0.0,0.0));
#6618=DIRECTION('',(0.426401432711221,-0.639602149066831,-0.639602149066831));
#6619=DIRECTION('',(0.0,0.0,1.0));
#6620=DIRECTION('',(-0.426401432711221,0.639602149066831,-0.639602149066831));
#6621=DIRECTION('',(1.0,0.0,0.0));
#6622=DIRECTION('',(0.0,-0.707106781186547,0.707106781186547));
#6623=DIRECTION('',(0.0,-1.0,0.0));
#6624=DIRECTION('',(0.0,0.0,-1.0));
#6625=DIRECTION('',(0.0,0.707106781186547,0.707106781186547));
#6626=DIRECTION('',(0.0,-1.0,0.0));
#6627=DIRECTION('',(0.0,0.0,1.0));
#6628=DIRECTION('',(0.577350269189626,0.577350269189626,-0.577350269189626));
#6629=DIRECTION('',(0.0,0.0,1.0));
#6630=DIRECTION('',(0.577350269189626,0.577350269189626,0.577350269189626));
#6631=DIRECTION('',(0.0,-1.0,0.0));
#6632=DIRECTION('',(1.0,0.0,0.0));
#6633=DIRECTION('',(1.0,0.0,0.0));
#6634=DIRECTION('',(-0.577350269189626,-0.577350269189626,0.577350269189626));
#6635=DIRECTION('',(0.0,-0.707106781186548,0.707106781186548));
#6636=DIRECTION('',(0.0,-1.0,0.0));
#6637=CARTESIAN_POINT('',(-1.07,0.54,0.59));
#6638=DIRECTION('',(-1.0,0.0,0.0));
#6639=DIRECTION('',(0.0,0.0,1.0));
#6640=DIRECTION('',(0.0,0.0,-1.0));
#6641=DIRECTION('',(1.0,0.0,0.0));
#6642=DIRECTION('',(0.0,0.0,1.0));
#6643=DIRECTION('',(1.0,0.0,0.0));
#6644=DIRECTION('',(0.0,0.0,-1.0));
#6645=DIRECTION('',(-1.0,0.0,0.0));
#6646=DIRECTION('',(0.0,0.0,1.0));
#6647=DIRECTION('',(-1.0,0.0,0.0));
#6648=DIRECTION('',(0.0,0.0,-1.0));
#6649=DIRECTION('',(-1.0,0.0,0.0));
#6650=DIRECTION('',(5.548736074356E-12,0.0,1.0));
#6651=CARTESIAN_POINT('',(1.02,0.66,0.28));
#6652=DIRECTION('',(0.0,-1.0,0.0));
#6653=DIRECTION('',(1.0,0.0,0.0));
#6654=DIRECTION('',(-1.0,0.0,1.523291297065E-12));
#6655=CARTESIAN_POINT('',(-1.02,0.66,0.28));
#6656=DIRECTION('',(0.0,-1.0,0.0));
#6657=DIRECTION('',(0.0,0.0,1.0));
#6658=DIRECTION('',(-5.548736074356E-12,0.0,-1.0));
#6659=CARTESIAN_POINT('',(-1.02,0.66,-0.28));
#6660=DIRECTION('',(0.0,-1.0,0.0));
#6661=DIRECTION('',(-1.0,0.0,0.0));
#6662=DIRECTION('',(1.0,0.0,-1.523291297065E-12));
#6663=CARTESIAN_POINT('',(1.02,0.66,-0.28));
#6664=DIRECTION('',(0.0,-1.0,0.0));
#6665=DIRECTION('',(0.0,0.0,-1.0));
#6666=CARTESIAN_POINT('',(1.02,0.54,-0.52));
#6667=DIRECTION('',(1.0,0.0,0.0));
#6668=DIRECTION('',(0.0,1.0,0.0));
#6669=CARTESIAN_POINT('',(1.02,0.54,-0.28));
#6670=DIRECTION('',(0.0,-1.0,0.0));
#6671=DIRECTION('',(0.0,0.0,-1.0));
#6672=CARTESIAN_POINT('',(1.26,0.54,-0.28));
#6673=DIRECTION('',(0.0,-0.0,1.0));
#6674=DIRECTION('',(0.0,1.0,0.0));
#6675=DIRECTION('',(0.0,0.0,1.0));
#6676=CARTESIAN_POINT('',(1.26,0.54,0.28));
#6677=DIRECTION('',(0.0,-0.0,1.0));
#6678=DIRECTION('',(0.0,1.0,0.0));
#6679=CARTESIAN_POINT('',(1.02,0.54,0.28));
#6680=DIRECTION('',(0.0,-1.0,0.0));
#6681=DIRECTION('',(1.0,0.0,0.0));
#6682=CARTESIAN_POINT('',(1.02,0.54,0.52));
#6683=DIRECTION('',(-1.0,0.0,0.0));
#6684=DIRECTION('',(0.0,1.0,0.0));
#6685=DIRECTION('',(-1.0,0.0,0.0));
#6686=CARTESIAN_POINT('',(-1.02,0.54,0.52));
#6687=DIRECTION('',(-1.0,0.0,0.0));
#6688=DIRECTION('',(0.0,1.0,0.0));
#6689=CARTESIAN_POINT('',(-1.02,0.54,0.28));
#6690=DIRECTION('',(0.0,-1.0,0.0));
#6691=DIRECTION('',(0.0,0.0,1.0));
#6692=CARTESIAN_POINT('',(-1.26,0.54,0.28));
#6693=DIRECTION('',(0.0,0.0,-1.0));
#6694=DIRECTION('',(0.0,1.0,0.0));
#6695=DIRECTION('',(0.0,0.0,-1.0));
#6696=CARTESIAN_POINT('',(-1.26,0.54,-0.28));
#6697=DIRECTION('',(0.0,0.0,-1.0));
#6698=DIRECTION('',(0.0,1.0,0.0));
#6699=CARTESIAN_POINT('',(-1.02,0.54,-0.28));
#6700=DIRECTION('',(0.0,-1.0,0.0));
#6701=DIRECTION('',(-1.0,0.0,0.0));
#6702=CARTESIAN_POINT('',(-1.02,0.54,-0.52));
#6703=DIRECTION('',(1.0,0.0,0.0));
#6704=DIRECTION('',(0.0,1.0,0.0));
#6705=DIRECTION('',(1.0,0.0,0.0));
#6706=DIRECTION('',(-2.81051535321E-11,-1.0,0.0));
#6707=DIRECTION('',(1.0,0.0,0.0));
#6708=DIRECTION('',(7.886682759853E-11,-1.0,0.0));
#6709=CARTESIAN_POINT('',(1.02,0.15,-0.28));
#6710=DIRECTION('',(0.0,-1.0,0.0));
#6711=DIRECTION('',(0.0,0.0,-1.0));
#6712=DIRECTION('',(0.0,-1.0,-3.308551349557E-11));
#6713=DIRECTION('',(0.0,0.0,1.0));
#6714=DIRECTION('',(0.0,-1.0,9.579021603701E-11));
#6715=CARTESIAN_POINT('',(1.02,0.15,0.28));
#6716=DIRECTION('',(0.0,-1.0,0.0));
#6717=DIRECTION('',(0.416666666666698,0.0,0.909059342886295));
#6718=DIRECTION('',(2.820421958661E-11,-1.0,0.0));
#6719=DIRECTION('',(-1.0,0.0,0.0));
#6720=DIRECTION('',(-7.886967432423E-11,-1.0,0.0));
#6721=CARTESIAN_POINT('',(-1.02,0.15,0.28));
#6722=DIRECTION('',(0.0,-1.0,0.0));
#6723=DIRECTION('',(0.0,0.0,1.0));
#6724=DIRECTION('',(0.0,-1.0,3.308499307852E-11));
#6725=DIRECTION('',(0.0,0.0,-1.0));
#6726=DIRECTION('',(0.0,-1.0,-9.579021603701E-11));
#6727=CARTESIAN_POINT('',(-1.02,0.15,-0.28));
#6728=DIRECTION('',(0.0,-1.0,-0.0));
#6729=DIRECTION('',(-0.416666666666698,0.0,-0.909059342886295));
#6730=CARTESIAN_POINT('',(-1.02,0.12,-0.28));
#6731=DIRECTION('',(0.0,-1.0,-0.0));
#6732=DIRECTION('',(-0.222222222222194,0.0,-0.974996043043575));
#6733=CARTESIAN_POINT('',(-1.02,0.15,-0.37));
#6734=DIRECTION('',(1.0,0.0,0.0));
#6735=DIRECTION('',(0.0,-1.0,0.0));
#6736=DIRECTION('',(0.0,0.0,-1.0));
#6737=DIRECTION('',(1.0,0.0,0.0));
#6738=CARTESIAN_POINT('',(-1.02,0.12,0.28));
#6739=DIRECTION('',(0.0,-1.0,0.0));
#6740=DIRECTION('',(0.0,0.0,1.0));
#6741=DIRECTION('',(-1.0,0.0,0.0));
#6742=CARTESIAN_POINT('',(1.02,0.12,0.28));
#6743=DIRECTION('',(0.0,-1.0,0.0));
#6744=DIRECTION('',(0.222222222222194,0.0,0.974996043043575));
#6745=DIRECTION('',(0.0,0.0,1.0));
#6746=CARTESIAN_POINT('',(1.02,0.12,-0.28));
#6747=DIRECTION('',(0.0,-1.0,0.0));
#6748=DIRECTION('',(0.0,0.0,-1.0));
#6749=CARTESIAN_POINT('',(1.02,0.15,-0.37));
#6750=DIRECTION('',(1.0,0.0,0.0));
#6751=DIRECTION('',(0.0,-1.0,0.0));
#6752=CARTESIAN_POINT('',(1.02,0.15,0.37));
#6753=DIRECTION('',(-1.0,0.0,0.0));
#6754=DIRECTION('',(0.0,-1.0,0.0));
#6755=CARTESIAN_POINT('',(-1.02,0.15,0.37));
#6756=DIRECTION('',(-1.0,0.0,0.0));
#6757=DIRECTION('',(0.0,-1.0,0.0));
#6758=DIRECTION('',(-1.0,0.0,0.0));
#6759=DIRECTION('',(0.0,0.707106781186548,0.707106781186548));
#6760=DIRECTION('',(0.577350269189626,0.577350269189626,0.577350269189626));
#6761=DIRECTION('',(0.0,-1.0,0.0));
#6762=DIRECTION('',(0.0,1.0,0.0));
#6763=DIRECTION('',(0.0,-1.0,0.0));
#6764=DIRECTION('',(0.0,-1.0,0.0));
#6765=DIRECTION('',(0.0,1.0,0.0));
#6766=DIRECTION('',(-1.0,0.0,0.0));
#6767=DIRECTION('',(-0.577350269189626,0.577350269189626,0.577350269189626));
#6768=DIRECTION('',(0.577350269189626,-0.577350269189626,-0.577350269189626));
#6769=DIRECTION('',(0.0,-0.707106781186548,-0.707106781186548));
#6770=DIRECTION('',(0.0,-1.0,0.0));
#6771=CARTESIAN_POINT('',(1.07,0.54,-0.59));
#6772=DIRECTION('',(1.0,0.0,0.0));
#6773=DIRECTION('',(0.0,0.0,-1.0));
#6774=CARTESIAN_POINT('',(-1.07,0.54,-0.59));
#6775=DIRECTION('',(-1.0,0.0,0.0));
#6776=DIRECTION('',(0.0,1.0,0.0));
#6777=DIRECTION('',(0.0,-1.0,0.0));
#6778=DIRECTION('',(0.0,-1.0,0.0));
#6779=DIRECTION('',(0.0,-0.707106781186547,-0.707106781186547));
#6780=DIRECTION('',(0.0,0.0,1.0));
#6781=DIRECTION('',(0.0,0.707106781186547,-0.707106781186547));
#6782=DIRECTION('',(0.0,0.0,-1.0));
#6783=DIRECTION('',(-0.577350269189626,0.577350269189626,-0.577350269189626));
#6784=DIRECTION('',(0.0,-1.0,0.0));
#6785=DIRECTION('',(0.0,1.0,0.0));
#6786=DIRECTION('',(0.0,1.0,0.0));
#6787=DIRECTION('',(1.0,0.0,0.0));
#6788=DIRECTION('',(0.0,0.707106781186548,-0.707106781186548));
#6789=DIRECTION('',(-0.577350269189626,0.577350269189626,-0.577350269189626));
#6790=DIRECTION('',(0.0,-1.0,0.0));
#6791=CARTESIAN_POINT('',(1.07,0.54,0.59));
#6792=DIRECTION('',(1.0,0.0,0.0));
#6793=DIRECTION('',(0.0,1.0,0.0));
#6794=DIRECTION('',(1.0,0.0,0.0));
#6795=DIRECTION('',(-1.0,0.0,0.0));
#6796=CARTESIAN_POINT('',(-1.485,0.08,0.0));
#6797=DIRECTION('',(0.0,-1.0,0.0));
#6798=DIRECTION('',(-1.0,0.0,0.0));
#6799=CARTESIAN_POINT('',(-1.485,0.08,0.0));
#6800=DIRECTION('',(0.0,-1.0,0.0));
#6801=DIRECTION('',(1.0,0.0,0.0));
#6802=DIRECTION('',(-1.0,0.0,0.0));
#6803=DIRECTION('',(0.0,-1.0,0.0));
#6804=CARTESIAN_POINT('',(-1.485,0.075,0.0));
#6805=DIRECTION('',(0.0,-1.0,0.0));
#6806=DIRECTION('',(1.0,0.0,0.0));
#6807=DIRECTION('',(0.0,-1.0,0.0));
#6808=CARTESIAN_POINT('',(-1.485,0.075,0.0));
#6809=DIRECTION('',(0.0,-1.0,0.0));
#6810=DIRECTION('',(-1.0,0.0,0.0));
#6811=DIRECTION('',(1.0,0.0,0.0));
#6812=DIRECTION('',(1.0,0.0,0.0));
#6813=DIRECTION('',(1.0,0.0,0.0));
#6814=DIRECTION('',(1.0,0.0,0.0));
#6815=CARTESIAN_POINT('',(1.375,0.14,0.45));
#6816=DIRECTION('',(1.0,0.0,0.0));
#6817=DIRECTION('',(0.0,-0.707106781186547,-0.707106781186547));
#6818=DIRECTION('',(0.0,0.707106781186547,-0.707106781186547));
#6819=CARTESIAN_POINT('',(1.375,0.03,0.3902943725152));
#6820=DIRECTION('',(1.0,0.0,0.0));
#6821=DIRECTION('',(0.0,-1.0,0.0));
#6822=DIRECTION('',(0.0,0.0,-1.0));
#6823=CARTESIAN_POINT('',(1.375,0.03,0.565));
#6824=DIRECTION('',(1.0,0.0,-0.0));
#6825=DIRECTION('',(0.0,0.0,1.0));
#6826=DIRECTION('',(0.0,-1.0,0.0));
#6827=DIRECTION('',(0.0,1.0,0.0));
#6828=CARTESIAN_POINT('',(1.375,0.03,-0.565));
#6829=DIRECTION('',(1.0,0.0,0.0));
#6830=DIRECTION('',(0.0,-1.0,0.0));
#6831=DIRECTION('',(0.0,0.0,-1.0));
#6832=CARTESIAN_POINT('',(1.375,0.03,-0.3902943725152));
#6833=DIRECTION('',(1.0,0.0,0.0));
#6834=DIRECTION('',(0.0,-0.707106781186548,0.707106781186548));
#6835=DIRECTION('',(0.0,-0.707106781186547,-0.707106781186547));
#6836=CARTESIAN_POINT('',(1.375,0.14,-0.45));
#6837=DIRECTION('',(1.0,0.0,0.0));
#6838=DIRECTION('',(0.0,-0.117647058823501,0.993055471537305));
#6839=DIRECTION('',(1.0,0.0,0.0));
#6840=DIRECTION('',(0.0,-1.0,0.0));
#6841=CARTESIAN_POINT('',(1.475,0.03,0.565));
#6842=DIRECTION('',(1.0,0.0,-0.0));
#6843=DIRECTION('',(0.0,0.0,1.0));
#6844=DIRECTION('',(0.0,0.0,-1.0));
#6845=CARTESIAN_POINT('',(1.475,0.03,0.3902943725152));
#6846=DIRECTION('',(1.0,0.0,0.0));
#6847=DIRECTION('',(0.0,-1.0,0.0));
#6848=DIRECTION('',(0.0,0.707106781186547,-0.707106781186547));
#6849=CARTESIAN_POINT('',(1.475,0.14,0.45));
#6850=DIRECTION('',(1.0,0.0,0.0));
#6851=DIRECTION('',(0.0,-0.707106781186547,-0.707106781186547));
#6852=DIRECTION('',(0.0,-0.707106781186547,-0.707106781186547));
#6853=CARTESIAN_POINT('',(1.475,0.03,-0.3902943725152));
#6854=DIRECTION('',(1.0,0.0,0.0));
#6855=DIRECTION('',(0.0,-0.707106781186548,0.707106781186548));
#6856=DIRECTION('',(0.0,0.0,-1.0));
#6857=CARTESIAN_POINT('',(1.475,0.03,-0.565));
#6858=DIRECTION('',(1.0,0.0,0.0));
#6859=DIRECTION('',(0.0,-1.0,0.0));
#6860=DIRECTION('',(0.0,1.0,0.0));
#6861=CARTESIAN_POINT('',(1.475,0.14,-0.45));
#6862=DIRECTION('',(1.0,0.0,0.0));
#6863=DIRECTION('',(0.0,-0.117647058823501,0.993055471537305));
#6864=DIRECTION('',(1.0,0.0,0.0));
#6865=DIRECTION('',(1.0,0.0,0.0));
#6866=DIRECTION('',(1.0,0.0,0.0));
#6867=DIRECTION('',(1.0,0.0,0.0));
#6868=DIRECTION('',(1.0,0.0,0.0));
#6869=DIRECTION('',(1.0,0.0,0.0));
#6870=DIRECTION('',(1.0,0.0,0.0));
#6871=DIRECTION('',(1.0,0.0,0.0));
#6872=DIRECTION('',(1.0,0.0,0.0));
#6873=DIRECTION('',(0.0,-0.707106781186547,-0.707106781186547));
#6874=CARTESIAN_POINT('',(-1.375,0.03,-0.3902943725152));
#6875=DIRECTION('',(1.0,0.0,0.0));
#6876=DIRECTION('',(0.0,-0.707106781186548,0.707106781186548));
#6877=DIRECTION('',(0.0,0.0,-1.0));
#6878=CARTESIAN_POINT('',(-1.375,0.03,-0.565));
#6879=DIRECTION('',(1.0,0.0,0.0));
#6880=DIRECTION('',(0.0,-1.0,0.0));
#6881=DIRECTION('',(0.0,1.0,0.0));
#6882=CARTESIAN_POINT('',(-1.375,0.14,-0.45));
#6883=DIRECTION('',(1.0,0.0,0.0));
#6884=DIRECTION('',(0.0,-0.117647058823501,0.993055471537305));
#6885=CARTESIAN_POINT('',(-1.375,0.03,0.565));
#6886=DIRECTION('',(1.0,0.0,-0.0));
#6887=DIRECTION('',(0.0,0.0,1.0));
#6888=DIRECTION('',(0.0,0.0,-1.0));
#6889=CARTESIAN_POINT('',(-1.375,0.03,0.3902943725152));
#6890=DIRECTION('',(1.0,0.0,0.0));
#6891=DIRECTION('',(0.0,-1.0,0.0));
#6892=DIRECTION('',(0.0,0.707106781186547,-0.707106781186547));
#6893=CARTESIAN_POINT('',(-1.375,0.14,0.45));
#6894=DIRECTION('',(1.0,0.0,0.0));
#6895=DIRECTION('',(0.0,-0.707106781186547,-0.707106781186547));
#6896=DIRECTION('',(0.0,-1.0,0.0));
#6897=CARTESIAN_POINT('',(-1.475,0.14,-0.45));
#6898=DIRECTION('',(1.0,0.0,0.0));
#6899=DIRECTION('',(0.0,-0.117647058823501,0.993055471537305));
#6900=DIRECTION('',(-1.0,0.0,0.0));
#6901=DIRECTION('',(0.0,-0.707106781186547,-0.707106781186547));
#6902=DIRECTION('',(-1.0,0.0,0.0));
#6903=CARTESIAN_POINT('',(-1.475,0.03,-0.3902943725152));
#6904=DIRECTION('',(1.0,0.0,0.0));
#6905=DIRECTION('',(0.0,-0.707106781186548,0.707106781186548));
#6906=DIRECTION('',(-1.0,0.0,0.0));
#6907=DIRECTION('',(0.0,0.0,-1.0));
#6908=DIRECTION('',(-1.0,0.0,0.0));
#6909=CARTESIAN_POINT('',(-1.475,0.03,-0.565));
#6910=DIRECTION('',(1.0,0.0,0.0));
#6911=DIRECTION('',(0.0,-1.0,0.0));
#6912=DIRECTION('',(-1.0,0.0,0.0));
#6913=DIRECTION('',(0.0,1.0,0.0));
#6914=CARTESIAN_POINT('',(-1.475,0.14,0.45));
#6915=DIRECTION('',(1.0,0.0,0.0));
#6916=DIRECTION('',(0.0,-0.707106781186547,-0.707106781186547));
#6917=DIRECTION('',(0.0,0.707106781186547,-0.707106781186547));
#6918=CARTESIAN_POINT('',(-1.475,0.03,0.3902943725152));
#6919=DIRECTION('',(1.0,0.0,0.0));
#6920=DIRECTION('',(0.0,-1.0,0.0));
#6921=DIRECTION('',(0.0,0.0,-1.0));
#6922=CARTESIAN_POINT('',(-1.475,0.03,0.565));
#6923=DIRECTION('',(1.0,0.0,-0.0));
#6924=DIRECTION('',(0.0,0.0,1.0));
#6925=DIRECTION('',(0.0,-1.0,0.0));
#6926=DIRECTION('',(-1.0,0.0,0.0));
#6927=DIRECTION('',(-1.0,0.0,0.0));
#6928=DIRECTION('',(-1.0,0.0,0.0));
#6929=DIRECTION('',(-1.0,0.0,0.0));
#6930=DIRECTION('',(-1.0,0.0,0.0));
ENDSEC;
END-ISO-10303-21;
